training_seed,base_scenario_id,layout,phase,task,simulator_seed,initial_state_key,fixed_object_point_identity_key,occlusion_start_step,control_hz,nominal_hidden_fraction,occlusion_phase,occlusion_target,occluder_type,mask_schedule_key,split,branch,oracle,occlusion_duration_steps,occlusion_duration_seconds
0,v1r_vis_s0_l1_pregrasp_static_00,1,pregrasp_static,bowl_on_plate,525930267,v1r_vis_s0_l1_pregrasp_static_00_state,v1r_vis_s0_l1_pregrasp_static_00_points128,25,20,0.6,pregrasp_static,primary_task_object,precomputed_reference_mask_sequence,mask_0_1_pregrasp_static_00,test,E00_CLEAN,False,0,0.0
0,v1r_vis_s0_l1_pregrasp_static_00,1,pregrasp_static,bowl_on_plate,525930267,v1r_vis_s0_l1_pregrasp_static_00_state,v1r_vis_s0_l1_pregrasp_static_00_points128,25,20,0.6,pregrasp_static,primary_task_object,precomputed_reference_mask_sequence,mask_0_1_pregrasp_static_00,test,E10,False,5,0.25
0,v1r_vis_s0_l1_pregrasp_static_00,1,pregrasp_static,bowl_on_plate,525930267,v1r_vis_s0_l1_pregrasp_static_00_state,v1r_vis_s0_l1_pregrasp_static_00_points128,25,20,0.6,pregrasp_static,primary_task_object,precomputed_reference_mask_sequence,mask_0_1_pregrasp_static_00,test,E10_ORACLE_HIDDEN_GT,True,5,0.25
0,v1r_vis_s0_l1_pregrasp_static_00,1,pregrasp_static,bowl_on_plate,525930267,v1r_vis_s0_l1_pregrasp_static_00_state,v1r_vis_s0_l1_pregrasp_static_00_points128,25,20,0.6,pregrasp_static,primary_task_object,precomputed_reference_mask_sequence,mask_0_1_pregrasp_static_00,test,E10,False,10,0.5
0,v1r_vis_s0_l1_pregrasp_static_00,1,pregrasp_static,bowl_on_plate,525930267,v1r_vis_s0_l1_pregrasp_static_00_state,v1r_vis_s0_l1_pregrasp_static_00_points128,25,20,0.6,pregrasp_static,primary_task_object,precomputed_reference_mask_sequence,mask_0_1_pregrasp_static_00,test,E10_ORACLE_HIDDEN_GT,True,10,0.5
0,v1r_vis_s0_l1_pregrasp_static_00,1,pregrasp_static,bowl_on_plate,525930267,v1r_vis_s0_l1_pregrasp_static_00_state,v1r_vis_s0_l1_pregrasp_static_00_points128,25,20,0.6,pregrasp_static,primary_task_object,precomputed_reference_mask_sequence,mask_0_1_pregrasp_static_00,test,E10,False,20,1.0
0,v1r_vis_s0_l1_pregrasp_static_00,1,pregrasp_static,bowl_on_plate,525930267,v1r_vis_s0_l1_pregrasp_static_00_state,v1r_vis_s0_l1_pregrasp_static_00_points128,25,20,0.6,pregrasp_static,primary_task_object,precomputed_reference_mask_sequence,mask_0_1_pregrasp_static_00,test,E10_ORACLE_HIDDEN_GT,True,20,1.0
0,v1r_vis_s0_l1_pregrasp_static_01,1,pregrasp_static,bowl_on_plate,1060189793,v1r_vis_s0_l1_pregrasp_static_01_state,v1r_vis_s0_l1_pregrasp_static_01_points128,30,20,0.6,pregrasp_static,primary_task_object,precomputed_reference_mask_sequence,mask_0_1_pregrasp_static_01,test,E00_CLEAN,False,0,0.0
0,v1r_vis_s0_l1_pregrasp_static_01,1,pregrasp_static,bowl_on_plate,1060189793,v1r_vis_s0_l1_pregrasp_static_01_state,v1r_vis_s0_l1_pregrasp_static_01_points128,30,20,0.6,pregrasp_static,primary_task_object,precomputed_reference_mask_sequence,mask_0_1_pregrasp_static_01,test,E10,False,5,0.25
0,v1r_vis_s0_l1_pregrasp_static_01,1,pregrasp_static,bowl_on_plate,1060189793,v1r_vis_s0_l1_pregrasp_static_01_state,v1r_vis_s0_l1_pregrasp_static_01_points128,30,20,0.6,pregrasp_static,primary_task_object,precomputed_reference_mask_sequence,mask_0_1_pregrasp_static_01,test,E10_ORACLE_HIDDEN_GT,True,5,0.25
0,v1r_vis_s0_l1_pregrasp_static_01,1,pregrasp_static,bowl_on_plate,1060189793,v1r_vis_s0_l1_pregrasp_static_01_state,v1r_vis_s0_l1_pregrasp_static_01_points128,30,20,0.6,pregrasp_static,primary_task_object,precomputed_reference_mask_sequence,mask_0_1_pregrasp_static_01,test,E10,False,10,0.5
0,v1r_vis_s0_l1_pregrasp_static_01,1,pregrasp_static,bowl_on_plate,1060189793,v1r_vis_s0_l1_pregrasp_static_01_state,v1r_vis_s0_l1_pregrasp_static_01_points128,30,20,0.6,pregrasp_static,primary_task_object,precomputed_reference_mask_sequence,mask_0_1_pregrasp_static_01,test,E10_ORACLE_HIDDEN_GT,True,10,0.5
0,v1r_vis_s0_l1_pregrasp_static_01,1,pregrasp_static,bowl_on_plate,1060189793,v1r_vis_s0_l1_pregrasp_static_01_state,v1r_vis_s0_l1_pregrasp_static_01_points128,30,20,0.6,pregrasp_static,primary_task_object,precomputed_reference_mask_sequence,mask_0_1_pregrasp_static_01,test,E10,False,20,1.0
0,v1r_vis_s0_l1_pregrasp_static_01,1,pregrasp_static,bowl_on_plate,1060189793,v1r_vis_s0_l1_pregrasp_static_01_state,v1r_vis_s0_l1_pregrasp_static_01_points128,30,20,0.6,pregrasp_static,primary_task_object,precomputed_reference_mask_sequence,mask_0_1_pregrasp_static_01,test,E10_ORACLE_HIDDEN_GT,True,20,1.0
0,v1r_vis_s0_l1_pregrasp_static_02,1,pregrasp_static,bowl_on_plate,432877164,v1r_vis_s0_l1_pregrasp_static_02_state,v1r_vis_s0_l1_pregrasp_static_02_points128,35,20,0.6,pregrasp_static,primary_task_object,precomputed_reference_mask_sequence,mask_0_1_pregrasp_static_02,test,E00_CLEAN,False,0,0.0
0,v1r_vis_s0_l1_pregrasp_static_02,1,pregrasp_static,bowl_on_plate,432877164,v1r_vis_s0_l1_pregrasp_static_02_state,v1r_vis_s0_l1_pregrasp_static_02_points128,35,20,0.6,pregrasp_static,primary_task_object,precomputed_reference_mask_sequence,mask_0_1_pregrasp_static_02,test,E10,False,5,0.25
0,v1r_vis_s0_l1_pregrasp_static_02,1,pregrasp_static,bowl_on_plate,432877164,v1r_vis_s0_l1_pregrasp_static_02_state,v1r_vis_s0_l1_pregrasp_static_02_points128,35,20,0.6,pregrasp_static,primary_task_object,precomputed_reference_mask_sequence,mask_0_1_pregrasp_static_02,test,E10_ORACLE_HIDDEN_GT,True,5,0.25
0,v1r_vis_s0_l1_pregrasp_static_02,1,pregrasp_static,bowl_on_plate,432877164,v1r_vis_s0_l1_pregrasp_static_02_state,v1r_vis_s0_l1_pregrasp_static_02_points128,35,20,0.6,pregrasp_static,primary_task_object,precomputed_reference_mask_sequence,mask_0_1_pregrasp_static_02,test,E10,False,10,0.5
0,v1r_vis_s0_l1_pregrasp_static_02,1,pregrasp_static,bowl_on_plate,432877164,v1r_vis_s0_l1_pregrasp_static_02_state,v1r_vis_s0_l1_pregrasp_static_02_points128,35,20,0.6,pregrasp_static,primary_task_object,precomputed_reference_mask_sequence,mask_0_1_pregrasp_static_02,test,E10_ORACLE_HIDDEN_GT,True,10,0.5
0,v1r_vis_s0_l1_pregrasp_static_02,1,pregrasp_static,bowl_on_plate,432877164,v1r_vis_s0_l1_pregrasp_static_02_state,v1r_vis_s0_l1_pregrasp_static_02_points128,35,20,0.6,pregrasp_static,primary_task_object,precomputed_reference_mask_sequence,mask_0_1_pregrasp_static_02,test,E10,False,20,1.0
0,v1r_vis_s0_l1_pregrasp_static_02,1,pregrasp_static,bowl_on_plate,432877164,v1r_vis_s0_l1_pregrasp_static_02_state,v1r_vis_s0_l1_pregrasp_static_02_points128,35,20,0.6,pregrasp_static,primary_task_object,precomputed_reference_mask_sequence,mask_0_1_pregrasp_static_02,test,E10_ORACLE_HIDDEN_GT,True,20,1.0
0,v1r_vis_s0_l1_pregrasp_static_03,1,pregrasp_static,bowl_on_plate,2440496363,v1r_vis_s0_l1_pregrasp_static_03_state,v1r_vis_s0_l1_pregrasp_static_03_points128,20,20,0.6,pregrasp_static,primary_task_object,precomputed_reference_mask_sequence,mask_0_1_pregrasp_static_03,test,E00_CLEAN,False,0,0.0
0,v1r_vis_s0_l1_pregrasp_static_03,1,pregrasp_static,bowl_on_plate,2440496363,v1r_vis_s0_l1_pregrasp_static_03_state,v1r_vis_s0_l1_pregrasp_static_03_points128,20,20,0.6,pregrasp_static,primary_task_object,precomputed_reference_mask_sequence,mask_0_1_pregrasp_static_03,test,E10,False,5,0.25
0,v1r_vis_s0_l1_pregrasp_static_03,1,pregrasp_static,bowl_on_plate,2440496363,v1r_vis_s0_l1_pregrasp_static_03_state,v1r_vis_s0_l1_pregrasp_static_03_points128,20,20,0.6,pregrasp_static,primary_task_object,precomputed_reference_mask_sequence,mask_0_1_pregrasp_static_03,test,E10_ORACLE_HIDDEN_GT,True,5,0.25
0,v1r_vis_s0_l1_pregrasp_static_03,1,pregrasp_static,bowl_on_plate,2440496363,v1r_vis_s0_l1_pregrasp_static_03_state,v1r_vis_s0_l1_pregrasp_static_03_points128,20,20,0.6,pregrasp_static,primary_task_object,precomputed_reference_mask_sequence,mask_0_1_pregrasp_static_03,test,E10,False,10,0.5
0,v1r_vis_s0_l1_pregrasp_static_03,1,pregrasp_static,bowl_on_plate,2440496363,v1r_vis_s0_l1_pregrasp_static_03_state,v1r_vis_s0_l1_pregrasp_static_03_points128,20,20,0.6,pregrasp_static,primary_task_object,precomputed_reference_mask_sequence,mask_0_1_pregrasp_static_03,test,E10_ORACLE_HIDDEN_GT,True,10,0.5
0,v1r_vis_s0_l1_pregrasp_static_03,1,pregrasp_static,bowl_on_plate,2440496363,v1r_vis_s0_l1_pregrasp_static_03_state,v1r_vis_s0_l1_pregrasp_static_03_points128,20,20,0.6,pregrasp_static,primary_task_object,precomputed_reference_mask_sequence,mask_0_1_pregrasp_static_03,test,E10,False,20,1.0
0,v1r_vis_s0_l1_pregrasp_static_03,1,pregrasp_static,bowl_on_plate,2440496363,v1r_vis_s0_l1_pregrasp_static_03_state,v1r_vis_s0_l1_pregrasp_static_03_points128,20,20,0.6,pregrasp_static,primary_task_object,precomputed_reference_mask_sequence,mask_0_1_pregrasp_static_03,test,E10_ORACLE_HIDDEN_GT,True,20,1.0
0,v1r_vis_s0_l1_pregrasp_static_04,1,pregrasp_static,bowl_on_plate,4246906766,v1r_vis_s0_l1_pregrasp_static_04_state,v1r_vis_s0_l1_pregrasp_static_04_points128,25,20,0.6,pregrasp_static,primary_task_object,precomputed_reference_mask_sequence,mask_0_1_pregrasp_static_04,test,E00_CLEAN,False,0,0.0
0,v1r_vis_s0_l1_pregrasp_static_04,1,pregrasp_static,bowl_on_plate,4246906766,v1r_vis_s0_l1_pregrasp_static_04_state,v1r_vis_s0_l1_pregrasp_static_04_points128,25,20,0.6,pregrasp_static,primary_task_object,precomputed_reference_mask_sequence,mask_0_1_pregrasp_static_04,test,E10,False,5,0.25
0,v1r_vis_s0_l1_pregrasp_static_04,1,pregrasp_static,bowl_on_plate,4246906766,v1r_vis_s0_l1_pregrasp_static_04_state,v1r_vis_s0_l1_pregrasp_static_04_points128,25,20,0.6,pregrasp_static,primary_task_object,precomputed_reference_mask_sequence,mask_0_1_pregrasp_static_04,test,E10_ORACLE_HIDDEN_GT,True,5,0.25
0,v1r_vis_s0_l1_pregrasp_static_04,1,pregrasp_static,bowl_on_plate,4246906766,v1r_vis_s0_l1_pregrasp_static_04_state,v1r_vis_s0_l1_pregrasp_static_04_points128,25,20,0.6,pregrasp_static,primary_task_object,precomputed_reference_mask_sequence,mask_0_1_pregrasp_static_04,test,E10,False,10,0.5
0,v1r_vis_s0_l1_pregrasp_static_04,1,pregrasp_static,bowl_on_plate,4246906766,v1r_vis_s0_l1_pregrasp_static_04_state,v1r_vis_s0_l1_pregrasp_static_04_points128,25,20,0.6,pregrasp_static,primary_task_object,precomputed_reference_mask_sequence,mask_0_1_pregrasp_static_04,test,E10_ORACLE_HIDDEN_GT,True,10,0.5
0,v1r_vis_s0_l1_pregrasp_static_04,1,pregrasp_static,bowl_on_plate,4246906766,v1r_vis_s0_l1_pregrasp_static_04_state,v1r_vis_s0_l1_pregrasp_static_04_points128,25,20,0.6,pregrasp_static,primary_task_object,precomputed_reference_mask_sequence,mask_0_1_pregrasp_static_04,test,E10,False,20,1.0
0,v1r_vis_s0_l1_pregrasp_static_04,1,pregrasp_static,bowl_on_plate,4246906766,v1r_vis_s0_l1_pregrasp_static_04_state,v1r_vis_s0_l1_pregrasp_static_04_points128,25,20,0.6,pregrasp_static,primary_task_object,precomputed_reference_mask_sequence,mask_0_1_pregrasp_static_04,test,E10_ORACLE_HIDDEN_GT,True,20,1.0
0,v1r_vis_s0_l1_pregrasp_static_05,1,pregrasp_static,bowl_on_plate,2840502609,v1r_vis_s0_l1_pregrasp_static_05_state,v1r_vis_s0_l1_pregrasp_static_05_points128,30,20,0.6,pregrasp_static,primary_task_object,precomputed_reference_mask_sequence,mask_0_1_pregrasp_static_05,test,E00_CLEAN,False,0,0.0
0,v1r_vis_s0_l1_pregrasp_static_05,1,pregrasp_static,bowl_on_plate,2840502609,v1r_vis_s0_l1_pregrasp_static_05_state,v1r_vis_s0_l1_pregrasp_static_05_points128,30,20,0.6,pregrasp_static,primary_task_object,precomputed_reference_mask_sequence,mask_0_1_pregrasp_static_05,test,E10,False,5,0.25
0,v1r_vis_s0_l1_pregrasp_static_05,1,pregrasp_static,bowl_on_plate,2840502609,v1r_vis_s0_l1_pregrasp_static_05_state,v1r_vis_s0_l1_pregrasp_static_05_points128,30,20,0.6,pregrasp_static,primary_task_object,precomputed_reference_mask_sequence,mask_0_1_pregrasp_static_05,test,E10_ORACLE_HIDDEN_GT,True,5,0.25
0,v1r_vis_s0_l1_pregrasp_static_05,1,pregrasp_static,bowl_on_plate,2840502609,v1r_vis_s0_l1_pregrasp_static_05_state,v1r_vis_s0_l1_pregrasp_static_05_points128,30,20,0.6,pregrasp_static,primary_task_object,precomputed_reference_mask_sequence,mask_0_1_pregrasp_static_05,test,E10,False,10,0.5
0,v1r_vis_s0_l1_pregrasp_static_05,1,pregrasp_static,bowl_on_plate,2840502609,v1r_vis_s0_l1_pregrasp_static_05_state,v1r_vis_s0_l1_pregrasp_static_05_points128,30,20,0.6,pregrasp_static,primary_task_object,precomputed_reference_mask_sequence,mask_0_1_pregrasp_static_05,test,E10_ORACLE_HIDDEN_GT,True,10,0.5
0,v1r_vis_s0_l1_pregrasp_static_05,1,pregrasp_static,bowl_on_plate,2840502609,v1r_vis_s0_l1_pregrasp_static_05_state,v1r_vis_s0_l1_pregrasp_static_05_points128,30,20,0.6,pregrasp_static,primary_task_object,precomputed_reference_mask_sequence,mask_0_1_pregrasp_static_05,test,E10,False,20,1.0
0,v1r_vis_s0_l1_pregrasp_static_05,1,pregrasp_static,bowl_on_plate,2840502609,v1r_vis_s0_l1_pregrasp_static_05_state,v1r_vis_s0_l1_pregrasp_static_05_points128,30,20,0.6,pregrasp_static,primary_task_object,precomputed_reference_mask_sequence,mask_0_1_pregrasp_static_05,test,E10_ORACLE_HIDDEN_GT,True,20,1.0
0,v1r_vis_s0_l1_pregrasp_static_06,1,pregrasp_static,bowl_on_plate,2985443753,v1r_vis_s0_l1_pregrasp_static_06_state,v1r_vis_s0_l1_pregrasp_static_06_points128,35,20,0.6,pregrasp_static,primary_task_object,precomputed_reference_mask_sequence,mask_0_1_pregrasp_static_06,test,E00_CLEAN,False,0,0.0
0,v1r_vis_s0_l1_pregrasp_static_06,1,pregrasp_static,bowl_on_plate,2985443753,v1r_vis_s0_l1_pregrasp_static_06_state,v1r_vis_s0_l1_pregrasp_static_06_points128,35,20,0.6,pregrasp_static,primary_task_object,precomputed_reference_mask_sequence,mask_0_1_pregrasp_static_06,test,E10,False,5,0.25
0,v1r_vis_s0_l1_pregrasp_static_06,1,pregrasp_static,bowl_on_plate,2985443753,v1r_vis_s0_l1_pregrasp_static_06_state,v1r_vis_s0_l1_pregrasp_static_06_points128,35,20,0.6,pregrasp_static,primary_task_object,precomputed_reference_mask_sequence,mask_0_1_pregrasp_static_06,test,E10_ORACLE_HIDDEN_GT,True,5,0.25
0,v1r_vis_s0_l1_pregrasp_static_06,1,pregrasp_static,bowl_on_plate,2985443753,v1r_vis_s0_l1_pregrasp_static_06_state,v1r_vis_s0_l1_pregrasp_static_06_points128,35,20,0.6,pregrasp_static,primary_task_object,precomputed_reference_mask_sequence,mask_0_1_pregrasp_static_06,test,E10,False,10,0.5
0,v1r_vis_s0_l1_pregrasp_static_06,1,pregrasp_static,bowl_on_plate,2985443753,v1r_vis_s0_l1_pregrasp_static_06_state,v1r_vis_s0_l1_pregrasp_static_06_points128,35,20,0.6,pregrasp_static,primary_task_object,precomputed_reference_mask_sequence,mask_0_1_pregrasp_static_06,test,E10_ORACLE_HIDDEN_GT,True,10,0.5
0,v1r_vis_s0_l1_pregrasp_static_06,1,pregrasp_static,bowl_on_plate,2985443753,v1r_vis_s0_l1_pregrasp_static_06_state,v1r_vis_s0_l1_pregrasp_static_06_points128,35,20,0.6,pregrasp_static,primary_task_object,precomputed_reference_mask_sequence,mask_0_1_pregrasp_static_06,test,E10,False,20,1.0
0,v1r_vis_s0_l1_pregrasp_static_06,1,pregrasp_static,bowl_on_plate,2985443753,v1r_vis_s0_l1_pregrasp_static_06_state,v1r_vis_s0_l1_pregrasp_static_06_points128,35,20,0.6,pregrasp_static,primary_task_object,precomputed_reference_mask_sequence,mask_0_1_pregrasp_static_06,test,E10_ORACLE_HIDDEN_GT,True,20,1.0
0,v1r_vis_s0_l1_pregrasp_static_07,1,pregrasp_static,bowl_on_plate,3610461743,v1r_vis_s0_l1_pregrasp_static_07_state,v1r_vis_s0_l1_pregrasp_static_07_points128,20,20,0.6,pregrasp_static,primary_task_object,precomputed_reference_mask_sequence,mask_0_1_pregrasp_static_07,test,E00_CLEAN,False,0,0.0
0,v1r_vis_s0_l1_pregrasp_static_07,1,pregrasp_static,bowl_on_plate,3610461743,v1r_vis_s0_l1_pregrasp_static_07_state,v1r_vis_s0_l1_pregrasp_static_07_points128,20,20,0.6,pregrasp_static,primary_task_object,precomputed_reference_mask_sequence,mask_0_1_pregrasp_static_07,test,E10,False,5,0.25
0,v1r_vis_s0_l1_pregrasp_static_07,1,pregrasp_static,bowl_on_plate,3610461743,v1r_vis_s0_l1_pregrasp_static_07_state,v1r_vis_s0_l1_pregrasp_static_07_points128,20,20,0.6,pregrasp_static,primary_task_object,precomputed_reference_mask_sequence,mask_0_1_pregrasp_static_07,test,E10_ORACLE_HIDDEN_GT,True,5,0.25
0,v1r_vis_s0_l1_pregrasp_static_07,1,pregrasp_static,bowl_on_plate,3610461743,v1r_vis_s0_l1_pregrasp_static_07_state,v1r_vis_s0_l1_pregrasp_static_07_points128,20,20,0.6,pregrasp_static,primary_task_object,precomputed_reference_mask_sequence,mask_0_1_pregrasp_static_07,test,E10,False,10,0.5
0,v1r_vis_s0_l1_pregrasp_static_07,1,pregrasp_static,bowl_on_plate,3610461743,v1r_vis_s0_l1_pregrasp_static_07_state,v1r_vis_s0_l1_pregrasp_static_07_points128,20,20,0.6,pregrasp_static,primary_task_object,precomputed_reference_mask_sequence,mask_0_1_pregrasp_static_07,test,E10_ORACLE_HIDDEN_GT,True,10,0.5
0,v1r_vis_s0_l1_pregrasp_static_07,1,pregrasp_static,bowl_on_plate,3610461743,v1r_vis_s0_l1_pregrasp_static_07_state,v1r_vis_s0_l1_pregrasp_static_07_points128,20,20,0.6,pregrasp_static,primary_task_object,precomputed_reference_mask_sequence,mask_0_1_pregrasp_static_07,test,E10,False,20,1.0
0,v1r_vis_s0_l1_pregrasp_static_07,1,pregrasp_static,bowl_on_plate,3610461743,v1r_vis_s0_l1_pregrasp_static_07_state,v1r_vis_s0_l1_pregrasp_static_07_points128,20,20,0.6,pregrasp_static,primary_task_object,precomputed_reference_mask_sequence,mask_0_1_pregrasp_static_07,test,E10_ORACLE_HIDDEN_GT,True,20,1.0
0,v1r_vis_s0_l1_pregrasp_static_08,1,pregrasp_static,bowl_on_plate,519036843,v1r_vis_s0_l1_pregrasp_static_08_state,v1r_vis_s0_l1_pregrasp_static_08_points128,25,20,0.6,pregrasp_static,primary_task_object,precomputed_reference_mask_sequence,mask_0_1_pregrasp_static_08,test,E00_CLEAN,False,0,0.0
0,v1r_vis_s0_l1_pregrasp_static_08,1,pregrasp_static,bowl_on_plate,519036843,v1r_vis_s0_l1_pregrasp_static_08_state,v1r_vis_s0_l1_pregrasp_static_08_points128,25,20,0.6,pregrasp_static,primary_task_object,precomputed_reference_mask_sequence,mask_0_1_pregrasp_static_08,test,E10,False,5,0.25
0,v1r_vis_s0_l1_pregrasp_static_08,1,pregrasp_static,bowl_on_plate,519036843,v1r_vis_s0_l1_pregrasp_static_08_state,v1r_vis_s0_l1_pregrasp_static_08_points128,25,20,0.6,pregrasp_static,primary_task_object,precomputed_reference_mask_sequence,mask_0_1_pregrasp_static_08,test,E10_ORACLE_HIDDEN_GT,True,5,0.25
0,v1r_vis_s0_l1_pregrasp_static_08,1,pregrasp_static,bowl_on_plate,519036843,v1r_vis_s0_l1_pregrasp_static_08_state,v1r_vis_s0_l1_pregrasp_static_08_points128,25,20,0.6,pregrasp_static,primary_task_object,precomputed_reference_mask_sequence,mask_0_1_pregrasp_static_08,test,E10,False,10,0.5
0,v1r_vis_s0_l1_pregrasp_static_08,1,pregrasp_static,bowl_on_plate,519036843,v1r_vis_s0_l1_pregrasp_static_08_state,v1r_vis_s0_l1_pregrasp_static_08_points128,25,20,0.6,pregrasp_static,primary_task_object,precomputed_reference_mask_sequence,mask_0_1_pregrasp_static_08,test,E10_ORACLE_HIDDEN_GT,True,10,0.5
0,v1r_vis_s0_l1_pregrasp_static_08,1,pregrasp_static,bowl_on_plate,519036843,v1r_vis_s0_l1_pregrasp_static_08_state,v1r_vis_s0_l1_pregrasp_static_08_points128,25,20,0.6,pregrasp_static,primary_task_object,precomputed_reference_mask_sequence,mask_0_1_pregrasp_static_08,test,E10,False,20,1.0
0,v1r_vis_s0_l1_pregrasp_static_08,1,pregrasp_static,bowl_on_plate,519036843,v1r_vis_s0_l1_pregrasp_static_08_state,v1r_vis_s0_l1_pregrasp_static_08_points128,25,20,0.6,pregrasp_static,primary_task_object,precomputed_reference_mask_sequence,mask_0_1_pregrasp_static_08,test,E10_ORACLE_HIDDEN_GT,True,20,1.0
0,v1r_vis_s0_l1_pregrasp_static_09,1,pregrasp_static,bowl_on_plate,843753519,v1r_vis_s0_l1_pregrasp_static_09_state,v1r_vis_s0_l1_pregrasp_static_09_points128,30,20,0.6,pregrasp_static,primary_task_object,precomputed_reference_mask_sequence,mask_0_1_pregrasp_static_09,test,E00_CLEAN,False,0,0.0
0,v1r_vis_s0_l1_pregrasp_static_09,1,pregrasp_static,bowl_on_plate,843753519,v1r_vis_s0_l1_pregrasp_static_09_state,v1r_vis_s0_l1_pregrasp_static_09_points128,30,20,0.6,pregrasp_static,primary_task_object,precomputed_reference_mask_sequence,mask_0_1_pregrasp_static_09,test,E10,False,5,0.25
0,v1r_vis_s0_l1_pregrasp_static_09,1,pregrasp_static,bowl_on_plate,843753519,v1r_vis_s0_l1_pregrasp_static_09_state,v1r_vis_s0_l1_pregrasp_static_09_points128,30,20,0.6,pregrasp_static,primary_task_object,precomputed_reference_mask_sequence,mask_0_1_pregrasp_static_09,test,E10_ORACLE_HIDDEN_GT,True,5,0.25
0,v1r_vis_s0_l1_pregrasp_static_09,1,pregrasp_static,bowl_on_plate,843753519,v1r_vis_s0_l1_pregrasp_static_09_state,v1r_vis_s0_l1_pregrasp_static_09_points128,30,20,0.6,pregrasp_static,primary_task_object,precomputed_reference_mask_sequence,mask_0_1_pregrasp_static_09,test,E10,False,10,0.5
0,v1r_vis_s0_l1_pregrasp_static_09,1,pregrasp_static,bowl_on_plate,843753519,v1r_vis_s0_l1_pregrasp_static_09_state,v1r_vis_s0_l1_pregrasp_static_09_points128,30,20,0.6,pregrasp_static,primary_task_object,precomputed_reference_mask_sequence,mask_0_1_pregrasp_static_09,test,E10_ORACLE_HIDDEN_GT,True,10,0.5
0,v1r_vis_s0_l1_pregrasp_static_09,1,pregrasp_static,bowl_on_plate,843753519,v1r_vis_s0_l1_pregrasp_static_09_state,v1r_vis_s0_l1_pregrasp_static_09_points128,30,20,0.6,pregrasp_static,primary_task_object,precomputed_reference_mask_sequence,mask_0_1_pregrasp_static_09,test,E10,False,20,1.0
0,v1r_vis_s0_l1_pregrasp_static_09,1,pregrasp_static,bowl_on_plate,843753519,v1r_vis_s0_l1_pregrasp_static_09_state,v1r_vis_s0_l1_pregrasp_static_09_points128,30,20,0.6,pregrasp_static,primary_task_object,precomputed_reference_mask_sequence,mask_0_1_pregrasp_static_09,test,E10_ORACLE_HIDDEN_GT,True,20,1.0
0,v1r_vis_s0_l1_transport_moving_00,1,transport_moving,bowl_on_plate,3436960189,v1r_vis_s0_l1_transport_moving_00_state,v1r_vis_s0_l1_transport_moving_00_points128,30,20,0.6,transport_moving,primary_task_object,precomputed_reference_mask_sequence,mask_0_1_transport_moving_00,test,E00_CLEAN,False,0,0.0
0,v1r_vis_s0_l1_transport_moving_00,1,transport_moving,bowl_on_plate,3436960189,v1r_vis_s0_l1_transport_moving_00_state,v1r_vis_s0_l1_transport_moving_00_points128,30,20,0.6,transport_moving,primary_task_object,precomputed_reference_mask_sequence,mask_0_1_transport_moving_00,test,E10,False,5,0.25
0,v1r_vis_s0_l1_transport_moving_00,1,transport_moving,bowl_on_plate,3436960189,v1r_vis_s0_l1_transport_moving_00_state,v1r_vis_s0_l1_transport_moving_00_points128,30,20,0.6,transport_moving,primary_task_object,precomputed_reference_mask_sequence,mask_0_1_transport_moving_00,test,E10_ORACLE_HIDDEN_GT,True,5,0.25
0,v1r_vis_s0_l1_transport_moving_00,1,transport_moving,bowl_on_plate,3436960189,v1r_vis_s0_l1_transport_moving_00_state,v1r_vis_s0_l1_transport_moving_00_points128,30,20,0.6,transport_moving,primary_task_object,precomputed_reference_mask_sequence,mask_0_1_transport_moving_00,test,E10,False,10,0.5
0,v1r_vis_s0_l1_transport_moving_00,1,transport_moving,bowl_on_plate,3436960189,v1r_vis_s0_l1_transport_moving_00_state,v1r_vis_s0_l1_transport_moving_00_points128,30,20,0.6,transport_moving,primary_task_object,precomputed_reference_mask_sequence,mask_0_1_transport_moving_00,test,E10_ORACLE_HIDDEN_GT,True,10,0.5
0,v1r_vis_s0_l1_transport_moving_00,1,transport_moving,bowl_on_plate,3436960189,v1r_vis_s0_l1_transport_moving_00_state,v1r_vis_s0_l1_transport_moving_00_points128,30,20,0.6,transport_moving,primary_task_object,precomputed_reference_mask_sequence,mask_0_1_transport_moving_00,test,E10,False,20,1.0
0,v1r_vis_s0_l1_transport_moving_00,1,transport_moving,bowl_on_plate,3436960189,v1r_vis_s0_l1_transport_moving_00_state,v1r_vis_s0_l1_transport_moving_00_points128,30,20,0.6,transport_moving,primary_task_object,precomputed_reference_mask_sequence,mask_0_1_transport_moving_00,test,E10_ORACLE_HIDDEN_GT,True,20,1.0
0,v1r_vis_s0_l1_transport_moving_01,1,transport_moving,bowl_on_plate,500586968,v1r_vis_s0_l1_transport_moving_01_state,v1r_vis_s0_l1_transport_moving_01_points128,35,20,0.6,transport_moving,primary_task_object,precomputed_reference_mask_sequence,mask_0_1_transport_moving_01,test,E00_CLEAN,False,0,0.0
0,v1r_vis_s0_l1_transport_moving_01,1,transport_moving,bowl_on_plate,500586968,v1r_vis_s0_l1_transport_moving_01_state,v1r_vis_s0_l1_transport_moving_01_points128,35,20,0.6,transport_moving,primary_task_object,precomputed_reference_mask_sequence,mask_0_1_transport_moving_01,test,E10,False,5,0.25
0,v1r_vis_s0_l1_transport_moving_01,1,transport_moving,bowl_on_plate,500586968,v1r_vis_s0_l1_transport_moving_01_state,v1r_vis_s0_l1_transport_moving_01_points128,35,20,0.6,transport_moving,primary_task_object,precomputed_reference_mask_sequence,mask_0_1_transport_moving_01,test,E10_ORACLE_HIDDEN_GT,True,5,0.25
0,v1r_vis_s0_l1_transport_moving_01,1,transport_moving,bowl_on_plate,500586968,v1r_vis_s0_l1_transport_moving_01_state,v1r_vis_s0_l1_transport_moving_01_points128,35,20,0.6,transport_moving,primary_task_object,precomputed_reference_mask_sequence,mask_0_1_transport_moving_01,test,E10,False,10,0.5
0,v1r_vis_s0_l1_transport_moving_01,1,transport_moving,bowl_on_plate,500586968,v1r_vis_s0_l1_transport_moving_01_state,v1r_vis_s0_l1_transport_moving_01_points128,35,20,0.6,transport_moving,primary_task_object,precomputed_reference_mask_sequence,mask_0_1_transport_moving_01,test,E10_ORACLE_HIDDEN_GT,True,10,0.5
0,v1r_vis_s0_l1_transport_moving_01,1,transport_moving,bowl_on_plate,500586968,v1r_vis_s0_l1_transport_moving_01_state,v1r_vis_s0_l1_transport_moving_01_points128,35,20,0.6,transport_moving,primary_task_object,precomputed_reference_mask_sequence,mask_0_1_transport_moving_01,test,E10,False,20,1.0
0,v1r_vis_s0_l1_transport_moving_01,1,transport_moving,bowl_on_plate,500586968,v1r_vis_s0_l1_transport_moving_01_state,v1r_vis_s0_l1_transport_moving_01_points128,35,20,0.6,transport_moving,primary_task_object,precomputed_reference_mask_sequence,mask_0_1_transport_moving_01,test,E10_ORACLE_HIDDEN_GT,True,20,1.0
0,v1r_vis_s0_l1_transport_moving_02,1,transport_moving,bowl_on_plate,227244333,v1r_vis_s0_l1_transport_moving_02_state,v1r_vis_s0_l1_transport_moving_02_points128,20,20,0.6,transport_moving,primary_task_object,precomputed_reference_mask_sequence,mask_0_1_transport_moving_02,test,E00_CLEAN,False,0,0.0
0,v1r_vis_s0_l1_transport_moving_02,1,transport_moving,bowl_on_plate,227244333,v1r_vis_s0_l1_transport_moving_02_state,v1r_vis_s0_l1_transport_moving_02_points128,20,20,0.6,transport_moving,primary_task_object,precomputed_reference_mask_sequence,mask_0_1_transport_moving_02,test,E10,False,5,0.25
0,v1r_vis_s0_l1_transport_moving_02,1,transport_moving,bowl_on_plate,227244333,v1r_vis_s0_l1_transport_moving_02_state,v1r_vis_s0_l1_transport_moving_02_points128,20,20,0.6,transport_moving,primary_task_object,precomputed_reference_mask_sequence,mask_0_1_transport_moving_02,test,E10_ORACLE_HIDDEN_GT,True,5,0.25
0,v1r_vis_s0_l1_transport_moving_02,1,transport_moving,bowl_on_plate,227244333,v1r_vis_s0_l1_transport_moving_02_state,v1r_vis_s0_l1_transport_moving_02_points128,20,20,0.6,transport_moving,primary_task_object,precomputed_reference_mask_sequence,mask_0_1_transport_moving_02,test,E10,False,10,0.5
0,v1r_vis_s0_l1_transport_moving_02,1,transport_moving,bowl_on_plate,227244333,v1r_vis_s0_l1_transport_moving_02_state,v1r_vis_s0_l1_transport_moving_02_points128,20,20,0.6,transport_moving,primary_task_object,precomputed_reference_mask_sequence,mask_0_1_transport_moving_02,test,E10_ORACLE_HIDDEN_GT,True,10,0.5
0,v1r_vis_s0_l1_transport_moving_02,1,transport_moving,bowl_on_plate,227244333,v1r_vis_s0_l1_transport_moving_02_state,v1r_vis_s0_l1_transport_moving_02_points128,20,20,0.6,transport_moving,primary_task_object,precomputed_reference_mask_sequence,mask_0_1_transport_moving_02,test,E10,False,20,1.0
0,v1r_vis_s0_l1_transport_moving_02,1,transport_moving,bowl_on_plate,227244333,v1r_vis_s0_l1_transport_moving_02_state,v1r_vis_s0_l1_transport_moving_02_points128,20,20,0.6,transport_moving,primary_task_object,precomputed_reference_mask_sequence,mask_0_1_transport_moving_02,test,E10_ORACLE_HIDDEN_GT,True,20,1.0
0,v1r_vis_s0_l1_transport_moving_03,1,transport_moving,bowl_on_plate,318891312,v1r_vis_s0_l1_transport_moving_03_state,v1r_vis_s0_l1_transport_moving_03_points128,25,20,0.6,transport_moving,primary_task_object,precomputed_reference_mask_sequence,mask_0_1_transport_moving_03,test,E00_CLEAN,False,0,0.0
0,v1r_vis_s0_l1_transport_moving_03,1,transport_moving,bowl_on_plate,318891312,v1r_vis_s0_l1_transport_moving_03_state,v1r_vis_s0_l1_transport_moving_03_points128,25,20,0.6,transport_moving,primary_task_object,precomputed_reference_mask_sequence,mask_0_1_transport_moving_03,test,E10,False,5,0.25
0,v1r_vis_s0_l1_transport_moving_03,1,transport_moving,bowl_on_plate,318891312,v1r_vis_s0_l1_transport_moving_03_state,v1r_vis_s0_l1_transport_moving_03_points128,25,20,0.6,transport_moving,primary_task_object,precomputed_reference_mask_sequence,mask_0_1_transport_moving_03,test,E10_ORACLE_HIDDEN_GT,True,5,0.25
0,v1r_vis_s0_l1_transport_moving_03,1,transport_moving,bowl_on_plate,318891312,v1r_vis_s0_l1_transport_moving_03_state,v1r_vis_s0_l1_transport_moving_03_points128,25,20,0.6,transport_moving,primary_task_object,precomputed_reference_mask_sequence,mask_0_1_transport_moving_03,test,E10,False,10,0.5
0,v1r_vis_s0_l1_transport_moving_03,1,transport_moving,bowl_on_plate,318891312,v1r_vis_s0_l1_transport_moving_03_state,v1r_vis_s0_l1_transport_moving_03_points128,25,20,0.6,transport_moving,primary_task_object,precomputed_reference_mask_sequence,mask_0_1_transport_moving_03,test,E10_ORACLE_HIDDEN_GT,True,10,0.5
0,v1r_vis_s0_l1_transport_moving_03,1,transport_moving,bowl_on_plate,318891312,v1r_vis_s0_l1_transport_moving_03_state,v1r_vis_s0_l1_transport_moving_03_points128,25,20,0.6,transport_moving,primary_task_object,precomputed_reference_mask_sequence,mask_0_1_transport_moving_03,test,E10,False,20,1.0
0,v1r_vis_s0_l1_transport_moving_03,1,transport_moving,bowl_on_plate,318891312,v1r_vis_s0_l1_transport_moving_03_state,v1r_vis_s0_l1_transport_moving_03_points128,25,20,0.6,transport_moving,primary_task_object,precomputed_reference_mask_sequence,mask_0_1_transport_moving_03,test,E10_ORACLE_HIDDEN_GT,True,20,1.0
0,v1r_vis_s0_l1_transport_moving_04,1,transport_moving,bowl_on_plate,3471405824,v1r_vis_s0_l1_transport_moving_04_state,v1r_vis_s0_l1_transport_moving_04_points128,30,20,0.6,transport_moving,primary_task_object,precomputed_reference_mask_sequence,mask_0_1_transport_moving_04,test,E00_CLEAN,False,0,0.0
0,v1r_vis_s0_l1_transport_moving_04,1,transport_moving,bowl_on_plate,3471405824,v1r_vis_s0_l1_transport_moving_04_state,v1r_vis_s0_l1_transport_moving_04_points128,30,20,0.6,transport_moving,primary_task_object,precomputed_reference_mask_sequence,mask_0_1_transport_moving_04,test,E10,False,5,0.25
0,v1r_vis_s0_l1_transport_moving_04,1,transport_moving,bowl_on_plate,3471405824,v1r_vis_s0_l1_transport_moving_04_state,v1r_vis_s0_l1_transport_moving_04_points128,30,20,0.6,transport_moving,primary_task_object,precomputed_reference_mask_sequence,mask_0_1_transport_moving_04,test,E10_ORACLE_HIDDEN_GT,True,5,0.25
0,v1r_vis_s0_l1_transport_moving_04,1,transport_moving,bowl_on_plate,3471405824,v1r_vis_s0_l1_transport_moving_04_state,v1r_vis_s0_l1_transport_moving_04_points128,30,20,0.6,transport_moving,primary_task_object,precomputed_reference_mask_sequence,mask_0_1_transport_moving_04,test,E10,False,10,0.5
0,v1r_vis_s0_l1_transport_moving_04,1,transport_moving,bowl_on_plate,3471405824,v1r_vis_s0_l1_transport_moving_04_state,v1r_vis_s0_l1_transport_moving_04_points128,30,20,0.6,transport_moving,primary_task_object,precomputed_reference_mask_sequence,mask_0_1_transport_moving_04,test,E10_ORACLE_HIDDEN_GT,True,10,0.5
0,v1r_vis_s0_l1_transport_moving_04,1,transport_moving,bowl_on_plate,3471405824,v1r_vis_s0_l1_transport_moving_04_state,v1r_vis_s0_l1_transport_moving_04_points128,30,20,0.6,transport_moving,primary_task_object,precomputed_reference_mask_sequence,mask_0_1_transport_moving_04,test,E10,False,20,1.0
0,v1r_vis_s0_l1_transport_moving_04,1,transport_moving,bowl_on_plate,3471405824,v1r_vis_s0_l1_transport_moving_04_state,v1r_vis_s0_l1_transport_moving_04_points128,30,20,0.6,transport_moving,primary_task_object,precomputed_reference_mask_sequence,mask_0_1_transport_moving_04,test,E10_ORACLE_HIDDEN_GT,True,20,1.0
0,v1r_vis_s0_l1_transport_moving_05,1,transport_moving,bowl_on_plate,346186651,v1r_vis_s0_l1_transport_moving_05_state,v1r_vis_s0_l1_transport_moving_05_points128,35,20,0.6,transport_moving,primary_task_object,precomputed_reference_mask_sequence,mask_0_1_transport_moving_05,test,E00_CLEAN,False,0,0.0
0,v1r_vis_s0_l1_transport_moving_05,1,transport_moving,bowl_on_plate,346186651,v1r_vis_s0_l1_transport_moving_05_state,v1r_vis_s0_l1_transport_moving_05_points128,35,20,0.6,transport_moving,primary_task_object,precomputed_reference_mask_sequence,mask_0_1_transport_moving_05,test,E10,False,5,0.25
0,v1r_vis_s0_l1_transport_moving_05,1,transport_moving,bowl_on_plate,346186651,v1r_vis_s0_l1_transport_moving_05_state,v1r_vis_s0_l1_transport_moving_05_points128,35,20,0.6,transport_moving,primary_task_object,precomputed_reference_mask_sequence,mask_0_1_transport_moving_05,test,E10_ORACLE_HIDDEN_GT,True,5,0.25
0,v1r_vis_s0_l1_transport_moving_05,1,transport_moving,bowl_on_plate,346186651,v1r_vis_s0_l1_transport_moving_05_state,v1r_vis_s0_l1_transport_moving_05_points128,35,20,0.6,transport_moving,primary_task_object,precomputed_reference_mask_sequence,mask_0_1_transport_moving_05,test,E10,False,10,0.5
0,v1r_vis_s0_l1_transport_moving_05,1,transport_moving,bowl_on_plate,346186651,v1r_vis_s0_l1_transport_moving_05_state,v1r_vis_s0_l1_transport_moving_05_points128,35,20,0.6,transport_moving,primary_task_object,precomputed_reference_mask_sequence,mask_0_1_transport_moving_05,test,E10_ORACLE_HIDDEN_GT,True,10,0.5
0,v1r_vis_s0_l1_transport_moving_05,1,transport_moving,bowl_on_plate,346186651,v1r_vis_s0_l1_transport_moving_05_state,v1r_vis_s0_l1_transport_moving_05_points128,35,20,0.6,transport_moving,primary_task_object,precomputed_reference_mask_sequence,mask_0_1_transport_moving_05,test,E10,False,20,1.0
0,v1r_vis_s0_l1_transport_moving_05,1,transport_moving,bowl_on_plate,346186651,v1r_vis_s0_l1_transport_moving_05_state,v1r_vis_s0_l1_transport_moving_05_points128,35,20,0.6,transport_moving,primary_task_object,precomputed_reference_mask_sequence,mask_0_1_transport_moving_05,test,E10_ORACLE_HIDDEN_GT,True,20,1.0
0,v1r_vis_s0_l1_transport_moving_06,1,transport_moving,bowl_on_plate,2137208801,v1r_vis_s0_l1_transport_moving_06_state,v1r_vis_s0_l1_transport_moving_06_points128,20,20,0.6,transport_moving,primary_task_object,precomputed_reference_mask_sequence,mask_0_1_transport_moving_06,test,E00_CLEAN,False,0,0.0
0,v1r_vis_s0_l1_transport_moving_06,1,transport_moving,bowl_on_plate,2137208801,v1r_vis_s0_l1_transport_moving_06_state,v1r_vis_s0_l1_transport_moving_06_points128,20,20,0.6,transport_moving,primary_task_object,precomputed_reference_mask_sequence,mask_0_1_transport_moving_06,test,E10,False,5,0.25
0,v1r_vis_s0_l1_transport_moving_06,1,transport_moving,bowl_on_plate,2137208801,v1r_vis_s0_l1_transport_moving_06_state,v1r_vis_s0_l1_transport_moving_06_points128,20,20,0.6,transport_moving,primary_task_object,precomputed_reference_mask_sequence,mask_0_1_transport_moving_06,test,E10_ORACLE_HIDDEN_GT,True,5,0.25
0,v1r_vis_s0_l1_transport_moving_06,1,transport_moving,bowl_on_plate,2137208801,v1r_vis_s0_l1_transport_moving_06_state,v1r_vis_s0_l1_transport_moving_06_points128,20,20,0.6,transport_moving,primary_task_object,precomputed_reference_mask_sequence,mask_0_1_transport_moving_06,test,E10,False,10,0.5
0,v1r_vis_s0_l1_transport_moving_06,1,transport_moving,bowl_on_plate,2137208801,v1r_vis_s0_l1_transport_moving_06_state,v1r_vis_s0_l1_transport_moving_06_points128,20,20,0.6,transport_moving,primary_task_object,precomputed_reference_mask_sequence,mask_0_1_transport_moving_06,test,E10_ORACLE_HIDDEN_GT,True,10,0.5
0,v1r_vis_s0_l1_transport_moving_06,1,transport_moving,bowl_on_plate,2137208801,v1r_vis_s0_l1_transport_moving_06_state,v1r_vis_s0_l1_transport_moving_06_points128,20,20,0.6,transport_moving,primary_task_object,precomputed_reference_mask_sequence,mask_0_1_transport_moving_06,test,E10,False,20,1.0
0,v1r_vis_s0_l1_transport_moving_06,1,transport_moving,bowl_on_plate,2137208801,v1r_vis_s0_l1_transport_moving_06_state,v1r_vis_s0_l1_transport_moving_06_points128,20,20,0.6,transport_moving,primary_task_object,precomputed_reference_mask_sequence,mask_0_1_transport_moving_06,test,E10_ORACLE_HIDDEN_GT,True,20,1.0
0,v1r_vis_s0_l1_transport_moving_07,1,transport_moving,bowl_on_plate,1982590612,v1r_vis_s0_l1_transport_moving_07_state,v1r_vis_s0_l1_transport_moving_07_points128,25,20,0.6,transport_moving,primary_task_object,precomputed_reference_mask_sequence,mask_0_1_transport_moving_07,test,E00_CLEAN,False,0,0.0
0,v1r_vis_s0_l1_transport_moving_07,1,transport_moving,bowl_on_plate,1982590612,v1r_vis_s0_l1_transport_moving_07_state,v1r_vis_s0_l1_transport_moving_07_points128,25,20,0.6,transport_moving,primary_task_object,precomputed_reference_mask_sequence,mask_0_1_transport_moving_07,test,E10,False,5,0.25
0,v1r_vis_s0_l1_transport_moving_07,1,transport_moving,bowl_on_plate,1982590612,v1r_vis_s0_l1_transport_moving_07_state,v1r_vis_s0_l1_transport_moving_07_points128,25,20,0.6,transport_moving,primary_task_object,precomputed_reference_mask_sequence,mask_0_1_transport_moving_07,test,E10_ORACLE_HIDDEN_GT,True,5,0.25
0,v1r_vis_s0_l1_transport_moving_07,1,transport_moving,bowl_on_plate,1982590612,v1r_vis_s0_l1_transport_moving_07_state,v1r_vis_s0_l1_transport_moving_07_points128,25,20,0.6,transport_moving,primary_task_object,precomputed_reference_mask_sequence,mask_0_1_transport_moving_07,test,E10,False,10,0.5
0,v1r_vis_s0_l1_transport_moving_07,1,transport_moving,bowl_on_plate,1982590612,v1r_vis_s0_l1_transport_moving_07_state,v1r_vis_s0_l1_transport_moving_07_points128,25,20,0.6,transport_moving,primary_task_object,precomputed_reference_mask_sequence,mask_0_1_transport_moving_07,test,E10_ORACLE_HIDDEN_GT,True,10,0.5
0,v1r_vis_s0_l1_transport_moving_07,1,transport_moving,bowl_on_plate,1982590612,v1r_vis_s0_l1_transport_moving_07_state,v1r_vis_s0_l1_transport_moving_07_points128,25,20,0.6,transport_moving,primary_task_object,precomputed_reference_mask_sequence,mask_0_1_transport_moving_07,test,E10,False,20,1.0
0,v1r_vis_s0_l1_transport_moving_07,1,transport_moving,bowl_on_plate,1982590612,v1r_vis_s0_l1_transport_moving_07_state,v1r_vis_s0_l1_transport_moving_07_points128,25,20,0.6,transport_moving,primary_task_object,precomputed_reference_mask_sequence,mask_0_1_transport_moving_07,test,E10_ORACLE_HIDDEN_GT,True,20,1.0
0,v1r_vis_s0_l1_transport_moving_08,1,transport_moving,bowl_on_plate,1585359963,v1r_vis_s0_l1_transport_moving_08_state,v1r_vis_s0_l1_transport_moving_08_points128,30,20,0.6,transport_moving,primary_task_object,precomputed_reference_mask_sequence,mask_0_1_transport_moving_08,test,E00_CLEAN,False,0,0.0
0,v1r_vis_s0_l1_transport_moving_08,1,transport_moving,bowl_on_plate,1585359963,v1r_vis_s0_l1_transport_moving_08_state,v1r_vis_s0_l1_transport_moving_08_points128,30,20,0.6,transport_moving,primary_task_object,precomputed_reference_mask_sequence,mask_0_1_transport_moving_08,test,E10,False,5,0.25
0,v1r_vis_s0_l1_transport_moving_08,1,transport_moving,bowl_on_plate,1585359963,v1r_vis_s0_l1_transport_moving_08_state,v1r_vis_s0_l1_transport_moving_08_points128,30,20,0.6,transport_moving,primary_task_object,precomputed_reference_mask_sequence,mask_0_1_transport_moving_08,test,E10_ORACLE_HIDDEN_GT,True,5,0.25
0,v1r_vis_s0_l1_transport_moving_08,1,transport_moving,bowl_on_plate,1585359963,v1r_vis_s0_l1_transport_moving_08_state,v1r_vis_s0_l1_transport_moving_08_points128,30,20,0.6,transport_moving,primary_task_object,precomputed_reference_mask_sequence,mask_0_1_transport_moving_08,test,E10,False,10,0.5
0,v1r_vis_s0_l1_transport_moving_08,1,transport_moving,bowl_on_plate,1585359963,v1r_vis_s0_l1_transport_moving_08_state,v1r_vis_s0_l1_transport_moving_08_points128,30,20,0.6,transport_moving,primary_task_object,precomputed_reference_mask_sequence,mask_0_1_transport_moving_08,test,E10_ORACLE_HIDDEN_GT,True,10,0.5
0,v1r_vis_s0_l1_transport_moving_08,1,transport_moving,bowl_on_plate,1585359963,v1r_vis_s0_l1_transport_moving_08_state,v1r_vis_s0_l1_transport_moving_08_points128,30,20,0.6,transport_moving,primary_task_object,precomputed_reference_mask_sequence,mask_0_1_transport_moving_08,test,E10,False,20,1.0
0,v1r_vis_s0_l1_transport_moving_08,1,transport_moving,bowl_on_plate,1585359963,v1r_vis_s0_l1_transport_moving_08_state,v1r_vis_s0_l1_transport_moving_08_points128,30,20,0.6,transport_moving,primary_task_object,precomputed_reference_mask_sequence,mask_0_1_transport_moving_08,test,E10_ORACLE_HIDDEN_GT,True,20,1.0
0,v1r_vis_s0_l1_transport_moving_09,1,transport_moving,bowl_on_plate,1076802573,v1r_vis_s0_l1_transport_moving_09_state,v1r_vis_s0_l1_transport_moving_09_points128,35,20,0.6,transport_moving,primary_task_object,precomputed_reference_mask_sequence,mask_0_1_transport_moving_09,test,E00_CLEAN,False,0,0.0
0,v1r_vis_s0_l1_transport_moving_09,1,transport_moving,bowl_on_plate,1076802573,v1r_vis_s0_l1_transport_moving_09_state,v1r_vis_s0_l1_transport_moving_09_points128,35,20,0.6,transport_moving,primary_task_object,precomputed_reference_mask_sequence,mask_0_1_transport_moving_09,test,E10,False,5,0.25
0,v1r_vis_s0_l1_transport_moving_09,1,transport_moving,bowl_on_plate,1076802573,v1r_vis_s0_l1_transport_moving_09_state,v1r_vis_s0_l1_transport_moving_09_points128,35,20,0.6,transport_moving,primary_task_object,precomputed_reference_mask_sequence,mask_0_1_transport_moving_09,test,E10_ORACLE_HIDDEN_GT,True,5,0.25
0,v1r_vis_s0_l1_transport_moving_09,1,transport_moving,bowl_on_plate,1076802573,v1r_vis_s0_l1_transport_moving_09_state,v1r_vis_s0_l1_transport_moving_09_points128,35,20,0.6,transport_moving,primary_task_object,precomputed_reference_mask_sequence,mask_0_1_transport_moving_09,test,E10,False,10,0.5
0,v1r_vis_s0_l1_transport_moving_09,1,transport_moving,bowl_on_plate,1076802573,v1r_vis_s0_l1_transport_moving_09_state,v1r_vis_s0_l1_transport_moving_09_points128,35,20,0.6,transport_moving,primary_task_object,precomputed_reference_mask_sequence,mask_0_1_transport_moving_09,test,E10_ORACLE_HIDDEN_GT,True,10,0.5
0,v1r_vis_s0_l1_transport_moving_09,1,transport_moving,bowl_on_plate,1076802573,v1r_vis_s0_l1_transport_moving_09_state,v1r_vis_s0_l1_transport_moving_09_points128,35,20,0.6,transport_moving,primary_task_object,precomputed_reference_mask_sequence,mask_0_1_transport_moving_09,test,E10,False,20,1.0
0,v1r_vis_s0_l1_transport_moving_09,1,transport_moving,bowl_on_plate,1076802573,v1r_vis_s0_l1_transport_moving_09_state,v1r_vis_s0_l1_transport_moving_09_points128,35,20,0.6,transport_moving,primary_task_object,precomputed_reference_mask_sequence,mask_0_1_transport_moving_09,test,E10_ORACLE_HIDDEN_GT,True,20,1.0
0,v1r_vis_s0_l2_pregrasp_static_00,2,pregrasp_static,bowl_on_plate,1731448255,v1r_vis_s0_l2_pregrasp_static_00_state,v1r_vis_s0_l2_pregrasp_static_00_points128,30,20,0.6,pregrasp_static,primary_task_object,precomputed_reference_mask_sequence,mask_0_2_pregrasp_static_00,test,E00_CLEAN,False,0,0.0
0,v1r_vis_s0_l2_pregrasp_static_00,2,pregrasp_static,bowl_on_plate,1731448255,v1r_vis_s0_l2_pregrasp_static_00_state,v1r_vis_s0_l2_pregrasp_static_00_points128,30,20,0.6,pregrasp_static,primary_task_object,precomputed_reference_mask_sequence,mask_0_2_pregrasp_static_00,test,E10,False,5,0.25
0,v1r_vis_s0_l2_pregrasp_static_00,2,pregrasp_static,bowl_on_plate,1731448255,v1r_vis_s0_l2_pregrasp_static_00_state,v1r_vis_s0_l2_pregrasp_static_00_points128,30,20,0.6,pregrasp_static,primary_task_object,precomputed_reference_mask_sequence,mask_0_2_pregrasp_static_00,test,E10_ORACLE_HIDDEN_GT,True,5,0.25
0,v1r_vis_s0_l2_pregrasp_static_00,2,pregrasp_static,bowl_on_plate,1731448255,v1r_vis_s0_l2_pregrasp_static_00_state,v1r_vis_s0_l2_pregrasp_static_00_points128,30,20,0.6,pregrasp_static,primary_task_object,precomputed_reference_mask_sequence,mask_0_2_pregrasp_static_00,test,E10,False,10,0.5
0,v1r_vis_s0_l2_pregrasp_static_00,2,pregrasp_static,bowl_on_plate,1731448255,v1r_vis_s0_l2_pregrasp_static_00_state,v1r_vis_s0_l2_pregrasp_static_00_points128,30,20,0.6,pregrasp_static,primary_task_object,precomputed_reference_mask_sequence,mask_0_2_pregrasp_static_00,test,E10_ORACLE_HIDDEN_GT,True,10,0.5
0,v1r_vis_s0_l2_pregrasp_static_00,2,pregrasp_static,bowl_on_plate,1731448255,v1r_vis_s0_l2_pregrasp_static_00_state,v1r_vis_s0_l2_pregrasp_static_00_points128,30,20,0.6,pregrasp_static,primary_task_object,precomputed_reference_mask_sequence,mask_0_2_pregrasp_static_00,test,E10,False,20,1.0
0,v1r_vis_s0_l2_pregrasp_static_00,2,pregrasp_static,bowl_on_plate,1731448255,v1r_vis_s0_l2_pregrasp_static_00_state,v1r_vis_s0_l2_pregrasp_static_00_points128,30,20,0.6,pregrasp_static,primary_task_object,precomputed_reference_mask_sequence,mask_0_2_pregrasp_static_00,test,E10_ORACLE_HIDDEN_GT,True,20,1.0
0,v1r_vis_s0_l2_pregrasp_static_01,2,pregrasp_static,bowl_on_plate,2478810053,v1r_vis_s0_l2_pregrasp_static_01_state,v1r_vis_s0_l2_pregrasp_static_01_points128,35,20,0.6,pregrasp_static,primary_task_object,precomputed_reference_mask_sequence,mask_0_2_pregrasp_static_01,test,E00_CLEAN,False,0,0.0
0,v1r_vis_s0_l2_pregrasp_static_01,2,pregrasp_static,bowl_on_plate,2478810053,v1r_vis_s0_l2_pregrasp_static_01_state,v1r_vis_s0_l2_pregrasp_static_01_points128,35,20,0.6,pregrasp_static,primary_task_object,precomputed_reference_mask_sequence,mask_0_2_pregrasp_static_01,test,E10,False,5,0.25
0,v1r_vis_s0_l2_pregrasp_static_01,2,pregrasp_static,bowl_on_plate,2478810053,v1r_vis_s0_l2_pregrasp_static_01_state,v1r_vis_s0_l2_pregrasp_static_01_points128,35,20,0.6,pregrasp_static,primary_task_object,precomputed_reference_mask_sequence,mask_0_2_pregrasp_static_01,test,E10_ORACLE_HIDDEN_GT,True,5,0.25
0,v1r_vis_s0_l2_pregrasp_static_01,2,pregrasp_static,bowl_on_plate,2478810053,v1r_vis_s0_l2_pregrasp_static_01_state,v1r_vis_s0_l2_pregrasp_static_01_points128,35,20,0.6,pregrasp_static,primary_task_object,precomputed_reference_mask_sequence,mask_0_2_pregrasp_static_01,test,E10,False,10,0.5
0,v1r_vis_s0_l2_pregrasp_static_01,2,pregrasp_static,bowl_on_plate,2478810053,v1r_vis_s0_l2_pregrasp_static_01_state,v1r_vis_s0_l2_pregrasp_static_01_points128,35,20,0.6,pregrasp_static,primary_task_object,precomputed_reference_mask_sequence,mask_0_2_pregrasp_static_01,test,E10_ORACLE_HIDDEN_GT,True,10,0.5
0,v1r_vis_s0_l2_pregrasp_static_01,2,pregrasp_static,bowl_on_plate,2478810053,v1r_vis_s0_l2_pregrasp_static_01_state,v1r_vis_s0_l2_pregrasp_static_01_points128,35,20,0.6,pregrasp_static,primary_task_object,precomputed_reference_mask_sequence,mask_0_2_pregrasp_static_01,test,E10,False,20,1.0
0,v1r_vis_s0_l2_pregrasp_static_01,2,pregrasp_static,bowl_on_plate,2478810053,v1r_vis_s0_l2_pregrasp_static_01_state,v1r_vis_s0_l2_pregrasp_static_01_points128,35,20,0.6,pregrasp_static,primary_task_object,precomputed_reference_mask_sequence,mask_0_2_pregrasp_static_01,test,E10_ORACLE_HIDDEN_GT,True,20,1.0
0,v1r_vis_s0_l2_pregrasp_static_02,2,pregrasp_static,bowl_on_plate,887490936,v1r_vis_s0_l2_pregrasp_static_02_state,v1r_vis_s0_l2_pregrasp_static_02_points128,20,20,0.6,pregrasp_static,primary_task_object,precomputed_reference_mask_sequence,mask_0_2_pregrasp_static_02,test,E00_CLEAN,False,0,0.0
0,v1r_vis_s0_l2_pregrasp_static_02,2,pregrasp_static,bowl_on_plate,887490936,v1r_vis_s0_l2_pregrasp_static_02_state,v1r_vis_s0_l2_pregrasp_static_02_points128,20,20,0.6,pregrasp_static,primary_task_object,precomputed_reference_mask_sequence,mask_0_2_pregrasp_static_02,test,E10,False,5,0.25
0,v1r_vis_s0_l2_pregrasp_static_02,2,pregrasp_static,bowl_on_plate,887490936,v1r_vis_s0_l2_pregrasp_static_02_state,v1r_vis_s0_l2_pregrasp_static_02_points128,20,20,0.6,pregrasp_static,primary_task_object,precomputed_reference_mask_sequence,mask_0_2_pregrasp_static_02,test,E10_ORACLE_HIDDEN_GT,True,5,0.25
0,v1r_vis_s0_l2_pregrasp_static_02,2,pregrasp_static,bowl_on_plate,887490936,v1r_vis_s0_l2_pregrasp_static_02_state,v1r_vis_s0_l2_pregrasp_static_02_points128,20,20,0.6,pregrasp_static,primary_task_object,precomputed_reference_mask_sequence,mask_0_2_pregrasp_static_02,test,E10,False,10,0.5
0,v1r_vis_s0_l2_pregrasp_static_02,2,pregrasp_static,bowl_on_plate,887490936,v1r_vis_s0_l2_pregrasp_static_02_state,v1r_vis_s0_l2_pregrasp_static_02_points128,20,20,0.6,pregrasp_static,primary_task_object,precomputed_reference_mask_sequence,mask_0_2_pregrasp_static_02,test,E10_ORACLE_HIDDEN_GT,True,10,0.5
0,v1r_vis_s0_l2_pregrasp_static_02,2,pregrasp_static,bowl_on_plate,887490936,v1r_vis_s0_l2_pregrasp_static_02_state,v1r_vis_s0_l2_pregrasp_static_02_points128,20,20,0.6,pregrasp_static,primary_task_object,precomputed_reference_mask_sequence,mask_0_2_pregrasp_static_02,test,E10,False,20,1.0
0,v1r_vis_s0_l2_pregrasp_static_02,2,pregrasp_static,bowl_on_plate,887490936,v1r_vis_s0_l2_pregrasp_static_02_state,v1r_vis_s0_l2_pregrasp_static_02_points128,20,20,0.6,pregrasp_static,primary_task_object,precomputed_reference_mask_sequence,mask_0_2_pregrasp_static_02,test,E10_ORACLE_HIDDEN_GT,True,20,1.0
0,v1r_vis_s0_l2_pregrasp_static_03,2,pregrasp_static,bowl_on_plate,2706044204,v1r_vis_s0_l2_pregrasp_static_03_state,v1r_vis_s0_l2_pregrasp_static_03_points128,25,20,0.6,pregrasp_static,primary_task_object,precomputed_reference_mask_sequence,mask_0_2_pregrasp_static_03,test,E00_CLEAN,False,0,0.0
0,v1r_vis_s0_l2_pregrasp_static_03,2,pregrasp_static,bowl_on_plate,2706044204,v1r_vis_s0_l2_pregrasp_static_03_state,v1r_vis_s0_l2_pregrasp_static_03_points128,25,20,0.6,pregrasp_static,primary_task_object,precomputed_reference_mask_sequence,mask_0_2_pregrasp_static_03,test,E10,False,5,0.25
0,v1r_vis_s0_l2_pregrasp_static_03,2,pregrasp_static,bowl_on_plate,2706044204,v1r_vis_s0_l2_pregrasp_static_03_state,v1r_vis_s0_l2_pregrasp_static_03_points128,25,20,0.6,pregrasp_static,primary_task_object,precomputed_reference_mask_sequence,mask_0_2_pregrasp_static_03,test,E10_ORACLE_HIDDEN_GT,True,5,0.25
0,v1r_vis_s0_l2_pregrasp_static_03,2,pregrasp_static,bowl_on_plate,2706044204,v1r_vis_s0_l2_pregrasp_static_03_state,v1r_vis_s0_l2_pregrasp_static_03_points128,25,20,0.6,pregrasp_static,primary_task_object,precomputed_reference_mask_sequence,mask_0_2_pregrasp_static_03,test,E10,False,10,0.5
0,v1r_vis_s0_l2_pregrasp_static_03,2,pregrasp_static,bowl_on_plate,2706044204,v1r_vis_s0_l2_pregrasp_static_03_state,v1r_vis_s0_l2_pregrasp_static_03_points128,25,20,0.6,pregrasp_static,primary_task_object,precomputed_reference_mask_sequence,mask_0_2_pregrasp_static_03,test,E10_ORACLE_HIDDEN_GT,True,10,0.5
0,v1r_vis_s0_l2_pregrasp_static_03,2,pregrasp_static,bowl_on_plate,2706044204,v1r_vis_s0_l2_pregrasp_static_03_state,v1r_vis_s0_l2_pregrasp_static_03_points128,25,20,0.6,pregrasp_static,primary_task_object,precomputed_reference_mask_sequence,mask_0_2_pregrasp_static_03,test,E10,False,20,1.0
0,v1r_vis_s0_l2_pregrasp_static_03,2,pregrasp_static,bowl_on_plate,2706044204,v1r_vis_s0_l2_pregrasp_static_03_state,v1r_vis_s0_l2_pregrasp_static_03_points128,25,20,0.6,pregrasp_static,primary_task_object,precomputed_reference_mask_sequence,mask_0_2_pregrasp_static_03,test,E10_ORACLE_HIDDEN_GT,True,20,1.0
0,v1r_vis_s0_l2_pregrasp_static_04,2,pregrasp_static,bowl_on_plate,138466097,v1r_vis_s0_l2_pregrasp_static_04_state,v1r_vis_s0_l2_pregrasp_static_04_points128,30,20,0.6,pregrasp_static,primary_task_object,precomputed_reference_mask_sequence,mask_0_2_pregrasp_static_04,test,E00_CLEAN,False,0,0.0
0,v1r_vis_s0_l2_pregrasp_static_04,2,pregrasp_static,bowl_on_plate,138466097,v1r_vis_s0_l2_pregrasp_static_04_state,v1r_vis_s0_l2_pregrasp_static_04_points128,30,20,0.6,pregrasp_static,primary_task_object,precomputed_reference_mask_sequence,mask_0_2_pregrasp_static_04,test,E10,False,5,0.25
0,v1r_vis_s0_l2_pregrasp_static_04,2,pregrasp_static,bowl_on_plate,138466097,v1r_vis_s0_l2_pregrasp_static_04_state,v1r_vis_s0_l2_pregrasp_static_04_points128,30,20,0.6,pregrasp_static,primary_task_object,precomputed_reference_mask_sequence,mask_0_2_pregrasp_static_04,test,E10_ORACLE_HIDDEN_GT,True,5,0.25
0,v1r_vis_s0_l2_pregrasp_static_04,2,pregrasp_static,bowl_on_plate,138466097,v1r_vis_s0_l2_pregrasp_static_04_state,v1r_vis_s0_l2_pregrasp_static_04_points128,30,20,0.6,pregrasp_static,primary_task_object,precomputed_reference_mask_sequence,mask_0_2_pregrasp_static_04,test,E10,False,10,0.5
0,v1r_vis_s0_l2_pregrasp_static_04,2,pregrasp_static,bowl_on_plate,138466097,v1r_vis_s0_l2_pregrasp_static_04_state,v1r_vis_s0_l2_pregrasp_static_04_points128,30,20,0.6,pregrasp_static,primary_task_object,precomputed_reference_mask_sequence,mask_0_2_pregrasp_static_04,test,E10_ORACLE_HIDDEN_GT,True,10,0.5
0,v1r_vis_s0_l2_pregrasp_static_04,2,pregrasp_static,bowl_on_plate,138466097,v1r_vis_s0_l2_pregrasp_static_04_state,v1r_vis_s0_l2_pregrasp_static_04_points128,30,20,0.6,pregrasp_static,primary_task_object,precomputed_reference_mask_sequence,mask_0_2_pregrasp_static_04,test,E10,False,20,1.0
0,v1r_vis_s0_l2_pregrasp_static_04,2,pregrasp_static,bowl_on_plate,138466097,v1r_vis_s0_l2_pregrasp_static_04_state,v1r_vis_s0_l2_pregrasp_static_04_points128,30,20,0.6,pregrasp_static,primary_task_object,precomputed_reference_mask_sequence,mask_0_2_pregrasp_static_04,test,E10_ORACLE_HIDDEN_GT,True,20,1.0
0,v1r_vis_s0_l2_pregrasp_static_05,2,pregrasp_static,bowl_on_plate,3664709687,v1r_vis_s0_l2_pregrasp_static_05_state,v1r_vis_s0_l2_pregrasp_static_05_points128,35,20,0.6,pregrasp_static,primary_task_object,precomputed_reference_mask_sequence,mask_0_2_pregrasp_static_05,test,E00_CLEAN,False,0,0.0
0,v1r_vis_s0_l2_pregrasp_static_05,2,pregrasp_static,bowl_on_plate,3664709687,v1r_vis_s0_l2_pregrasp_static_05_state,v1r_vis_s0_l2_pregrasp_static_05_points128,35,20,0.6,pregrasp_static,primary_task_object,precomputed_reference_mask_sequence,mask_0_2_pregrasp_static_05,test,E10,False,5,0.25
0,v1r_vis_s0_l2_pregrasp_static_05,2,pregrasp_static,bowl_on_plate,3664709687,v1r_vis_s0_l2_pregrasp_static_05_state,v1r_vis_s0_l2_pregrasp_static_05_points128,35,20,0.6,pregrasp_static,primary_task_object,precomputed_reference_mask_sequence,mask_0_2_pregrasp_static_05,test,E10_ORACLE_HIDDEN_GT,True,5,0.25
0,v1r_vis_s0_l2_pregrasp_static_05,2,pregrasp_static,bowl_on_plate,3664709687,v1r_vis_s0_l2_pregrasp_static_05_state,v1r_vis_s0_l2_pregrasp_static_05_points128,35,20,0.6,pregrasp_static,primary_task_object,precomputed_reference_mask_sequence,mask_0_2_pregrasp_static_05,test,E10,False,10,0.5
0,v1r_vis_s0_l2_pregrasp_static_05,2,pregrasp_static,bowl_on_plate,3664709687,v1r_vis_s0_l2_pregrasp_static_05_state,v1r_vis_s0_l2_pregrasp_static_05_points128,35,20,0.6,pregrasp_static,primary_task_object,precomputed_reference_mask_sequence,mask_0_2_pregrasp_static_05,test,E10_ORACLE_HIDDEN_GT,True,10,0.5
0,v1r_vis_s0_l2_pregrasp_static_05,2,pregrasp_static,bowl_on_plate,3664709687,v1r_vis_s0_l2_pregrasp_static_05_state,v1r_vis_s0_l2_pregrasp_static_05_points128,35,20,0.6,pregrasp_static,primary_task_object,precomputed_reference_mask_sequence,mask_0_2_pregrasp_static_05,test,E10,False,20,1.0
0,v1r_vis_s0_l2_pregrasp_static_05,2,pregrasp_static,bowl_on_plate,3664709687,v1r_vis_s0_l2_pregrasp_static_05_state,v1r_vis_s0_l2_pregrasp_static_05_points128,35,20,0.6,pregrasp_static,primary_task_object,precomputed_reference_mask_sequence,mask_0_2_pregrasp_static_05,test,E10_ORACLE_HIDDEN_GT,True,20,1.0
0,v1r_vis_s0_l2_pregrasp_static_06,2,pregrasp_static,bowl_on_plate,1248615985,v1r_vis_s0_l2_pregrasp_static_06_state,v1r_vis_s0_l2_pregrasp_static_06_points128,20,20,0.6,pregrasp_static,primary_task_object,precomputed_reference_mask_sequence,mask_0_2_pregrasp_static_06,test,E00_CLEAN,False,0,0.0
0,v1r_vis_s0_l2_pregrasp_static_06,2,pregrasp_static,bowl_on_plate,1248615985,v1r_vis_s0_l2_pregrasp_static_06_state,v1r_vis_s0_l2_pregrasp_static_06_points128,20,20,0.6,pregrasp_static,primary_task_object,precomputed_reference_mask_sequence,mask_0_2_pregrasp_static_06,test,E10,False,5,0.25
0,v1r_vis_s0_l2_pregrasp_static_06,2,pregrasp_static,bowl_on_plate,1248615985,v1r_vis_s0_l2_pregrasp_static_06_state,v1r_vis_s0_l2_pregrasp_static_06_points128,20,20,0.6,pregrasp_static,primary_task_object,precomputed_reference_mask_sequence,mask_0_2_pregrasp_static_06,test,E10_ORACLE_HIDDEN_GT,True,5,0.25
0,v1r_vis_s0_l2_pregrasp_static_06,2,pregrasp_static,bowl_on_plate,1248615985,v1r_vis_s0_l2_pregrasp_static_06_state,v1r_vis_s0_l2_pregrasp_static_06_points128,20,20,0.6,pregrasp_static,primary_task_object,precomputed_reference_mask_sequence,mask_0_2_pregrasp_static_06,test,E10,False,10,0.5
0,v1r_vis_s0_l2_pregrasp_static_06,2,pregrasp_static,bowl_on_plate,1248615985,v1r_vis_s0_l2_pregrasp_static_06_state,v1r_vis_s0_l2_pregrasp_static_06_points128,20,20,0.6,pregrasp_static,primary_task_object,precomputed_reference_mask_sequence,mask_0_2_pregrasp_static_06,test,E10_ORACLE_HIDDEN_GT,True,10,0.5
0,v1r_vis_s0_l2_pregrasp_static_06,2,pregrasp_static,bowl_on_plate,1248615985,v1r_vis_s0_l2_pregrasp_static_06_state,v1r_vis_s0_l2_pregrasp_static_06_points128,20,20,0.6,pregrasp_static,primary_task_object,precomputed_reference_mask_sequence,mask_0_2_pregrasp_static_06,test,E10,False,20,1.0
0,v1r_vis_s0_l2_pregrasp_static_06,2,pregrasp_static,bowl_on_plate,1248615985,v1r_vis_s0_l2_pregrasp_static_06_state,v1r_vis_s0_l2_pregrasp_static_06_points128,20,20,0.6,pregrasp_static,primary_task_object,precomputed_reference_mask_sequence,mask_0_2_pregrasp_static_06,test,E10_ORACLE_HIDDEN_GT,True,20,1.0
0,v1r_vis_s0_l2_pregrasp_static_07,2,pregrasp_static,bowl_on_plate,504079318,v1r_vis_s0_l2_pregrasp_static_07_state,v1r_vis_s0_l2_pregrasp_static_07_points128,25,20,0.6,pregrasp_static,primary_task_object,precomputed_reference_mask_sequence,mask_0_2_pregrasp_static_07,test,E00_CLEAN,False,0,0.0
0,v1r_vis_s0_l2_pregrasp_static_07,2,pregrasp_static,bowl_on_plate,504079318,v1r_vis_s0_l2_pregrasp_static_07_state,v1r_vis_s0_l2_pregrasp_static_07_points128,25,20,0.6,pregrasp_static,primary_task_object,precomputed_reference_mask_sequence,mask_0_2_pregrasp_static_07,test,E10,False,5,0.25
0,v1r_vis_s0_l2_pregrasp_static_07,2,pregrasp_static,bowl_on_plate,504079318,v1r_vis_s0_l2_pregrasp_static_07_state,v1r_vis_s0_l2_pregrasp_static_07_points128,25,20,0.6,pregrasp_static,primary_task_object,precomputed_reference_mask_sequence,mask_0_2_pregrasp_static_07,test,E10_ORACLE_HIDDEN_GT,True,5,0.25
0,v1r_vis_s0_l2_pregrasp_static_07,2,pregrasp_static,bowl_on_plate,504079318,v1r_vis_s0_l2_pregrasp_static_07_state,v1r_vis_s0_l2_pregrasp_static_07_points128,25,20,0.6,pregrasp_static,primary_task_object,precomputed_reference_mask_sequence,mask_0_2_pregrasp_static_07,test,E10,False,10,0.5
0,v1r_vis_s0_l2_pregrasp_static_07,2,pregrasp_static,bowl_on_plate,504079318,v1r_vis_s0_l2_pregrasp_static_07_state,v1r_vis_s0_l2_pregrasp_static_07_points128,25,20,0.6,pregrasp_static,primary_task_object,precomputed_reference_mask_sequence,mask_0_2_pregrasp_static_07,test,E10_ORACLE_HIDDEN_GT,True,10,0.5
0,v1r_vis_s0_l2_pregrasp_static_07,2,pregrasp_static,bowl_on_plate,504079318,v1r_vis_s0_l2_pregrasp_static_07_state,v1r_vis_s0_l2_pregrasp_static_07_points128,25,20,0.6,pregrasp_static,primary_task_object,precomputed_reference_mask_sequence,mask_0_2_pregrasp_static_07,test,E10,False,20,1.0
0,v1r_vis_s0_l2_pregrasp_static_07,2,pregrasp_static,bowl_on_plate,504079318,v1r_vis_s0_l2_pregrasp_static_07_state,v1r_vis_s0_l2_pregrasp_static_07_points128,25,20,0.6,pregrasp_static,primary_task_object,precomputed_reference_mask_sequence,mask_0_2_pregrasp_static_07,test,E10_ORACLE_HIDDEN_GT,True,20,1.0
0,v1r_vis_s0_l2_pregrasp_static_08,2,pregrasp_static,bowl_on_plate,2154851482,v1r_vis_s0_l2_pregrasp_static_08_state,v1r_vis_s0_l2_pregrasp_static_08_points128,30,20,0.6,pregrasp_static,primary_task_object,precomputed_reference_mask_sequence,mask_0_2_pregrasp_static_08,test,E00_CLEAN,False,0,0.0
0,v1r_vis_s0_l2_pregrasp_static_08,2,pregrasp_static,bowl_on_plate,2154851482,v1r_vis_s0_l2_pregrasp_static_08_state,v1r_vis_s0_l2_pregrasp_static_08_points128,30,20,0.6,pregrasp_static,primary_task_object,precomputed_reference_mask_sequence,mask_0_2_pregrasp_static_08,test,E10,False,5,0.25
0,v1r_vis_s0_l2_pregrasp_static_08,2,pregrasp_static,bowl_on_plate,2154851482,v1r_vis_s0_l2_pregrasp_static_08_state,v1r_vis_s0_l2_pregrasp_static_08_points128,30,20,0.6,pregrasp_static,primary_task_object,precomputed_reference_mask_sequence,mask_0_2_pregrasp_static_08,test,E10_ORACLE_HIDDEN_GT,True,5,0.25
0,v1r_vis_s0_l2_pregrasp_static_08,2,pregrasp_static,bowl_on_plate,2154851482,v1r_vis_s0_l2_pregrasp_static_08_state,v1r_vis_s0_l2_pregrasp_static_08_points128,30,20,0.6,pregrasp_static,primary_task_object,precomputed_reference_mask_sequence,mask_0_2_pregrasp_static_08,test,E10,False,10,0.5
0,v1r_vis_s0_l2_pregrasp_static_08,2,pregrasp_static,bowl_on_plate,2154851482,v1r_vis_s0_l2_pregrasp_static_08_state,v1r_vis_s0_l2_pregrasp_static_08_points128,30,20,0.6,pregrasp_static,primary_task_object,precomputed_reference_mask_sequence,mask_0_2_pregrasp_static_08,test,E10_ORACLE_HIDDEN_GT,True,10,0.5
0,v1r_vis_s0_l2_pregrasp_static_08,2,pregrasp_static,bowl_on_plate,2154851482,v1r_vis_s0_l2_pregrasp_static_08_state,v1r_vis_s0_l2_pregrasp_static_08_points128,30,20,0.6,pregrasp_static,primary_task_object,precomputed_reference_mask_sequence,mask_0_2_pregrasp_static_08,test,E10,False,20,1.0
0,v1r_vis_s0_l2_pregrasp_static_08,2,pregrasp_static,bowl_on_plate,2154851482,v1r_vis_s0_l2_pregrasp_static_08_state,v1r_vis_s0_l2_pregrasp_static_08_points128,30,20,0.6,pregrasp_static,primary_task_object,precomputed_reference_mask_sequence,mask_0_2_pregrasp_static_08,test,E10_ORACLE_HIDDEN_GT,True,20,1.0
0,v1r_vis_s0_l2_pregrasp_static_09,2,pregrasp_static,bowl_on_plate,2701242008,v1r_vis_s0_l2_pregrasp_static_09_state,v1r_vis_s0_l2_pregrasp_static_09_points128,35,20,0.6,pregrasp_static,primary_task_object,precomputed_reference_mask_sequence,mask_0_2_pregrasp_static_09,test,E00_CLEAN,False,0,0.0
0,v1r_vis_s0_l2_pregrasp_static_09,2,pregrasp_static,bowl_on_plate,2701242008,v1r_vis_s0_l2_pregrasp_static_09_state,v1r_vis_s0_l2_pregrasp_static_09_points128,35,20,0.6,pregrasp_static,primary_task_object,precomputed_reference_mask_sequence,mask_0_2_pregrasp_static_09,test,E10,False,5,0.25
0,v1r_vis_s0_l2_pregrasp_static_09,2,pregrasp_static,bowl_on_plate,2701242008,v1r_vis_s0_l2_pregrasp_static_09_state,v1r_vis_s0_l2_pregrasp_static_09_points128,35,20,0.6,pregrasp_static,primary_task_object,precomputed_reference_mask_sequence,mask_0_2_pregrasp_static_09,test,E10_ORACLE_HIDDEN_GT,True,5,0.25
0,v1r_vis_s0_l2_pregrasp_static_09,2,pregrasp_static,bowl_on_plate,2701242008,v1r_vis_s0_l2_pregrasp_static_09_state,v1r_vis_s0_l2_pregrasp_static_09_points128,35,20,0.6,pregrasp_static,primary_task_object,precomputed_reference_mask_sequence,mask_0_2_pregrasp_static_09,test,E10,False,10,0.5
0,v1r_vis_s0_l2_pregrasp_static_09,2,pregrasp_static,bowl_on_plate,2701242008,v1r_vis_s0_l2_pregrasp_static_09_state,v1r_vis_s0_l2_pregrasp_static_09_points128,35,20,0.6,pregrasp_static,primary_task_object,precomputed_reference_mask_sequence,mask_0_2_pregrasp_static_09,test,E10_ORACLE_HIDDEN_GT,True,10,0.5
0,v1r_vis_s0_l2_pregrasp_static_09,2,pregrasp_static,bowl_on_plate,2701242008,v1r_vis_s0_l2_pregrasp_static_09_state,v1r_vis_s0_l2_pregrasp_static_09_points128,35,20,0.6,pregrasp_static,primary_task_object,precomputed_reference_mask_sequence,mask_0_2_pregrasp_static_09,test,E10,False,20,1.0
0,v1r_vis_s0_l2_pregrasp_static_09,2,pregrasp_static,bowl_on_plate,2701242008,v1r_vis_s0_l2_pregrasp_static_09_state,v1r_vis_s0_l2_pregrasp_static_09_points128,35,20,0.6,pregrasp_static,primary_task_object,precomputed_reference_mask_sequence,mask_0_2_pregrasp_static_09,test,E10_ORACLE_HIDDEN_GT,True,20,1.0
0,v1r_vis_s0_l2_transport_moving_00,2,transport_moving,bowl_on_plate,1741733440,v1r_vis_s0_l2_transport_moving_00_state,v1r_vis_s0_l2_transport_moving_00_points128,35,20,0.6,transport_moving,primary_task_object,precomputed_reference_mask_sequence,mask_0_2_transport_moving_00,test,E00_CLEAN,False,0,0.0
0,v1r_vis_s0_l2_transport_moving_00,2,transport_moving,bowl_on_plate,1741733440,v1r_vis_s0_l2_transport_moving_00_state,v1r_vis_s0_l2_transport_moving_00_points128,35,20,0.6,transport_moving,primary_task_object,precomputed_reference_mask_sequence,mask_0_2_transport_moving_00,test,E10,False,5,0.25
0,v1r_vis_s0_l2_transport_moving_00,2,transport_moving,bowl_on_plate,1741733440,v1r_vis_s0_l2_transport_moving_00_state,v1r_vis_s0_l2_transport_moving_00_points128,35,20,0.6,transport_moving,primary_task_object,precomputed_reference_mask_sequence,mask_0_2_transport_moving_00,test,E10_ORACLE_HIDDEN_GT,True,5,0.25
0,v1r_vis_s0_l2_transport_moving_00,2,transport_moving,bowl_on_plate,1741733440,v1r_vis_s0_l2_transport_moving_00_state,v1r_vis_s0_l2_transport_moving_00_points128,35,20,0.6,transport_moving,primary_task_object,precomputed_reference_mask_sequence,mask_0_2_transport_moving_00,test,E10,False,10,0.5
0,v1r_vis_s0_l2_transport_moving_00,2,transport_moving,bowl_on_plate,1741733440,v1r_vis_s0_l2_transport_moving_00_state,v1r_vis_s0_l2_transport_moving_00_points128,35,20,0.6,transport_moving,primary_task_object,precomputed_reference_mask_sequence,mask_0_2_transport_moving_00,test,E10_ORACLE_HIDDEN_GT,True,10,0.5
0,v1r_vis_s0_l2_transport_moving_00,2,transport_moving,bowl_on_plate,1741733440,v1r_vis_s0_l2_transport_moving_00_state,v1r_vis_s0_l2_transport_moving_00_points128,35,20,0.6,transport_moving,primary_task_object,precomputed_reference_mask_sequence,mask_0_2_transport_moving_00,test,E10,False,20,1.0
0,v1r_vis_s0_l2_transport_moving_00,2,transport_moving,bowl_on_plate,1741733440,v1r_vis_s0_l2_transport_moving_00_state,v1r_vis_s0_l2_transport_moving_00_points128,35,20,0.6,transport_moving,primary_task_object,precomputed_reference_mask_sequence,mask_0_2_transport_moving_00,test,E10_ORACLE_HIDDEN_GT,True,20,1.0
0,v1r_vis_s0_l2_transport_moving_01,2,transport_moving,bowl_on_plate,1935705045,v1r_vis_s0_l2_transport_moving_01_state,v1r_vis_s0_l2_transport_moving_01_points128,20,20,0.6,transport_moving,primary_task_object,precomputed_reference_mask_sequence,mask_0_2_transport_moving_01,test,E00_CLEAN,False,0,0.0
0,v1r_vis_s0_l2_transport_moving_01,2,transport_moving,bowl_on_plate,1935705045,v1r_vis_s0_l2_transport_moving_01_state,v1r_vis_s0_l2_transport_moving_01_points128,20,20,0.6,transport_moving,primary_task_object,precomputed_reference_mask_sequence,mask_0_2_transport_moving_01,test,E10,False,5,0.25
0,v1r_vis_s0_l2_transport_moving_01,2,transport_moving,bowl_on_plate,1935705045,v1r_vis_s0_l2_transport_moving_01_state,v1r_vis_s0_l2_transport_moving_01_points128,20,20,0.6,transport_moving,primary_task_object,precomputed_reference_mask_sequence,mask_0_2_transport_moving_01,test,E10_ORACLE_HIDDEN_GT,True,5,0.25
0,v1r_vis_s0_l2_transport_moving_01,2,transport_moving,bowl_on_plate,1935705045,v1r_vis_s0_l2_transport_moving_01_state,v1r_vis_s0_l2_transport_moving_01_points128,20,20,0.6,transport_moving,primary_task_object,precomputed_reference_mask_sequence,mask_0_2_transport_moving_01,test,E10,False,10,0.5
0,v1r_vis_s0_l2_transport_moving_01,2,transport_moving,bowl_on_plate,1935705045,v1r_vis_s0_l2_transport_moving_01_state,v1r_vis_s0_l2_transport_moving_01_points128,20,20,0.6,transport_moving,primary_task_object,precomputed_reference_mask_sequence,mask_0_2_transport_moving_01,test,E10_ORACLE_HIDDEN_GT,True,10,0.5
0,v1r_vis_s0_l2_transport_moving_01,2,transport_moving,bowl_on_plate,1935705045,v1r_vis_s0_l2_transport_moving_01_state,v1r_vis_s0_l2_transport_moving_01_points128,20,20,0.6,transport_moving,primary_task_object,precomputed_reference_mask_sequence,mask_0_2_transport_moving_01,test,E10,False,20,1.0
0,v1r_vis_s0_l2_transport_moving_01,2,transport_moving,bowl_on_plate,1935705045,v1r_vis_s0_l2_transport_moving_01_state,v1r_vis_s0_l2_transport_moving_01_points128,20,20,0.6,transport_moving,primary_task_object,precomputed_reference_mask_sequence,mask_0_2_transport_moving_01,test,E10_ORACLE_HIDDEN_GT,True,20,1.0
0,v1r_vis_s0_l2_transport_moving_02,2,transport_moving,bowl_on_plate,337681243,v1r_vis_s0_l2_transport_moving_02_state,v1r_vis_s0_l2_transport_moving_02_points128,25,20,0.6,transport_moving,primary_task_object,precomputed_reference_mask_sequence,mask_0_2_transport_moving_02,test,E00_CLEAN,False,0,0.0
0,v1r_vis_s0_l2_transport_moving_02,2,transport_moving,bowl_on_plate,337681243,v1r_vis_s0_l2_transport_moving_02_state,v1r_vis_s0_l2_transport_moving_02_points128,25,20,0.6,transport_moving,primary_task_object,precomputed_reference_mask_sequence,mask_0_2_transport_moving_02,test,E10,False,5,0.25
0,v1r_vis_s0_l2_transport_moving_02,2,transport_moving,bowl_on_plate,337681243,v1r_vis_s0_l2_transport_moving_02_state,v1r_vis_s0_l2_transport_moving_02_points128,25,20,0.6,transport_moving,primary_task_object,precomputed_reference_mask_sequence,mask_0_2_transport_moving_02,test,E10_ORACLE_HIDDEN_GT,True,5,0.25
0,v1r_vis_s0_l2_transport_moving_02,2,transport_moving,bowl_on_plate,337681243,v1r_vis_s0_l2_transport_moving_02_state,v1r_vis_s0_l2_transport_moving_02_points128,25,20,0.6,transport_moving,primary_task_object,precomputed_reference_mask_sequence,mask_0_2_transport_moving_02,test,E10,False,10,0.5
0,v1r_vis_s0_l2_transport_moving_02,2,transport_moving,bowl_on_plate,337681243,v1r_vis_s0_l2_transport_moving_02_state,v1r_vis_s0_l2_transport_moving_02_points128,25,20,0.6,transport_moving,primary_task_object,precomputed_reference_mask_sequence,mask_0_2_transport_moving_02,test,E10_ORACLE_HIDDEN_GT,True,10,0.5
0,v1r_vis_s0_l2_transport_moving_02,2,transport_moving,bowl_on_plate,337681243,v1r_vis_s0_l2_transport_moving_02_state,v1r_vis_s0_l2_transport_moving_02_points128,25,20,0.6,transport_moving,primary_task_object,precomputed_reference_mask_sequence,mask_0_2_transport_moving_02,test,E10,False,20,1.0
0,v1r_vis_s0_l2_transport_moving_02,2,transport_moving,bowl_on_plate,337681243,v1r_vis_s0_l2_transport_moving_02_state,v1r_vis_s0_l2_transport_moving_02_points128,25,20,0.6,transport_moving,primary_task_object,precomputed_reference_mask_sequence,mask_0_2_transport_moving_02,test,E10_ORACLE_HIDDEN_GT,True,20,1.0
0,v1r_vis_s0_l2_transport_moving_03,2,transport_moving,bowl_on_plate,1397048850,v1r_vis_s0_l2_transport_moving_03_state,v1r_vis_s0_l2_transport_moving_03_points128,30,20,0.6,transport_moving,primary_task_object,precomputed_reference_mask_sequence,mask_0_2_transport_moving_03,test,E00_CLEAN,False,0,0.0
0,v1r_vis_s0_l2_transport_moving_03,2,transport_moving,bowl_on_plate,1397048850,v1r_vis_s0_l2_transport_moving_03_state,v1r_vis_s0_l2_transport_moving_03_points128,30,20,0.6,transport_moving,primary_task_object,precomputed_reference_mask_sequence,mask_0_2_transport_moving_03,test,E10,False,5,0.25
0,v1r_vis_s0_l2_transport_moving_03,2,transport_moving,bowl_on_plate,1397048850,v1r_vis_s0_l2_transport_moving_03_state,v1r_vis_s0_l2_transport_moving_03_points128,30,20,0.6,transport_moving,primary_task_object,precomputed_reference_mask_sequence,mask_0_2_transport_moving_03,test,E10_ORACLE_HIDDEN_GT,True,5,0.25
0,v1r_vis_s0_l2_transport_moving_03,2,transport_moving,bowl_on_plate,1397048850,v1r_vis_s0_l2_transport_moving_03_state,v1r_vis_s0_l2_transport_moving_03_points128,30,20,0.6,transport_moving,primary_task_object,precomputed_reference_mask_sequence,mask_0_2_transport_moving_03,test,E10,False,10,0.5
0,v1r_vis_s0_l2_transport_moving_03,2,transport_moving,bowl_on_plate,1397048850,v1r_vis_s0_l2_transport_moving_03_state,v1r_vis_s0_l2_transport_moving_03_points128,30,20,0.6,transport_moving,primary_task_object,precomputed_reference_mask_sequence,mask_0_2_transport_moving_03,test,E10_ORACLE_HIDDEN_GT,True,10,0.5
0,v1r_vis_s0_l2_transport_moving_03,2,transport_moving,bowl_on_plate,1397048850,v1r_vis_s0_l2_transport_moving_03_state,v1r_vis_s0_l2_transport_moving_03_points128,30,20,0.6,transport_moving,primary_task_object,precomputed_reference_mask_sequence,mask_0_2_transport_moving_03,test,E10,False,20,1.0
0,v1r_vis_s0_l2_transport_moving_03,2,transport_moving,bowl_on_plate,1397048850,v1r_vis_s0_l2_transport_moving_03_state,v1r_vis_s0_l2_transport_moving_03_points128,30,20,0.6,transport_moving,primary_task_object,precomputed_reference_mask_sequence,mask_0_2_transport_moving_03,test,E10_ORACLE_HIDDEN_GT,True,20,1.0
0,v1r_vis_s0_l2_transport_moving_04,2,transport_moving,bowl_on_plate,4145525946,v1r_vis_s0_l2_transport_moving_04_state,v1r_vis_s0_l2_transport_moving_04_points128,35,20,0.6,transport_moving,primary_task_object,precomputed_reference_mask_sequence,mask_0_2_transport_moving_04,test,E00_CLEAN,False,0,0.0
0,v1r_vis_s0_l2_transport_moving_04,2,transport_moving,bowl_on_plate,4145525946,v1r_vis_s0_l2_transport_moving_04_state,v1r_vis_s0_l2_transport_moving_04_points128,35,20,0.6,transport_moving,primary_task_object,precomputed_reference_mask_sequence,mask_0_2_transport_moving_04,test,E10,False,5,0.25
0,v1r_vis_s0_l2_transport_moving_04,2,transport_moving,bowl_on_plate,4145525946,v1r_vis_s0_l2_transport_moving_04_state,v1r_vis_s0_l2_transport_moving_04_points128,35,20,0.6,transport_moving,primary_task_object,precomputed_reference_mask_sequence,mask_0_2_transport_moving_04,test,E10_ORACLE_HIDDEN_GT,True,5,0.25
0,v1r_vis_s0_l2_transport_moving_04,2,transport_moving,bowl_on_plate,4145525946,v1r_vis_s0_l2_transport_moving_04_state,v1r_vis_s0_l2_transport_moving_04_points128,35,20,0.6,transport_moving,primary_task_object,precomputed_reference_mask_sequence,mask_0_2_transport_moving_04,test,E10,False,10,0.5
0,v1r_vis_s0_l2_transport_moving_04,2,transport_moving,bowl_on_plate,4145525946,v1r_vis_s0_l2_transport_moving_04_state,v1r_vis_s0_l2_transport_moving_04_points128,35,20,0.6,transport_moving,primary_task_object,precomputed_reference_mask_sequence,mask_0_2_transport_moving_04,test,E10_ORACLE_HIDDEN_GT,True,10,0.5
0,v1r_vis_s0_l2_transport_moving_04,2,transport_moving,bowl_on_plate,4145525946,v1r_vis_s0_l2_transport_moving_04_state,v1r_vis_s0_l2_transport_moving_04_points128,35,20,0.6,transport_moving,primary_task_object,precomputed_reference_mask_sequence,mask_0_2_transport_moving_04,test,E10,False,20,1.0
0,v1r_vis_s0_l2_transport_moving_04,2,transport_moving,bowl_on_plate,4145525946,v1r_vis_s0_l2_transport_moving_04_state,v1r_vis_s0_l2_transport_moving_04_points128,35,20,0.6,transport_moving,primary_task_object,precomputed_reference_mask_sequence,mask_0_2_transport_moving_04,test,E10_ORACLE_HIDDEN_GT,True,20,1.0
0,v1r_vis_s0_l2_transport_moving_05,2,transport_moving,bowl_on_plate,183332785,v1r_vis_s0_l2_transport_moving_05_state,v1r_vis_s0_l2_transport_moving_05_points128,20,20,0.6,transport_moving,primary_task_object,precomputed_reference_mask_sequence,mask_0_2_transport_moving_05,test,E00_CLEAN,False,0,0.0
0,v1r_vis_s0_l2_transport_moving_05,2,transport_moving,bowl_on_plate,183332785,v1r_vis_s0_l2_transport_moving_05_state,v1r_vis_s0_l2_transport_moving_05_points128,20,20,0.6,transport_moving,primary_task_object,precomputed_reference_mask_sequence,mask_0_2_transport_moving_05,test,E10,False,5,0.25
0,v1r_vis_s0_l2_transport_moving_05,2,transport_moving,bowl_on_plate,183332785,v1r_vis_s0_l2_transport_moving_05_state,v1r_vis_s0_l2_transport_moving_05_points128,20,20,0.6,transport_moving,primary_task_object,precomputed_reference_mask_sequence,mask_0_2_transport_moving_05,test,E10_ORACLE_HIDDEN_GT,True,5,0.25
0,v1r_vis_s0_l2_transport_moving_05,2,transport_moving,bowl_on_plate,183332785,v1r_vis_s0_l2_transport_moving_05_state,v1r_vis_s0_l2_transport_moving_05_points128,20,20,0.6,transport_moving,primary_task_object,precomputed_reference_mask_sequence,mask_0_2_transport_moving_05,test,E10,False,10,0.5
0,v1r_vis_s0_l2_transport_moving_05,2,transport_moving,bowl_on_plate,183332785,v1r_vis_s0_l2_transport_moving_05_state,v1r_vis_s0_l2_transport_moving_05_points128,20,20,0.6,transport_moving,primary_task_object,precomputed_reference_mask_sequence,mask_0_2_transport_moving_05,test,E10_ORACLE_HIDDEN_GT,True,10,0.5
0,v1r_vis_s0_l2_transport_moving_05,2,transport_moving,bowl_on_plate,183332785,v1r_vis_s0_l2_transport_moving_05_state,v1r_vis_s0_l2_transport_moving_05_points128,20,20,0.6,transport_moving,primary_task_object,precomputed_reference_mask_sequence,mask_0_2_transport_moving_05,test,E10,False,20,1.0
0,v1r_vis_s0_l2_transport_moving_05,2,transport_moving,bowl_on_plate,183332785,v1r_vis_s0_l2_transport_moving_05_state,v1r_vis_s0_l2_transport_moving_05_points128,20,20,0.6,transport_moving,primary_task_object,precomputed_reference_mask_sequence,mask_0_2_transport_moving_05,test,E10_ORACLE_HIDDEN_GT,True,20,1.0
0,v1r_vis_s0_l2_transport_moving_06,2,transport_moving,bowl_on_plate,3796884047,v1r_vis_s0_l2_transport_moving_06_state,v1r_vis_s0_l2_transport_moving_06_points128,25,20,0.6,transport_moving,primary_task_object,precomputed_reference_mask_sequence,mask_0_2_transport_moving_06,test,E00_CLEAN,False,0,0.0
0,v1r_vis_s0_l2_transport_moving_06,2,transport_moving,bowl_on_plate,3796884047,v1r_vis_s0_l2_transport_moving_06_state,v1r_vis_s0_l2_transport_moving_06_points128,25,20,0.6,transport_moving,primary_task_object,precomputed_reference_mask_sequence,mask_0_2_transport_moving_06,test,E10,False,5,0.25
0,v1r_vis_s0_l2_transport_moving_06,2,transport_moving,bowl_on_plate,3796884047,v1r_vis_s0_l2_transport_moving_06_state,v1r_vis_s0_l2_transport_moving_06_points128,25,20,0.6,transport_moving,primary_task_object,precomputed_reference_mask_sequence,mask_0_2_transport_moving_06,test,E10_ORACLE_HIDDEN_GT,True,5,0.25
0,v1r_vis_s0_l2_transport_moving_06,2,transport_moving,bowl_on_plate,3796884047,v1r_vis_s0_l2_transport_moving_06_state,v1r_vis_s0_l2_transport_moving_06_points128,25,20,0.6,transport_moving,primary_task_object,precomputed_reference_mask_sequence,mask_0_2_transport_moving_06,test,E10,False,10,0.5
0,v1r_vis_s0_l2_transport_moving_06,2,transport_moving,bowl_on_plate,3796884047,v1r_vis_s0_l2_transport_moving_06_state,v1r_vis_s0_l2_transport_moving_06_points128,25,20,0.6,transport_moving,primary_task_object,precomputed_reference_mask_sequence,mask_0_2_transport_moving_06,test,E10_ORACLE_HIDDEN_GT,True,10,0.5
0,v1r_vis_s0_l2_transport_moving_06,2,transport_moving,bowl_on_plate,3796884047,v1r_vis_s0_l2_transport_moving_06_state,v1r_vis_s0_l2_transport_moving_06_points128,25,20,0.6,transport_moving,primary_task_object,precomputed_reference_mask_sequence,mask_0_2_transport_moving_06,test,E10,False,20,1.0
0,v1r_vis_s0_l2_transport_moving_06,2,transport_moving,bowl_on_plate,3796884047,v1r_vis_s0_l2_transport_moving_06_state,v1r_vis_s0_l2_transport_moving_06_points128,25,20,0.6,transport_moving,primary_task_object,precomputed_reference_mask_sequence,mask_0_2_transport_moving_06,test,E10_ORACLE_HIDDEN_GT,True,20,1.0
0,v1r_vis_s0_l2_transport_moving_07,2,transport_moving,bowl_on_plate,2607140852,v1r_vis_s0_l2_transport_moving_07_state,v1r_vis_s0_l2_transport_moving_07_points128,30,20,0.6,transport_moving,primary_task_object,precomputed_reference_mask_sequence,mask_0_2_transport_moving_07,test,E00_CLEAN,False,0,0.0
0,v1r_vis_s0_l2_transport_moving_07,2,transport_moving,bowl_on_plate,2607140852,v1r_vis_s0_l2_transport_moving_07_state,v1r_vis_s0_l2_transport_moving_07_points128,30,20,0.6,transport_moving,primary_task_object,precomputed_reference_mask_sequence,mask_0_2_transport_moving_07,test,E10,False,5,0.25
0,v1r_vis_s0_l2_transport_moving_07,2,transport_moving,bowl_on_plate,2607140852,v1r_vis_s0_l2_transport_moving_07_state,v1r_vis_s0_l2_transport_moving_07_points128,30,20,0.6,transport_moving,primary_task_object,precomputed_reference_mask_sequence,mask_0_2_transport_moving_07,test,E10_ORACLE_HIDDEN_GT,True,5,0.25
0,v1r_vis_s0_l2_transport_moving_07,2,transport_moving,bowl_on_plate,2607140852,v1r_vis_s0_l2_transport_moving_07_state,v1r_vis_s0_l2_transport_moving_07_points128,30,20,0.6,transport_moving,primary_task_object,precomputed_reference_mask_sequence,mask_0_2_transport_moving_07,test,E10,False,10,0.5
0,v1r_vis_s0_l2_transport_moving_07,2,transport_moving,bowl_on_plate,2607140852,v1r_vis_s0_l2_transport_moving_07_state,v1r_vis_s0_l2_transport_moving_07_points128,30,20,0.6,transport_moving,primary_task_object,precomputed_reference_mask_sequence,mask_0_2_transport_moving_07,test,E10_ORACLE_HIDDEN_GT,True,10,0.5
0,v1r_vis_s0_l2_transport_moving_07,2,transport_moving,bowl_on_plate,2607140852,v1r_vis_s0_l2_transport_moving_07_state,v1r_vis_s0_l2_transport_moving_07_points128,30,20,0.6,transport_moving,primary_task_object,precomputed_reference_mask_sequence,mask_0_2_transport_moving_07,test,E10,False,20,1.0
0,v1r_vis_s0_l2_transport_moving_07,2,transport_moving,bowl_on_plate,2607140852,v1r_vis_s0_l2_transport_moving_07_state,v1r_vis_s0_l2_transport_moving_07_points128,30,20,0.6,transport_moving,primary_task_object,precomputed_reference_mask_sequence,mask_0_2_transport_moving_07,test,E10_ORACLE_HIDDEN_GT,True,20,1.0
0,v1r_vis_s0_l2_transport_moving_08,2,transport_moving,bowl_on_plate,3654042110,v1r_vis_s0_l2_transport_moving_08_state,v1r_vis_s0_l2_transport_moving_08_points128,35,20,0.6,transport_moving,primary_task_object,precomputed_reference_mask_sequence,mask_0_2_transport_moving_08,test,E00_CLEAN,False,0,0.0
0,v1r_vis_s0_l2_transport_moving_08,2,transport_moving,bowl_on_plate,3654042110,v1r_vis_s0_l2_transport_moving_08_state,v1r_vis_s0_l2_transport_moving_08_points128,35,20,0.6,transport_moving,primary_task_object,precomputed_reference_mask_sequence,mask_0_2_transport_moving_08,test,E10,False,5,0.25
0,v1r_vis_s0_l2_transport_moving_08,2,transport_moving,bowl_on_plate,3654042110,v1r_vis_s0_l2_transport_moving_08_state,v1r_vis_s0_l2_transport_moving_08_points128,35,20,0.6,transport_moving,primary_task_object,precomputed_reference_mask_sequence,mask_0_2_transport_moving_08,test,E10_ORACLE_HIDDEN_GT,True,5,0.25
0,v1r_vis_s0_l2_transport_moving_08,2,transport_moving,bowl_on_plate,3654042110,v1r_vis_s0_l2_transport_moving_08_state,v1r_vis_s0_l2_transport_moving_08_points128,35,20,0.6,transport_moving,primary_task_object,precomputed_reference_mask_sequence,mask_0_2_transport_moving_08,test,E10,False,10,0.5
0,v1r_vis_s0_l2_transport_moving_08,2,transport_moving,bowl_on_plate,3654042110,v1r_vis_s0_l2_transport_moving_08_state,v1r_vis_s0_l2_transport_moving_08_points128,35,20,0.6,transport_moving,primary_task_object,precomputed_reference_mask_sequence,mask_0_2_transport_moving_08,test,E10_ORACLE_HIDDEN_GT,True,10,0.5
0,v1r_vis_s0_l2_transport_moving_08,2,transport_moving,bowl_on_plate,3654042110,v1r_vis_s0_l2_transport_moving_08_state,v1r_vis_s0_l2_transport_moving_08_points128,35,20,0.6,transport_moving,primary_task_object,precomputed_reference_mask_sequence,mask_0_2_transport_moving_08,test,E10,False,20,1.0
0,v1r_vis_s0_l2_transport_moving_08,2,transport_moving,bowl_on_plate,3654042110,v1r_vis_s0_l2_transport_moving_08_state,v1r_vis_s0_l2_transport_moving_08_points128,35,20,0.6,transport_moving,primary_task_object,precomputed_reference_mask_sequence,mask_0_2_transport_moving_08,test,E10_ORACLE_HIDDEN_GT,True,20,1.0
0,v1r_vis_s0_l2_transport_moving_09,2,transport_moving,bowl_on_plate,626054360,v1r_vis_s0_l2_transport_moving_09_state,v1r_vis_s0_l2_transport_moving_09_points128,20,20,0.6,transport_moving,primary_task_object,precomputed_reference_mask_sequence,mask_0_2_transport_moving_09,test,E00_CLEAN,False,0,0.0
0,v1r_vis_s0_l2_transport_moving_09,2,transport_moving,bowl_on_plate,626054360,v1r_vis_s0_l2_transport_moving_09_state,v1r_vis_s0_l2_transport_moving_09_points128,20,20,0.6,transport_moving,primary_task_object,precomputed_reference_mask_sequence,mask_0_2_transport_moving_09,test,E10,False,5,0.25
0,v1r_vis_s0_l2_transport_moving_09,2,transport_moving,bowl_on_plate,626054360,v1r_vis_s0_l2_transport_moving_09_state,v1r_vis_s0_l2_transport_moving_09_points128,20,20,0.6,transport_moving,primary_task_object,precomputed_reference_mask_sequence,mask_0_2_transport_moving_09,test,E10_ORACLE_HIDDEN_GT,True,5,0.25
0,v1r_vis_s0_l2_transport_moving_09,2,transport_moving,bowl_on_plate,626054360,v1r_vis_s0_l2_transport_moving_09_state,v1r_vis_s0_l2_transport_moving_09_points128,20,20,0.6,transport_moving,primary_task_object,precomputed_reference_mask_sequence,mask_0_2_transport_moving_09,test,E10,False,10,0.5
0,v1r_vis_s0_l2_transport_moving_09,2,transport_moving,bowl_on_plate,626054360,v1r_vis_s0_l2_transport_moving_09_state,v1r_vis_s0_l2_transport_moving_09_points128,20,20,0.6,transport_moving,primary_task_object,precomputed_reference_mask_sequence,mask_0_2_transport_moving_09,test,E10_ORACLE_HIDDEN_GT,True,10,0.5
0,v1r_vis_s0_l2_transport_moving_09,2,transport_moving,bowl_on_plate,626054360,v1r_vis_s0_l2_transport_moving_09_state,v1r_vis_s0_l2_transport_moving_09_points128,20,20,0.6,transport_moving,primary_task_object,precomputed_reference_mask_sequence,mask_0_2_transport_moving_09,test,E10,False,20,1.0
0,v1r_vis_s0_l2_transport_moving_09,2,transport_moving,bowl_on_plate,626054360,v1r_vis_s0_l2_transport_moving_09_state,v1r_vis_s0_l2_transport_moving_09_points128,20,20,0.6,transport_moving,primary_task_object,precomputed_reference_mask_sequence,mask_0_2_transport_moving_09,test,E10_ORACLE_HIDDEN_GT,True,20,1.0
0,v1r_vis_s0_l3_pregrasp_static_00,3,pregrasp_static,bowl_on_plate,2053798990,v1r_vis_s0_l3_pregrasp_static_00_state,v1r_vis_s0_l3_pregrasp_static_00_points128,35,20,0.6,pregrasp_static,primary_task_object,precomputed_reference_mask_sequence,mask_0_3_pregrasp_static_00,test,E00_CLEAN,False,0,0.0
0,v1r_vis_s0_l3_pregrasp_static_00,3,pregrasp_static,bowl_on_plate,2053798990,v1r_vis_s0_l3_pregrasp_static_00_state,v1r_vis_s0_l3_pregrasp_static_00_points128,35,20,0.6,pregrasp_static,primary_task_object,precomputed_reference_mask_sequence,mask_0_3_pregrasp_static_00,test,E10,False,5,0.25
0,v1r_vis_s0_l3_pregrasp_static_00,3,pregrasp_static,bowl_on_plate,2053798990,v1r_vis_s0_l3_pregrasp_static_00_state,v1r_vis_s0_l3_pregrasp_static_00_points128,35,20,0.6,pregrasp_static,primary_task_object,precomputed_reference_mask_sequence,mask_0_3_pregrasp_static_00,test,E10_ORACLE_HIDDEN_GT,True,5,0.25
0,v1r_vis_s0_l3_pregrasp_static_00,3,pregrasp_static,bowl_on_plate,2053798990,v1r_vis_s0_l3_pregrasp_static_00_state,v1r_vis_s0_l3_pregrasp_static_00_points128,35,20,0.6,pregrasp_static,primary_task_object,precomputed_reference_mask_sequence,mask_0_3_pregrasp_static_00,test,E10,False,10,0.5
0,v1r_vis_s0_l3_pregrasp_static_00,3,pregrasp_static,bowl_on_plate,2053798990,v1r_vis_s0_l3_pregrasp_static_00_state,v1r_vis_s0_l3_pregrasp_static_00_points128,35,20,0.6,pregrasp_static,primary_task_object,precomputed_reference_mask_sequence,mask_0_3_pregrasp_static_00,test,E10_ORACLE_HIDDEN_GT,True,10,0.5
0,v1r_vis_s0_l3_pregrasp_static_00,3,pregrasp_static,bowl_on_plate,2053798990,v1r_vis_s0_l3_pregrasp_static_00_state,v1r_vis_s0_l3_pregrasp_static_00_points128,35,20,0.6,pregrasp_static,primary_task_object,precomputed_reference_mask_sequence,mask_0_3_pregrasp_static_00,test,E10,False,20,1.0
0,v1r_vis_s0_l3_pregrasp_static_00,3,pregrasp_static,bowl_on_plate,2053798990,v1r_vis_s0_l3_pregrasp_static_00_state,v1r_vis_s0_l3_pregrasp_static_00_points128,35,20,0.6,pregrasp_static,primary_task_object,precomputed_reference_mask_sequence,mask_0_3_pregrasp_static_00,test,E10_ORACLE_HIDDEN_GT,True,20,1.0
0,v1r_vis_s0_l3_pregrasp_static_01,3,pregrasp_static,bowl_on_plate,2482890522,v1r_vis_s0_l3_pregrasp_static_01_state,v1r_vis_s0_l3_pregrasp_static_01_points128,20,20,0.6,pregrasp_static,primary_task_object,precomputed_reference_mask_sequence,mask_0_3_pregrasp_static_01,test,E00_CLEAN,False,0,0.0
0,v1r_vis_s0_l3_pregrasp_static_01,3,pregrasp_static,bowl_on_plate,2482890522,v1r_vis_s0_l3_pregrasp_static_01_state,v1r_vis_s0_l3_pregrasp_static_01_points128,20,20,0.6,pregrasp_static,primary_task_object,precomputed_reference_mask_sequence,mask_0_3_pregrasp_static_01,test,E10,False,5,0.25
0,v1r_vis_s0_l3_pregrasp_static_01,3,pregrasp_static,bowl_on_plate,2482890522,v1r_vis_s0_l3_pregrasp_static_01_state,v1r_vis_s0_l3_pregrasp_static_01_points128,20,20,0.6,pregrasp_static,primary_task_object,precomputed_reference_mask_sequence,mask_0_3_pregrasp_static_01,test,E10_ORACLE_HIDDEN_GT,True,5,0.25
0,v1r_vis_s0_l3_pregrasp_static_01,3,pregrasp_static,bowl_on_plate,2482890522,v1r_vis_s0_l3_pregrasp_static_01_state,v1r_vis_s0_l3_pregrasp_static_01_points128,20,20,0.6,pregrasp_static,primary_task_object,precomputed_reference_mask_sequence,mask_0_3_pregrasp_static_01,test,E10,False,10,0.5
0,v1r_vis_s0_l3_pregrasp_static_01,3,pregrasp_static,bowl_on_plate,2482890522,v1r_vis_s0_l3_pregrasp_static_01_state,v1r_vis_s0_l3_pregrasp_static_01_points128,20,20,0.6,pregrasp_static,primary_task_object,precomputed_reference_mask_sequence,mask_0_3_pregrasp_static_01,test,E10_ORACLE_HIDDEN_GT,True,10,0.5
0,v1r_vis_s0_l3_pregrasp_static_01,3,pregrasp_static,bowl_on_plate,2482890522,v1r_vis_s0_l3_pregrasp_static_01_state,v1r_vis_s0_l3_pregrasp_static_01_points128,20,20,0.6,pregrasp_static,primary_task_object,precomputed_reference_mask_sequence,mask_0_3_pregrasp_static_01,test,E10,False,20,1.0
0,v1r_vis_s0_l3_pregrasp_static_01,3,pregrasp_static,bowl_on_plate,2482890522,v1r_vis_s0_l3_pregrasp_static_01_state,v1r_vis_s0_l3_pregrasp_static_01_points128,20,20,0.6,pregrasp_static,primary_task_object,precomputed_reference_mask_sequence,mask_0_3_pregrasp_static_01,test,E10_ORACLE_HIDDEN_GT,True,20,1.0
0,v1r_vis_s0_l3_pregrasp_static_02,3,pregrasp_static,bowl_on_plate,670340459,v1r_vis_s0_l3_pregrasp_static_02_state,v1r_vis_s0_l3_pregrasp_static_02_points128,25,20,0.6,pregrasp_static,primary_task_object,precomputed_reference_mask_sequence,mask_0_3_pregrasp_static_02,test,E00_CLEAN,False,0,0.0
0,v1r_vis_s0_l3_pregrasp_static_02,3,pregrasp_static,bowl_on_plate,670340459,v1r_vis_s0_l3_pregrasp_static_02_state,v1r_vis_s0_l3_pregrasp_static_02_points128,25,20,0.6,pregrasp_static,primary_task_object,precomputed_reference_mask_sequence,mask_0_3_pregrasp_static_02,test,E10,False,5,0.25
0,v1r_vis_s0_l3_pregrasp_static_02,3,pregrasp_static,bowl_on_plate,670340459,v1r_vis_s0_l3_pregrasp_static_02_state,v1r_vis_s0_l3_pregrasp_static_02_points128,25,20,0.6,pregrasp_static,primary_task_object,precomputed_reference_mask_sequence,mask_0_3_pregrasp_static_02,test,E10_ORACLE_HIDDEN_GT,True,5,0.25
0,v1r_vis_s0_l3_pregrasp_static_02,3,pregrasp_static,bowl_on_plate,670340459,v1r_vis_s0_l3_pregrasp_static_02_state,v1r_vis_s0_l3_pregrasp_static_02_points128,25,20,0.6,pregrasp_static,primary_task_object,precomputed_reference_mask_sequence,mask_0_3_pregrasp_static_02,test,E10,False,10,0.5
0,v1r_vis_s0_l3_pregrasp_static_02,3,pregrasp_static,bowl_on_plate,670340459,v1r_vis_s0_l3_pregrasp_static_02_state,v1r_vis_s0_l3_pregrasp_static_02_points128,25,20,0.6,pregrasp_static,primary_task_object,precomputed_reference_mask_sequence,mask_0_3_pregrasp_static_02,test,E10_ORACLE_HIDDEN_GT,True,10,0.5
0,v1r_vis_s0_l3_pregrasp_static_02,3,pregrasp_static,bowl_on_plate,670340459,v1r_vis_s0_l3_pregrasp_static_02_state,v1r_vis_s0_l3_pregrasp_static_02_points128,25,20,0.6,pregrasp_static,primary_task_object,precomputed_reference_mask_sequence,mask_0_3_pregrasp_static_02,test,E10,False,20,1.0
0,v1r_vis_s0_l3_pregrasp_static_02,3,pregrasp_static,bowl_on_plate,670340459,v1r_vis_s0_l3_pregrasp_static_02_state,v1r_vis_s0_l3_pregrasp_static_02_points128,25,20,0.6,pregrasp_static,primary_task_object,precomputed_reference_mask_sequence,mask_0_3_pregrasp_static_02,test,E10_ORACLE_HIDDEN_GT,True,20,1.0
0,v1r_vis_s0_l3_pregrasp_static_03,3,pregrasp_static,bowl_on_plate,675886621,v1r_vis_s0_l3_pregrasp_static_03_state,v1r_vis_s0_l3_pregrasp_static_03_points128,30,20,0.6,pregrasp_static,primary_task_object,precomputed_reference_mask_sequence,mask_0_3_pregrasp_static_03,test,E00_CLEAN,False,0,0.0
0,v1r_vis_s0_l3_pregrasp_static_03,3,pregrasp_static,bowl_on_plate,675886621,v1r_vis_s0_l3_pregrasp_static_03_state,v1r_vis_s0_l3_pregrasp_static_03_points128,30,20,0.6,pregrasp_static,primary_task_object,precomputed_reference_mask_sequence,mask_0_3_pregrasp_static_03,test,E10,False,5,0.25
0,v1r_vis_s0_l3_pregrasp_static_03,3,pregrasp_static,bowl_on_plate,675886621,v1r_vis_s0_l3_pregrasp_static_03_state,v1r_vis_s0_l3_pregrasp_static_03_points128,30,20,0.6,pregrasp_static,primary_task_object,precomputed_reference_mask_sequence,mask_0_3_pregrasp_static_03,test,E10_ORACLE_HIDDEN_GT,True,5,0.25
0,v1r_vis_s0_l3_pregrasp_static_03,3,pregrasp_static,bowl_on_plate,675886621,v1r_vis_s0_l3_pregrasp_static_03_state,v1r_vis_s0_l3_pregrasp_static_03_points128,30,20,0.6,pregrasp_static,primary_task_object,precomputed_reference_mask_sequence,mask_0_3_pregrasp_static_03,test,E10,False,10,0.5
0,v1r_vis_s0_l3_pregrasp_static_03,3,pregrasp_static,bowl_on_plate,675886621,v1r_vis_s0_l3_pregrasp_static_03_state,v1r_vis_s0_l3_pregrasp_static_03_points128,30,20,0.6,pregrasp_static,primary_task_object,precomputed_reference_mask_sequence,mask_0_3_pregrasp_static_03,test,E10_ORACLE_HIDDEN_GT,True,10,0.5
0,v1r_vis_s0_l3_pregrasp_static_03,3,pregrasp_static,bowl_on_plate,675886621,v1r_vis_s0_l3_pregrasp_static_03_state,v1r_vis_s0_l3_pregrasp_static_03_points128,30,20,0.6,pregrasp_static,primary_task_object,precomputed_reference_mask_sequence,mask_0_3_pregrasp_static_03,test,E10,False,20,1.0
0,v1r_vis_s0_l3_pregrasp_static_03,3,pregrasp_static,bowl_on_plate,675886621,v1r_vis_s0_l3_pregrasp_static_03_state,v1r_vis_s0_l3_pregrasp_static_03_points128,30,20,0.6,pregrasp_static,primary_task_object,precomputed_reference_mask_sequence,mask_0_3_pregrasp_static_03,test,E10_ORACLE_HIDDEN_GT,True,20,1.0
0,v1r_vis_s0_l3_pregrasp_static_04,3,pregrasp_static,bowl_on_plate,4216130396,v1r_vis_s0_l3_pregrasp_static_04_state,v1r_vis_s0_l3_pregrasp_static_04_points128,35,20,0.6,pregrasp_static,primary_task_object,precomputed_reference_mask_sequence,mask_0_3_pregrasp_static_04,test,E00_CLEAN,False,0,0.0
0,v1r_vis_s0_l3_pregrasp_static_04,3,pregrasp_static,bowl_on_plate,4216130396,v1r_vis_s0_l3_pregrasp_static_04_state,v1r_vis_s0_l3_pregrasp_static_04_points128,35,20,0.6,pregrasp_static,primary_task_object,precomputed_reference_mask_sequence,mask_0_3_pregrasp_static_04,test,E10,False,5,0.25
0,v1r_vis_s0_l3_pregrasp_static_04,3,pregrasp_static,bowl_on_plate,4216130396,v1r_vis_s0_l3_pregrasp_static_04_state,v1r_vis_s0_l3_pregrasp_static_04_points128,35,20,0.6,pregrasp_static,primary_task_object,precomputed_reference_mask_sequence,mask_0_3_pregrasp_static_04,test,E10_ORACLE_HIDDEN_GT,True,5,0.25
0,v1r_vis_s0_l3_pregrasp_static_04,3,pregrasp_static,bowl_on_plate,4216130396,v1r_vis_s0_l3_pregrasp_static_04_state,v1r_vis_s0_l3_pregrasp_static_04_points128,35,20,0.6,pregrasp_static,primary_task_object,precomputed_reference_mask_sequence,mask_0_3_pregrasp_static_04,test,E10,False,10,0.5
0,v1r_vis_s0_l3_pregrasp_static_04,3,pregrasp_static,bowl_on_plate,4216130396,v1r_vis_s0_l3_pregrasp_static_04_state,v1r_vis_s0_l3_pregrasp_static_04_points128,35,20,0.6,pregrasp_static,primary_task_object,precomputed_reference_mask_sequence,mask_0_3_pregrasp_static_04,test,E10_ORACLE_HIDDEN_GT,True,10,0.5
0,v1r_vis_s0_l3_pregrasp_static_04,3,pregrasp_static,bowl_on_plate,4216130396,v1r_vis_s0_l3_pregrasp_static_04_state,v1r_vis_s0_l3_pregrasp_static_04_points128,35,20,0.6,pregrasp_static,primary_task_object,precomputed_reference_mask_sequence,mask_0_3_pregrasp_static_04,test,E10,False,20,1.0
0,v1r_vis_s0_l3_pregrasp_static_04,3,pregrasp_static,bowl_on_plate,4216130396,v1r_vis_s0_l3_pregrasp_static_04_state,v1r_vis_s0_l3_pregrasp_static_04_points128,35,20,0.6,pregrasp_static,primary_task_object,precomputed_reference_mask_sequence,mask_0_3_pregrasp_static_04,test,E10_ORACLE_HIDDEN_GT,True,20,1.0
0,v1r_vis_s0_l3_pregrasp_static_05,3,pregrasp_static,bowl_on_plate,1736773001,v1r_vis_s0_l3_pregrasp_static_05_state,v1r_vis_s0_l3_pregrasp_static_05_points128,20,20,0.6,pregrasp_static,primary_task_object,precomputed_reference_mask_sequence,mask_0_3_pregrasp_static_05,test,E00_CLEAN,False,0,0.0
0,v1r_vis_s0_l3_pregrasp_static_05,3,pregrasp_static,bowl_on_plate,1736773001,v1r_vis_s0_l3_pregrasp_static_05_state,v1r_vis_s0_l3_pregrasp_static_05_points128,20,20,0.6,pregrasp_static,primary_task_object,precomputed_reference_mask_sequence,mask_0_3_pregrasp_static_05,test,E10,False,5,0.25
0,v1r_vis_s0_l3_pregrasp_static_05,3,pregrasp_static,bowl_on_plate,1736773001,v1r_vis_s0_l3_pregrasp_static_05_state,v1r_vis_s0_l3_pregrasp_static_05_points128,20,20,0.6,pregrasp_static,primary_task_object,precomputed_reference_mask_sequence,mask_0_3_pregrasp_static_05,test,E10_ORACLE_HIDDEN_GT,True,5,0.25
0,v1r_vis_s0_l3_pregrasp_static_05,3,pregrasp_static,bowl_on_plate,1736773001,v1r_vis_s0_l3_pregrasp_static_05_state,v1r_vis_s0_l3_pregrasp_static_05_points128,20,20,0.6,pregrasp_static,primary_task_object,precomputed_reference_mask_sequence,mask_0_3_pregrasp_static_05,test,E10,False,10,0.5
0,v1r_vis_s0_l3_pregrasp_static_05,3,pregrasp_static,bowl_on_plate,1736773001,v1r_vis_s0_l3_pregrasp_static_05_state,v1r_vis_s0_l3_pregrasp_static_05_points128,20,20,0.6,pregrasp_static,primary_task_object,precomputed_reference_mask_sequence,mask_0_3_pregrasp_static_05,test,E10_ORACLE_HIDDEN_GT,True,10,0.5
0,v1r_vis_s0_l3_pregrasp_static_05,3,pregrasp_static,bowl_on_plate,1736773001,v1r_vis_s0_l3_pregrasp_static_05_state,v1r_vis_s0_l3_pregrasp_static_05_points128,20,20,0.6,pregrasp_static,primary_task_object,precomputed_reference_mask_sequence,mask_0_3_pregrasp_static_05,test,E10,False,20,1.0
0,v1r_vis_s0_l3_pregrasp_static_05,3,pregrasp_static,bowl_on_plate,1736773001,v1r_vis_s0_l3_pregrasp_static_05_state,v1r_vis_s0_l3_pregrasp_static_05_points128,20,20,0.6,pregrasp_static,primary_task_object,precomputed_reference_mask_sequence,mask_0_3_pregrasp_static_05,test,E10_ORACLE_HIDDEN_GT,True,20,1.0
0,v1r_vis_s0_l3_pregrasp_static_06,3,pregrasp_static,bowl_on_plate,3733824371,v1r_vis_s0_l3_pregrasp_static_06_state,v1r_vis_s0_l3_pregrasp_static_06_points128,25,20,0.6,pregrasp_static,primary_task_object,precomputed_reference_mask_sequence,mask_0_3_pregrasp_static_06,test,E00_CLEAN,False,0,0.0
0,v1r_vis_s0_l3_pregrasp_static_06,3,pregrasp_static,bowl_on_plate,3733824371,v1r_vis_s0_l3_pregrasp_static_06_state,v1r_vis_s0_l3_pregrasp_static_06_points128,25,20,0.6,pregrasp_static,primary_task_object,precomputed_reference_mask_sequence,mask_0_3_pregrasp_static_06,test,E10,False,5,0.25
0,v1r_vis_s0_l3_pregrasp_static_06,3,pregrasp_static,bowl_on_plate,3733824371,v1r_vis_s0_l3_pregrasp_static_06_state,v1r_vis_s0_l3_pregrasp_static_06_points128,25,20,0.6,pregrasp_static,primary_task_object,precomputed_reference_mask_sequence,mask_0_3_pregrasp_static_06,test,E10_ORACLE_HIDDEN_GT,True,5,0.25
0,v1r_vis_s0_l3_pregrasp_static_06,3,pregrasp_static,bowl_on_plate,3733824371,v1r_vis_s0_l3_pregrasp_static_06_state,v1r_vis_s0_l3_pregrasp_static_06_points128,25,20,0.6,pregrasp_static,primary_task_object,precomputed_reference_mask_sequence,mask_0_3_pregrasp_static_06,test,E10,False,10,0.5
0,v1r_vis_s0_l3_pregrasp_static_06,3,pregrasp_static,bowl_on_plate,3733824371,v1r_vis_s0_l3_pregrasp_static_06_state,v1r_vis_s0_l3_pregrasp_static_06_points128,25,20,0.6,pregrasp_static,primary_task_object,precomputed_reference_mask_sequence,mask_0_3_pregrasp_static_06,test,E10_ORACLE_HIDDEN_GT,True,10,0.5
0,v1r_vis_s0_l3_pregrasp_static_06,3,pregrasp_static,bowl_on_plate,3733824371,v1r_vis_s0_l3_pregrasp_static_06_state,v1r_vis_s0_l3_pregrasp_static_06_points128,25,20,0.6,pregrasp_static,primary_task_object,precomputed_reference_mask_sequence,mask_0_3_pregrasp_static_06,test,E10,False,20,1.0
0,v1r_vis_s0_l3_pregrasp_static_06,3,pregrasp_static,bowl_on_plate,3733824371,v1r_vis_s0_l3_pregrasp_static_06_state,v1r_vis_s0_l3_pregrasp_static_06_points128,25,20,0.6,pregrasp_static,primary_task_object,precomputed_reference_mask_sequence,mask_0_3_pregrasp_static_06,test,E10_ORACLE_HIDDEN_GT,True,20,1.0
0,v1r_vis_s0_l3_pregrasp_static_07,3,pregrasp_static,bowl_on_plate,1829223170,v1r_vis_s0_l3_pregrasp_static_07_state,v1r_vis_s0_l3_pregrasp_static_07_points128,30,20,0.6,pregrasp_static,primary_task_object,precomputed_reference_mask_sequence,mask_0_3_pregrasp_static_07,test,E00_CLEAN,False,0,0.0
0,v1r_vis_s0_l3_pregrasp_static_07,3,pregrasp_static,bowl_on_plate,1829223170,v1r_vis_s0_l3_pregrasp_static_07_state,v1r_vis_s0_l3_pregrasp_static_07_points128,30,20,0.6,pregrasp_static,primary_task_object,precomputed_reference_mask_sequence,mask_0_3_pregrasp_static_07,test,E10,False,5,0.25
0,v1r_vis_s0_l3_pregrasp_static_07,3,pregrasp_static,bowl_on_plate,1829223170,v1r_vis_s0_l3_pregrasp_static_07_state,v1r_vis_s0_l3_pregrasp_static_07_points128,30,20,0.6,pregrasp_static,primary_task_object,precomputed_reference_mask_sequence,mask_0_3_pregrasp_static_07,test,E10_ORACLE_HIDDEN_GT,True,5,0.25
0,v1r_vis_s0_l3_pregrasp_static_07,3,pregrasp_static,bowl_on_plate,1829223170,v1r_vis_s0_l3_pregrasp_static_07_state,v1r_vis_s0_l3_pregrasp_static_07_points128,30,20,0.6,pregrasp_static,primary_task_object,precomputed_reference_mask_sequence,mask_0_3_pregrasp_static_07,test,E10,False,10,0.5
0,v1r_vis_s0_l3_pregrasp_static_07,3,pregrasp_static,bowl_on_plate,1829223170,v1r_vis_s0_l3_pregrasp_static_07_state,v1r_vis_s0_l3_pregrasp_static_07_points128,30,20,0.6,pregrasp_static,primary_task_object,precomputed_reference_mask_sequence,mask_0_3_pregrasp_static_07,test,E10_ORACLE_HIDDEN_GT,True,10,0.5
0,v1r_vis_s0_l3_pregrasp_static_07,3,pregrasp_static,bowl_on_plate,1829223170,v1r_vis_s0_l3_pregrasp_static_07_state,v1r_vis_s0_l3_pregrasp_static_07_points128,30,20,0.6,pregrasp_static,primary_task_object,precomputed_reference_mask_sequence,mask_0_3_pregrasp_static_07,test,E10,False,20,1.0
0,v1r_vis_s0_l3_pregrasp_static_07,3,pregrasp_static,bowl_on_plate,1829223170,v1r_vis_s0_l3_pregrasp_static_07_state,v1r_vis_s0_l3_pregrasp_static_07_points128,30,20,0.6,pregrasp_static,primary_task_object,precomputed_reference_mask_sequence,mask_0_3_pregrasp_static_07,test,E10_ORACLE_HIDDEN_GT,True,20,1.0
0,v1r_vis_s0_l3_pregrasp_static_08,3,pregrasp_static,bowl_on_plate,1700430952,v1r_vis_s0_l3_pregrasp_static_08_state,v1r_vis_s0_l3_pregrasp_static_08_points128,35,20,0.6,pregrasp_static,primary_task_object,precomputed_reference_mask_sequence,mask_0_3_pregrasp_static_08,test,E00_CLEAN,False,0,0.0
0,v1r_vis_s0_l3_pregrasp_static_08,3,pregrasp_static,bowl_on_plate,1700430952,v1r_vis_s0_l3_pregrasp_static_08_state,v1r_vis_s0_l3_pregrasp_static_08_points128,35,20,0.6,pregrasp_static,primary_task_object,precomputed_reference_mask_sequence,mask_0_3_pregrasp_static_08,test,E10,False,5,0.25
0,v1r_vis_s0_l3_pregrasp_static_08,3,pregrasp_static,bowl_on_plate,1700430952,v1r_vis_s0_l3_pregrasp_static_08_state,v1r_vis_s0_l3_pregrasp_static_08_points128,35,20,0.6,pregrasp_static,primary_task_object,precomputed_reference_mask_sequence,mask_0_3_pregrasp_static_08,test,E10_ORACLE_HIDDEN_GT,True,5,0.25
0,v1r_vis_s0_l3_pregrasp_static_08,3,pregrasp_static,bowl_on_plate,1700430952,v1r_vis_s0_l3_pregrasp_static_08_state,v1r_vis_s0_l3_pregrasp_static_08_points128,35,20,0.6,pregrasp_static,primary_task_object,precomputed_reference_mask_sequence,mask_0_3_pregrasp_static_08,test,E10,False,10,0.5
0,v1r_vis_s0_l3_pregrasp_static_08,3,pregrasp_static,bowl_on_plate,1700430952,v1r_vis_s0_l3_pregrasp_static_08_state,v1r_vis_s0_l3_pregrasp_static_08_points128,35,20,0.6,pregrasp_static,primary_task_object,precomputed_reference_mask_sequence,mask_0_3_pregrasp_static_08,test,E10_ORACLE_HIDDEN_GT,True,10,0.5
0,v1r_vis_s0_l3_pregrasp_static_08,3,pregrasp_static,bowl_on_plate,1700430952,v1r_vis_s0_l3_pregrasp_static_08_state,v1r_vis_s0_l3_pregrasp_static_08_points128,35,20,0.6,pregrasp_static,primary_task_object,precomputed_reference_mask_sequence,mask_0_3_pregrasp_static_08,test,E10,False,20,1.0
0,v1r_vis_s0_l3_pregrasp_static_08,3,pregrasp_static,bowl_on_plate,1700430952,v1r_vis_s0_l3_pregrasp_static_08_state,v1r_vis_s0_l3_pregrasp_static_08_points128,35,20,0.6,pregrasp_static,primary_task_object,precomputed_reference_mask_sequence,mask_0_3_pregrasp_static_08,test,E10_ORACLE_HIDDEN_GT,True,20,1.0
0,v1r_vis_s0_l3_pregrasp_static_09,3,pregrasp_static,bowl_on_plate,1929469815,v1r_vis_s0_l3_pregrasp_static_09_state,v1r_vis_s0_l3_pregrasp_static_09_points128,20,20,0.6,pregrasp_static,primary_task_object,precomputed_reference_mask_sequence,mask_0_3_pregrasp_static_09,test,E00_CLEAN,False,0,0.0
0,v1r_vis_s0_l3_pregrasp_static_09,3,pregrasp_static,bowl_on_plate,1929469815,v1r_vis_s0_l3_pregrasp_static_09_state,v1r_vis_s0_l3_pregrasp_static_09_points128,20,20,0.6,pregrasp_static,primary_task_object,precomputed_reference_mask_sequence,mask_0_3_pregrasp_static_09,test,E10,False,5,0.25
0,v1r_vis_s0_l3_pregrasp_static_09,3,pregrasp_static,bowl_on_plate,1929469815,v1r_vis_s0_l3_pregrasp_static_09_state,v1r_vis_s0_l3_pregrasp_static_09_points128,20,20,0.6,pregrasp_static,primary_task_object,precomputed_reference_mask_sequence,mask_0_3_pregrasp_static_09,test,E10_ORACLE_HIDDEN_GT,True,5,0.25
0,v1r_vis_s0_l3_pregrasp_static_09,3,pregrasp_static,bowl_on_plate,1929469815,v1r_vis_s0_l3_pregrasp_static_09_state,v1r_vis_s0_l3_pregrasp_static_09_points128,20,20,0.6,pregrasp_static,primary_task_object,precomputed_reference_mask_sequence,mask_0_3_pregrasp_static_09,test,E10,False,10,0.5
0,v1r_vis_s0_l3_pregrasp_static_09,3,pregrasp_static,bowl_on_plate,1929469815,v1r_vis_s0_l3_pregrasp_static_09_state,v1r_vis_s0_l3_pregrasp_static_09_points128,20,20,0.6,pregrasp_static,primary_task_object,precomputed_reference_mask_sequence,mask_0_3_pregrasp_static_09,test,E10_ORACLE_HIDDEN_GT,True,10,0.5
0,v1r_vis_s0_l3_pregrasp_static_09,3,pregrasp_static,bowl_on_plate,1929469815,v1r_vis_s0_l3_pregrasp_static_09_state,v1r_vis_s0_l3_pregrasp_static_09_points128,20,20,0.6,pregrasp_static,primary_task_object,precomputed_reference_mask_sequence,mask_0_3_pregrasp_static_09,test,E10,False,20,1.0
0,v1r_vis_s0_l3_pregrasp_static_09,3,pregrasp_static,bowl_on_plate,1929469815,v1r_vis_s0_l3_pregrasp_static_09_state,v1r_vis_s0_l3_pregrasp_static_09_points128,20,20,0.6,pregrasp_static,primary_task_object,precomputed_reference_mask_sequence,mask_0_3_pregrasp_static_09,test,E10_ORACLE_HIDDEN_GT,True,20,1.0
0,v1r_vis_s0_l3_transport_moving_00,3,transport_moving,bowl_on_plate,832591643,v1r_vis_s0_l3_transport_moving_00_state,v1r_vis_s0_l3_transport_moving_00_points128,20,20,0.6,transport_moving,primary_task_object,precomputed_reference_mask_sequence,mask_0_3_transport_moving_00,test,E00_CLEAN,False,0,0.0
0,v1r_vis_s0_l3_transport_moving_00,3,transport_moving,bowl_on_plate,832591643,v1r_vis_s0_l3_transport_moving_00_state,v1r_vis_s0_l3_transport_moving_00_points128,20,20,0.6,transport_moving,primary_task_object,precomputed_reference_mask_sequence,mask_0_3_transport_moving_00,test,E10,False,5,0.25
0,v1r_vis_s0_l3_transport_moving_00,3,transport_moving,bowl_on_plate,832591643,v1r_vis_s0_l3_transport_moving_00_state,v1r_vis_s0_l3_transport_moving_00_points128,20,20,0.6,transport_moving,primary_task_object,precomputed_reference_mask_sequence,mask_0_3_transport_moving_00,test,E10_ORACLE_HIDDEN_GT,True,5,0.25
0,v1r_vis_s0_l3_transport_moving_00,3,transport_moving,bowl_on_plate,832591643,v1r_vis_s0_l3_transport_moving_00_state,v1r_vis_s0_l3_transport_moving_00_points128,20,20,0.6,transport_moving,primary_task_object,precomputed_reference_mask_sequence,mask_0_3_transport_moving_00,test,E10,False,10,0.5
0,v1r_vis_s0_l3_transport_moving_00,3,transport_moving,bowl_on_plate,832591643,v1r_vis_s0_l3_transport_moving_00_state,v1r_vis_s0_l3_transport_moving_00_points128,20,20,0.6,transport_moving,primary_task_object,precomputed_reference_mask_sequence,mask_0_3_transport_moving_00,test,E10_ORACLE_HIDDEN_GT,True,10,0.5
0,v1r_vis_s0_l3_transport_moving_00,3,transport_moving,bowl_on_plate,832591643,v1r_vis_s0_l3_transport_moving_00_state,v1r_vis_s0_l3_transport_moving_00_points128,20,20,0.6,transport_moving,primary_task_object,precomputed_reference_mask_sequence,mask_0_3_transport_moving_00,test,E10,False,20,1.0
0,v1r_vis_s0_l3_transport_moving_00,3,transport_moving,bowl_on_plate,832591643,v1r_vis_s0_l3_transport_moving_00_state,v1r_vis_s0_l3_transport_moving_00_points128,20,20,0.6,transport_moving,primary_task_object,precomputed_reference_mask_sequence,mask_0_3_transport_moving_00,test,E10_ORACLE_HIDDEN_GT,True,20,1.0
0,v1r_vis_s0_l3_transport_moving_01,3,transport_moving,bowl_on_plate,1161075993,v1r_vis_s0_l3_transport_moving_01_state,v1r_vis_s0_l3_transport_moving_01_points128,25,20,0.6,transport_moving,primary_task_object,precomputed_reference_mask_sequence,mask_0_3_transport_moving_01,test,E00_CLEAN,False,0,0.0
0,v1r_vis_s0_l3_transport_moving_01,3,transport_moving,bowl_on_plate,1161075993,v1r_vis_s0_l3_transport_moving_01_state,v1r_vis_s0_l3_transport_moving_01_points128,25,20,0.6,transport_moving,primary_task_object,precomputed_reference_mask_sequence,mask_0_3_transport_moving_01,test,E10,False,5,0.25
0,v1r_vis_s0_l3_transport_moving_01,3,transport_moving,bowl_on_plate,1161075993,v1r_vis_s0_l3_transport_moving_01_state,v1r_vis_s0_l3_transport_moving_01_points128,25,20,0.6,transport_moving,primary_task_object,precomputed_reference_mask_sequence,mask_0_3_transport_moving_01,test,E10_ORACLE_HIDDEN_GT,True,5,0.25
0,v1r_vis_s0_l3_transport_moving_01,3,transport_moving,bowl_on_plate,1161075993,v1r_vis_s0_l3_transport_moving_01_state,v1r_vis_s0_l3_transport_moving_01_points128,25,20,0.6,transport_moving,primary_task_object,precomputed_reference_mask_sequence,mask_0_3_transport_moving_01,test,E10,False,10,0.5
0,v1r_vis_s0_l3_transport_moving_01,3,transport_moving,bowl_on_plate,1161075993,v1r_vis_s0_l3_transport_moving_01_state,v1r_vis_s0_l3_transport_moving_01_points128,25,20,0.6,transport_moving,primary_task_object,precomputed_reference_mask_sequence,mask_0_3_transport_moving_01,test,E10_ORACLE_HIDDEN_GT,True,10,0.5
0,v1r_vis_s0_l3_transport_moving_01,3,transport_moving,bowl_on_plate,1161075993,v1r_vis_s0_l3_transport_moving_01_state,v1r_vis_s0_l3_transport_moving_01_points128,25,20,0.6,transport_moving,primary_task_object,precomputed_reference_mask_sequence,mask_0_3_transport_moving_01,test,E10,False,20,1.0
0,v1r_vis_s0_l3_transport_moving_01,3,transport_moving,bowl_on_plate,1161075993,v1r_vis_s0_l3_transport_moving_01_state,v1r_vis_s0_l3_transport_moving_01_points128,25,20,0.6,transport_moving,primary_task_object,precomputed_reference_mask_sequence,mask_0_3_transport_moving_01,test,E10_ORACLE_HIDDEN_GT,True,20,1.0
0,v1r_vis_s0_l3_transport_moving_02,3,transport_moving,bowl_on_plate,3993907950,v1r_vis_s0_l3_transport_moving_02_state,v1r_vis_s0_l3_transport_moving_02_points128,30,20,0.6,transport_moving,primary_task_object,precomputed_reference_mask_sequence,mask_0_3_transport_moving_02,test,E00_CLEAN,False,0,0.0
0,v1r_vis_s0_l3_transport_moving_02,3,transport_moving,bowl_on_plate,3993907950,v1r_vis_s0_l3_transport_moving_02_state,v1r_vis_s0_l3_transport_moving_02_points128,30,20,0.6,transport_moving,primary_task_object,precomputed_reference_mask_sequence,mask_0_3_transport_moving_02,test,E10,False,5,0.25
0,v1r_vis_s0_l3_transport_moving_02,3,transport_moving,bowl_on_plate,3993907950,v1r_vis_s0_l3_transport_moving_02_state,v1r_vis_s0_l3_transport_moving_02_points128,30,20,0.6,transport_moving,primary_task_object,precomputed_reference_mask_sequence,mask_0_3_transport_moving_02,test,E10_ORACLE_HIDDEN_GT,True,5,0.25
0,v1r_vis_s0_l3_transport_moving_02,3,transport_moving,bowl_on_plate,3993907950,v1r_vis_s0_l3_transport_moving_02_state,v1r_vis_s0_l3_transport_moving_02_points128,30,20,0.6,transport_moving,primary_task_object,precomputed_reference_mask_sequence,mask_0_3_transport_moving_02,test,E10,False,10,0.5
0,v1r_vis_s0_l3_transport_moving_02,3,transport_moving,bowl_on_plate,3993907950,v1r_vis_s0_l3_transport_moving_02_state,v1r_vis_s0_l3_transport_moving_02_points128,30,20,0.6,transport_moving,primary_task_object,precomputed_reference_mask_sequence,mask_0_3_transport_moving_02,test,E10_ORACLE_HIDDEN_GT,True,10,0.5
0,v1r_vis_s0_l3_transport_moving_02,3,transport_moving,bowl_on_plate,3993907950,v1r_vis_s0_l3_transport_moving_02_state,v1r_vis_s0_l3_transport_moving_02_points128,30,20,0.6,transport_moving,primary_task_object,precomputed_reference_mask_sequence,mask_0_3_transport_moving_02,test,E10,False,20,1.0
0,v1r_vis_s0_l3_transport_moving_02,3,transport_moving,bowl_on_plate,3993907950,v1r_vis_s0_l3_transport_moving_02_state,v1r_vis_s0_l3_transport_moving_02_points128,30,20,0.6,transport_moving,primary_task_object,precomputed_reference_mask_sequence,mask_0_3_transport_moving_02,test,E10_ORACLE_HIDDEN_GT,True,20,1.0
0,v1r_vis_s0_l3_transport_moving_03,3,transport_moving,bowl_on_plate,2484047874,v1r_vis_s0_l3_transport_moving_03_state,v1r_vis_s0_l3_transport_moving_03_points128,35,20,0.6,transport_moving,primary_task_object,precomputed_reference_mask_sequence,mask_0_3_transport_moving_03,test,E00_CLEAN,False,0,0.0
0,v1r_vis_s0_l3_transport_moving_03,3,transport_moving,bowl_on_plate,2484047874,v1r_vis_s0_l3_transport_moving_03_state,v1r_vis_s0_l3_transport_moving_03_points128,35,20,0.6,transport_moving,primary_task_object,precomputed_reference_mask_sequence,mask_0_3_transport_moving_03,test,E10,False,5,0.25
0,v1r_vis_s0_l3_transport_moving_03,3,transport_moving,bowl_on_plate,2484047874,v1r_vis_s0_l3_transport_moving_03_state,v1r_vis_s0_l3_transport_moving_03_points128,35,20,0.6,transport_moving,primary_task_object,precomputed_reference_mask_sequence,mask_0_3_transport_moving_03,test,E10_ORACLE_HIDDEN_GT,True,5,0.25
0,v1r_vis_s0_l3_transport_moving_03,3,transport_moving,bowl_on_plate,2484047874,v1r_vis_s0_l3_transport_moving_03_state,v1r_vis_s0_l3_transport_moving_03_points128,35,20,0.6,transport_moving,primary_task_object,precomputed_reference_mask_sequence,mask_0_3_transport_moving_03,test,E10,False,10,0.5
0,v1r_vis_s0_l3_transport_moving_03,3,transport_moving,bowl_on_plate,2484047874,v1r_vis_s0_l3_transport_moving_03_state,v1r_vis_s0_l3_transport_moving_03_points128,35,20,0.6,transport_moving,primary_task_object,precomputed_reference_mask_sequence,mask_0_3_transport_moving_03,test,E10_ORACLE_HIDDEN_GT,True,10,0.5
0,v1r_vis_s0_l3_transport_moving_03,3,transport_moving,bowl_on_plate,2484047874,v1r_vis_s0_l3_transport_moving_03_state,v1r_vis_s0_l3_transport_moving_03_points128,35,20,0.6,transport_moving,primary_task_object,precomputed_reference_mask_sequence,mask_0_3_transport_moving_03,test,E10,False,20,1.0
0,v1r_vis_s0_l3_transport_moving_03,3,transport_moving,bowl_on_plate,2484047874,v1r_vis_s0_l3_transport_moving_03_state,v1r_vis_s0_l3_transport_moving_03_points128,35,20,0.6,transport_moving,primary_task_object,precomputed_reference_mask_sequence,mask_0_3_transport_moving_03,test,E10_ORACLE_HIDDEN_GT,True,20,1.0
0,v1r_vis_s0_l3_transport_moving_04,3,transport_moving,bowl_on_plate,3295284867,v1r_vis_s0_l3_transport_moving_04_state,v1r_vis_s0_l3_transport_moving_04_points128,20,20,0.6,transport_moving,primary_task_object,precomputed_reference_mask_sequence,mask_0_3_transport_moving_04,test,E00_CLEAN,False,0,0.0
0,v1r_vis_s0_l3_transport_moving_04,3,transport_moving,bowl_on_plate,3295284867,v1r_vis_s0_l3_transport_moving_04_state,v1r_vis_s0_l3_transport_moving_04_points128,20,20,0.6,transport_moving,primary_task_object,precomputed_reference_mask_sequence,mask_0_3_transport_moving_04,test,E10,False,5,0.25
0,v1r_vis_s0_l3_transport_moving_04,3,transport_moving,bowl_on_plate,3295284867,v1r_vis_s0_l3_transport_moving_04_state,v1r_vis_s0_l3_transport_moving_04_points128,20,20,0.6,transport_moving,primary_task_object,precomputed_reference_mask_sequence,mask_0_3_transport_moving_04,test,E10_ORACLE_HIDDEN_GT,True,5,0.25
0,v1r_vis_s0_l3_transport_moving_04,3,transport_moving,bowl_on_plate,3295284867,v1r_vis_s0_l3_transport_moving_04_state,v1r_vis_s0_l3_transport_moving_04_points128,20,20,0.6,transport_moving,primary_task_object,precomputed_reference_mask_sequence,mask_0_3_transport_moving_04,test,E10,False,10,0.5
0,v1r_vis_s0_l3_transport_moving_04,3,transport_moving,bowl_on_plate,3295284867,v1r_vis_s0_l3_transport_moving_04_state,v1r_vis_s0_l3_transport_moving_04_points128,20,20,0.6,transport_moving,primary_task_object,precomputed_reference_mask_sequence,mask_0_3_transport_moving_04,test,E10_ORACLE_HIDDEN_GT,True,10,0.5
0,v1r_vis_s0_l3_transport_moving_04,3,transport_moving,bowl_on_plate,3295284867,v1r_vis_s0_l3_transport_moving_04_state,v1r_vis_s0_l3_transport_moving_04_points128,20,20,0.6,transport_moving,primary_task_object,precomputed_reference_mask_sequence,mask_0_3_transport_moving_04,test,E10,False,20,1.0
0,v1r_vis_s0_l3_transport_moving_04,3,transport_moving,bowl_on_plate,3295284867,v1r_vis_s0_l3_transport_moving_04_state,v1r_vis_s0_l3_transport_moving_04_points128,20,20,0.6,transport_moving,primary_task_object,precomputed_reference_mask_sequence,mask_0_3_transport_moving_04,test,E10_ORACLE_HIDDEN_GT,True,20,1.0
0,v1r_vis_s0_l3_transport_moving_05,3,transport_moving,bowl_on_plate,116109653,v1r_vis_s0_l3_transport_moving_05_state,v1r_vis_s0_l3_transport_moving_05_points128,25,20,0.6,transport_moving,primary_task_object,precomputed_reference_mask_sequence,mask_0_3_transport_moving_05,test,E00_CLEAN,False,0,0.0
0,v1r_vis_s0_l3_transport_moving_05,3,transport_moving,bowl_on_plate,116109653,v1r_vis_s0_l3_transport_moving_05_state,v1r_vis_s0_l3_transport_moving_05_points128,25,20,0.6,transport_moving,primary_task_object,precomputed_reference_mask_sequence,mask_0_3_transport_moving_05,test,E10,False,5,0.25
0,v1r_vis_s0_l3_transport_moving_05,3,transport_moving,bowl_on_plate,116109653,v1r_vis_s0_l3_transport_moving_05_state,v1r_vis_s0_l3_transport_moving_05_points128,25,20,0.6,transport_moving,primary_task_object,precomputed_reference_mask_sequence,mask_0_3_transport_moving_05,test,E10_ORACLE_HIDDEN_GT,True,5,0.25
0,v1r_vis_s0_l3_transport_moving_05,3,transport_moving,bowl_on_plate,116109653,v1r_vis_s0_l3_transport_moving_05_state,v1r_vis_s0_l3_transport_moving_05_points128,25,20,0.6,transport_moving,primary_task_object,precomputed_reference_mask_sequence,mask_0_3_transport_moving_05,test,E10,False,10,0.5
0,v1r_vis_s0_l3_transport_moving_05,3,transport_moving,bowl_on_plate,116109653,v1r_vis_s0_l3_transport_moving_05_state,v1r_vis_s0_l3_transport_moving_05_points128,25,20,0.6,transport_moving,primary_task_object,precomputed_reference_mask_sequence,mask_0_3_transport_moving_05,test,E10_ORACLE_HIDDEN_GT,True,10,0.5
0,v1r_vis_s0_l3_transport_moving_05,3,transport_moving,bowl_on_plate,116109653,v1r_vis_s0_l3_transport_moving_05_state,v1r_vis_s0_l3_transport_moving_05_points128,25,20,0.6,transport_moving,primary_task_object,precomputed_reference_mask_sequence,mask_0_3_transport_moving_05,test,E10,False,20,1.0
0,v1r_vis_s0_l3_transport_moving_05,3,transport_moving,bowl_on_plate,116109653,v1r_vis_s0_l3_transport_moving_05_state,v1r_vis_s0_l3_transport_moving_05_points128,25,20,0.6,transport_moving,primary_task_object,precomputed_reference_mask_sequence,mask_0_3_transport_moving_05,test,E10_ORACLE_HIDDEN_GT,True,20,1.0
0,v1r_vis_s0_l3_transport_moving_06,3,transport_moving,bowl_on_plate,3454953685,v1r_vis_s0_l3_transport_moving_06_state,v1r_vis_s0_l3_transport_moving_06_points128,30,20,0.6,transport_moving,primary_task_object,precomputed_reference_mask_sequence,mask_0_3_transport_moving_06,test,E00_CLEAN,False,0,0.0
0,v1r_vis_s0_l3_transport_moving_06,3,transport_moving,bowl_on_plate,3454953685,v1r_vis_s0_l3_transport_moving_06_state,v1r_vis_s0_l3_transport_moving_06_points128,30,20,0.6,transport_moving,primary_task_object,precomputed_reference_mask_sequence,mask_0_3_transport_moving_06,test,E10,False,5,0.25
0,v1r_vis_s0_l3_transport_moving_06,3,transport_moving,bowl_on_plate,3454953685,v1r_vis_s0_l3_transport_moving_06_state,v1r_vis_s0_l3_transport_moving_06_points128,30,20,0.6,transport_moving,primary_task_object,precomputed_reference_mask_sequence,mask_0_3_transport_moving_06,test,E10_ORACLE_HIDDEN_GT,True,5,0.25
0,v1r_vis_s0_l3_transport_moving_06,3,transport_moving,bowl_on_plate,3454953685,v1r_vis_s0_l3_transport_moving_06_state,v1r_vis_s0_l3_transport_moving_06_points128,30,20,0.6,transport_moving,primary_task_object,precomputed_reference_mask_sequence,mask_0_3_transport_moving_06,test,E10,False,10,0.5
0,v1r_vis_s0_l3_transport_moving_06,3,transport_moving,bowl_on_plate,3454953685,v1r_vis_s0_l3_transport_moving_06_state,v1r_vis_s0_l3_transport_moving_06_points128,30,20,0.6,transport_moving,primary_task_object,precomputed_reference_mask_sequence,mask_0_3_transport_moving_06,test,E10_ORACLE_HIDDEN_GT,True,10,0.5
0,v1r_vis_s0_l3_transport_moving_06,3,transport_moving,bowl_on_plate,3454953685,v1r_vis_s0_l3_transport_moving_06_state,v1r_vis_s0_l3_transport_moving_06_points128,30,20,0.6,transport_moving,primary_task_object,precomputed_reference_mask_sequence,mask_0_3_transport_moving_06,test,E10,False,20,1.0
0,v1r_vis_s0_l3_transport_moving_06,3,transport_moving,bowl_on_plate,3454953685,v1r_vis_s0_l3_transport_moving_06_state,v1r_vis_s0_l3_transport_moving_06_points128,30,20,0.6,transport_moving,primary_task_object,precomputed_reference_mask_sequence,mask_0_3_transport_moving_06,test,E10_ORACLE_HIDDEN_GT,True,20,1.0
0,v1r_vis_s0_l3_transport_moving_07,3,transport_moving,bowl_on_plate,1737405043,v1r_vis_s0_l3_transport_moving_07_state,v1r_vis_s0_l3_transport_moving_07_points128,35,20,0.6,transport_moving,primary_task_object,precomputed_reference_mask_sequence,mask_0_3_transport_moving_07,test,E00_CLEAN,False,0,0.0
0,v1r_vis_s0_l3_transport_moving_07,3,transport_moving,bowl_on_plate,1737405043,v1r_vis_s0_l3_transport_moving_07_state,v1r_vis_s0_l3_transport_moving_07_points128,35,20,0.6,transport_moving,primary_task_object,precomputed_reference_mask_sequence,mask_0_3_transport_moving_07,test,E10,False,5,0.25
0,v1r_vis_s0_l3_transport_moving_07,3,transport_moving,bowl_on_plate,1737405043,v1r_vis_s0_l3_transport_moving_07_state,v1r_vis_s0_l3_transport_moving_07_points128,35,20,0.6,transport_moving,primary_task_object,precomputed_reference_mask_sequence,mask_0_3_transport_moving_07,test,E10_ORACLE_HIDDEN_GT,True,5,0.25
0,v1r_vis_s0_l3_transport_moving_07,3,transport_moving,bowl_on_plate,1737405043,v1r_vis_s0_l3_transport_moving_07_state,v1r_vis_s0_l3_transport_moving_07_points128,35,20,0.6,transport_moving,primary_task_object,precomputed_reference_mask_sequence,mask_0_3_transport_moving_07,test,E10,False,10,0.5
0,v1r_vis_s0_l3_transport_moving_07,3,transport_moving,bowl_on_plate,1737405043,v1r_vis_s0_l3_transport_moving_07_state,v1r_vis_s0_l3_transport_moving_07_points128,35,20,0.6,transport_moving,primary_task_object,precomputed_reference_mask_sequence,mask_0_3_transport_moving_07,test,E10_ORACLE_HIDDEN_GT,True,10,0.5
0,v1r_vis_s0_l3_transport_moving_07,3,transport_moving,bowl_on_plate,1737405043,v1r_vis_s0_l3_transport_moving_07_state,v1r_vis_s0_l3_transport_moving_07_points128,35,20,0.6,transport_moving,primary_task_object,precomputed_reference_mask_sequence,mask_0_3_transport_moving_07,test,E10,False,20,1.0
0,v1r_vis_s0_l3_transport_moving_07,3,transport_moving,bowl_on_plate,1737405043,v1r_vis_s0_l3_transport_moving_07_state,v1r_vis_s0_l3_transport_moving_07_points128,35,20,0.6,transport_moving,primary_task_object,precomputed_reference_mask_sequence,mask_0_3_transport_moving_07,test,E10_ORACLE_HIDDEN_GT,True,20,1.0
0,v1r_vis_s0_l3_transport_moving_08,3,transport_moving,bowl_on_plate,3143184722,v1r_vis_s0_l3_transport_moving_08_state,v1r_vis_s0_l3_transport_moving_08_points128,20,20,0.6,transport_moving,primary_task_object,precomputed_reference_mask_sequence,mask_0_3_transport_moving_08,test,E00_CLEAN,False,0,0.0
0,v1r_vis_s0_l3_transport_moving_08,3,transport_moving,bowl_on_plate,3143184722,v1r_vis_s0_l3_transport_moving_08_state,v1r_vis_s0_l3_transport_moving_08_points128,20,20,0.6,transport_moving,primary_task_object,precomputed_reference_mask_sequence,mask_0_3_transport_moving_08,test,E10,False,5,0.25
0,v1r_vis_s0_l3_transport_moving_08,3,transport_moving,bowl_on_plate,3143184722,v1r_vis_s0_l3_transport_moving_08_state,v1r_vis_s0_l3_transport_moving_08_points128,20,20,0.6,transport_moving,primary_task_object,precomputed_reference_mask_sequence,mask_0_3_transport_moving_08,test,E10_ORACLE_HIDDEN_GT,True,5,0.25
0,v1r_vis_s0_l3_transport_moving_08,3,transport_moving,bowl_on_plate,3143184722,v1r_vis_s0_l3_transport_moving_08_state,v1r_vis_s0_l3_transport_moving_08_points128,20,20,0.6,transport_moving,primary_task_object,precomputed_reference_mask_sequence,mask_0_3_transport_moving_08,test,E10,False,10,0.5
0,v1r_vis_s0_l3_transport_moving_08,3,transport_moving,bowl_on_plate,3143184722,v1r_vis_s0_l3_transport_moving_08_state,v1r_vis_s0_l3_transport_moving_08_points128,20,20,0.6,transport_moving,primary_task_object,precomputed_reference_mask_sequence,mask_0_3_transport_moving_08,test,E10_ORACLE_HIDDEN_GT,True,10,0.5
0,v1r_vis_s0_l3_transport_moving_08,3,transport_moving,bowl_on_plate,3143184722,v1r_vis_s0_l3_transport_moving_08_state,v1r_vis_s0_l3_transport_moving_08_points128,20,20,0.6,transport_moving,primary_task_object,precomputed_reference_mask_sequence,mask_0_3_transport_moving_08,test,E10,False,20,1.0
0,v1r_vis_s0_l3_transport_moving_08,3,transport_moving,bowl_on_plate,3143184722,v1r_vis_s0_l3_transport_moving_08_state,v1r_vis_s0_l3_transport_moving_08_points128,20,20,0.6,transport_moving,primary_task_object,precomputed_reference_mask_sequence,mask_0_3_transport_moving_08,test,E10_ORACLE_HIDDEN_GT,True,20,1.0
0,v1r_vis_s0_l3_transport_moving_09,3,transport_moving,bowl_on_plate,1800716170,v1r_vis_s0_l3_transport_moving_09_state,v1r_vis_s0_l3_transport_moving_09_points128,25,20,0.6,transport_moving,primary_task_object,precomputed_reference_mask_sequence,mask_0_3_transport_moving_09,test,E00_CLEAN,False,0,0.0
0,v1r_vis_s0_l3_transport_moving_09,3,transport_moving,bowl_on_plate,1800716170,v1r_vis_s0_l3_transport_moving_09_state,v1r_vis_s0_l3_transport_moving_09_points128,25,20,0.6,transport_moving,primary_task_object,precomputed_reference_mask_sequence,mask_0_3_transport_moving_09,test,E10,False,5,0.25
0,v1r_vis_s0_l3_transport_moving_09,3,transport_moving,bowl_on_plate,1800716170,v1r_vis_s0_l3_transport_moving_09_state,v1r_vis_s0_l3_transport_moving_09_points128,25,20,0.6,transport_moving,primary_task_object,precomputed_reference_mask_sequence,mask_0_3_transport_moving_09,test,E10_ORACLE_HIDDEN_GT,True,5,0.25
0,v1r_vis_s0_l3_transport_moving_09,3,transport_moving,bowl_on_plate,1800716170,v1r_vis_s0_l3_transport_moving_09_state,v1r_vis_s0_l3_transport_moving_09_points128,25,20,0.6,transport_moving,primary_task_object,precomputed_reference_mask_sequence,mask_0_3_transport_moving_09,test,E10,False,10,0.5
0,v1r_vis_s0_l3_transport_moving_09,3,transport_moving,bowl_on_plate,1800716170,v1r_vis_s0_l3_transport_moving_09_state,v1r_vis_s0_l3_transport_moving_09_points128,25,20,0.6,transport_moving,primary_task_object,precomputed_reference_mask_sequence,mask_0_3_transport_moving_09,test,E10_ORACLE_HIDDEN_GT,True,10,0.5
0,v1r_vis_s0_l3_transport_moving_09,3,transport_moving,bowl_on_plate,1800716170,v1r_vis_s0_l3_transport_moving_09_state,v1r_vis_s0_l3_transport_moving_09_points128,25,20,0.6,transport_moving,primary_task_object,precomputed_reference_mask_sequence,mask_0_3_transport_moving_09,test,E10,False,20,1.0
0,v1r_vis_s0_l3_transport_moving_09,3,transport_moving,bowl_on_plate,1800716170,v1r_vis_s0_l3_transport_moving_09_state,v1r_vis_s0_l3_transport_moving_09_points128,25,20,0.6,transport_moving,primary_task_object,precomputed_reference_mask_sequence,mask_0_3_transport_moving_09,test,E10_ORACLE_HIDDEN_GT,True,20,1.0
0,v1r_vis_s0_l4_pregrasp_static_00,4,pregrasp_static,bowl_on_plate,3006092276,v1r_vis_s0_l4_pregrasp_static_00_state,v1r_vis_s0_l4_pregrasp_static_00_points128,20,20,0.6,pregrasp_static,primary_task_object,precomputed_reference_mask_sequence,mask_0_4_pregrasp_static_00,test,E00_CLEAN,False,0,0.0
0,v1r_vis_s0_l4_pregrasp_static_00,4,pregrasp_static,bowl_on_plate,3006092276,v1r_vis_s0_l4_pregrasp_static_00_state,v1r_vis_s0_l4_pregrasp_static_00_points128,20,20,0.6,pregrasp_static,primary_task_object,precomputed_reference_mask_sequence,mask_0_4_pregrasp_static_00,test,E10,False,5,0.25
0,v1r_vis_s0_l4_pregrasp_static_00,4,pregrasp_static,bowl_on_plate,3006092276,v1r_vis_s0_l4_pregrasp_static_00_state,v1r_vis_s0_l4_pregrasp_static_00_points128,20,20,0.6,pregrasp_static,primary_task_object,precomputed_reference_mask_sequence,mask_0_4_pregrasp_static_00,test,E10_ORACLE_HIDDEN_GT,True,5,0.25
0,v1r_vis_s0_l4_pregrasp_static_00,4,pregrasp_static,bowl_on_plate,3006092276,v1r_vis_s0_l4_pregrasp_static_00_state,v1r_vis_s0_l4_pregrasp_static_00_points128,20,20,0.6,pregrasp_static,primary_task_object,precomputed_reference_mask_sequence,mask_0_4_pregrasp_static_00,test,E10,False,10,0.5
0,v1r_vis_s0_l4_pregrasp_static_00,4,pregrasp_static,bowl_on_plate,3006092276,v1r_vis_s0_l4_pregrasp_static_00_state,v1r_vis_s0_l4_pregrasp_static_00_points128,20,20,0.6,pregrasp_static,primary_task_object,precomputed_reference_mask_sequence,mask_0_4_pregrasp_static_00,test,E10_ORACLE_HIDDEN_GT,True,10,0.5
0,v1r_vis_s0_l4_pregrasp_static_00,4,pregrasp_static,bowl_on_plate,3006092276,v1r_vis_s0_l4_pregrasp_static_00_state,v1r_vis_s0_l4_pregrasp_static_00_points128,20,20,0.6,pregrasp_static,primary_task_object,precomputed_reference_mask_sequence,mask_0_4_pregrasp_static_00,test,E10,False,20,1.0
0,v1r_vis_s0_l4_pregrasp_static_00,4,pregrasp_static,bowl_on_plate,3006092276,v1r_vis_s0_l4_pregrasp_static_00_state,v1r_vis_s0_l4_pregrasp_static_00_points128,20,20,0.6,pregrasp_static,primary_task_object,precomputed_reference_mask_sequence,mask_0_4_pregrasp_static_00,test,E10_ORACLE_HIDDEN_GT,True,20,1.0
0,v1r_vis_s0_l4_pregrasp_static_01,4,pregrasp_static,bowl_on_plate,3096912432,v1r_vis_s0_l4_pregrasp_static_01_state,v1r_vis_s0_l4_pregrasp_static_01_points128,25,20,0.6,pregrasp_static,primary_task_object,precomputed_reference_mask_sequence,mask_0_4_pregrasp_static_01,test,E00_CLEAN,False,0,0.0
0,v1r_vis_s0_l4_pregrasp_static_01,4,pregrasp_static,bowl_on_plate,3096912432,v1r_vis_s0_l4_pregrasp_static_01_state,v1r_vis_s0_l4_pregrasp_static_01_points128,25,20,0.6,pregrasp_static,primary_task_object,precomputed_reference_mask_sequence,mask_0_4_pregrasp_static_01,test,E10,False,5,0.25
0,v1r_vis_s0_l4_pregrasp_static_01,4,pregrasp_static,bowl_on_plate,3096912432,v1r_vis_s0_l4_pregrasp_static_01_state,v1r_vis_s0_l4_pregrasp_static_01_points128,25,20,0.6,pregrasp_static,primary_task_object,precomputed_reference_mask_sequence,mask_0_4_pregrasp_static_01,test,E10_ORACLE_HIDDEN_GT,True,5,0.25
0,v1r_vis_s0_l4_pregrasp_static_01,4,pregrasp_static,bowl_on_plate,3096912432,v1r_vis_s0_l4_pregrasp_static_01_state,v1r_vis_s0_l4_pregrasp_static_01_points128,25,20,0.6,pregrasp_static,primary_task_object,precomputed_reference_mask_sequence,mask_0_4_pregrasp_static_01,test,E10,False,10,0.5
0,v1r_vis_s0_l4_pregrasp_static_01,4,pregrasp_static,bowl_on_plate,3096912432,v1r_vis_s0_l4_pregrasp_static_01_state,v1r_vis_s0_l4_pregrasp_static_01_points128,25,20,0.6,pregrasp_static,primary_task_object,precomputed_reference_mask_sequence,mask_0_4_pregrasp_static_01,test,E10_ORACLE_HIDDEN_GT,True,10,0.5
0,v1r_vis_s0_l4_pregrasp_static_01,4,pregrasp_static,bowl_on_plate,3096912432,v1r_vis_s0_l4_pregrasp_static_01_state,v1r_vis_s0_l4_pregrasp_static_01_points128,25,20,0.6,pregrasp_static,primary_task_object,precomputed_reference_mask_sequence,mask_0_4_pregrasp_static_01,test,E10,False,20,1.0
0,v1r_vis_s0_l4_pregrasp_static_01,4,pregrasp_static,bowl_on_plate,3096912432,v1r_vis_s0_l4_pregrasp_static_01_state,v1r_vis_s0_l4_pregrasp_static_01_points128,25,20,0.6,pregrasp_static,primary_task_object,precomputed_reference_mask_sequence,mask_0_4_pregrasp_static_01,test,E10_ORACLE_HIDDEN_GT,True,20,1.0
0,v1r_vis_s0_l4_pregrasp_static_02,4,pregrasp_static,bowl_on_plate,553738410,v1r_vis_s0_l4_pregrasp_static_02_state,v1r_vis_s0_l4_pregrasp_static_02_points128,30,20,0.6,pregrasp_static,primary_task_object,precomputed_reference_mask_sequence,mask_0_4_pregrasp_static_02,test,E00_CLEAN,False,0,0.0
0,v1r_vis_s0_l4_pregrasp_static_02,4,pregrasp_static,bowl_on_plate,553738410,v1r_vis_s0_l4_pregrasp_static_02_state,v1r_vis_s0_l4_pregrasp_static_02_points128,30,20,0.6,pregrasp_static,primary_task_object,precomputed_reference_mask_sequence,mask_0_4_pregrasp_static_02,test,E10,False,5,0.25
0,v1r_vis_s0_l4_pregrasp_static_02,4,pregrasp_static,bowl_on_plate,553738410,v1r_vis_s0_l4_pregrasp_static_02_state,v1r_vis_s0_l4_pregrasp_static_02_points128,30,20,0.6,pregrasp_static,primary_task_object,precomputed_reference_mask_sequence,mask_0_4_pregrasp_static_02,test,E10_ORACLE_HIDDEN_GT,True,5,0.25
0,v1r_vis_s0_l4_pregrasp_static_02,4,pregrasp_static,bowl_on_plate,553738410,v1r_vis_s0_l4_pregrasp_static_02_state,v1r_vis_s0_l4_pregrasp_static_02_points128,30,20,0.6,pregrasp_static,primary_task_object,precomputed_reference_mask_sequence,mask_0_4_pregrasp_static_02,test,E10,False,10,0.5
0,v1r_vis_s0_l4_pregrasp_static_02,4,pregrasp_static,bowl_on_plate,553738410,v1r_vis_s0_l4_pregrasp_static_02_state,v1r_vis_s0_l4_pregrasp_static_02_points128,30,20,0.6,pregrasp_static,primary_task_object,precomputed_reference_mask_sequence,mask_0_4_pregrasp_static_02,test,E10_ORACLE_HIDDEN_GT,True,10,0.5
0,v1r_vis_s0_l4_pregrasp_static_02,4,pregrasp_static,bowl_on_plate,553738410,v1r_vis_s0_l4_pregrasp_static_02_state,v1r_vis_s0_l4_pregrasp_static_02_points128,30,20,0.6,pregrasp_static,primary_task_object,precomputed_reference_mask_sequence,mask_0_4_pregrasp_static_02,test,E10,False,20,1.0
0,v1r_vis_s0_l4_pregrasp_static_02,4,pregrasp_static,bowl_on_plate,553738410,v1r_vis_s0_l4_pregrasp_static_02_state,v1r_vis_s0_l4_pregrasp_static_02_points128,30,20,0.6,pregrasp_static,primary_task_object,precomputed_reference_mask_sequence,mask_0_4_pregrasp_static_02,test,E10_ORACLE_HIDDEN_GT,True,20,1.0
0,v1r_vis_s0_l4_pregrasp_static_03,4,pregrasp_static,bowl_on_plate,1619800732,v1r_vis_s0_l4_pregrasp_static_03_state,v1r_vis_s0_l4_pregrasp_static_03_points128,35,20,0.6,pregrasp_static,primary_task_object,precomputed_reference_mask_sequence,mask_0_4_pregrasp_static_03,test,E00_CLEAN,False,0,0.0
0,v1r_vis_s0_l4_pregrasp_static_03,4,pregrasp_static,bowl_on_plate,1619800732,v1r_vis_s0_l4_pregrasp_static_03_state,v1r_vis_s0_l4_pregrasp_static_03_points128,35,20,0.6,pregrasp_static,primary_task_object,precomputed_reference_mask_sequence,mask_0_4_pregrasp_static_03,test,E10,False,5,0.25
0,v1r_vis_s0_l4_pregrasp_static_03,4,pregrasp_static,bowl_on_plate,1619800732,v1r_vis_s0_l4_pregrasp_static_03_state,v1r_vis_s0_l4_pregrasp_static_03_points128,35,20,0.6,pregrasp_static,primary_task_object,precomputed_reference_mask_sequence,mask_0_4_pregrasp_static_03,test,E10_ORACLE_HIDDEN_GT,True,5,0.25
0,v1r_vis_s0_l4_pregrasp_static_03,4,pregrasp_static,bowl_on_plate,1619800732,v1r_vis_s0_l4_pregrasp_static_03_state,v1r_vis_s0_l4_pregrasp_static_03_points128,35,20,0.6,pregrasp_static,primary_task_object,precomputed_reference_mask_sequence,mask_0_4_pregrasp_static_03,test,E10,False,10,0.5
0,v1r_vis_s0_l4_pregrasp_static_03,4,pregrasp_static,bowl_on_plate,1619800732,v1r_vis_s0_l4_pregrasp_static_03_state,v1r_vis_s0_l4_pregrasp_static_03_points128,35,20,0.6,pregrasp_static,primary_task_object,precomputed_reference_mask_sequence,mask_0_4_pregrasp_static_03,test,E10_ORACLE_HIDDEN_GT,True,10,0.5
0,v1r_vis_s0_l4_pregrasp_static_03,4,pregrasp_static,bowl_on_plate,1619800732,v1r_vis_s0_l4_pregrasp_static_03_state,v1r_vis_s0_l4_pregrasp_static_03_points128,35,20,0.6,pregrasp_static,primary_task_object,precomputed_reference_mask_sequence,mask_0_4_pregrasp_static_03,test,E10,False,20,1.0
0,v1r_vis_s0_l4_pregrasp_static_03,4,pregrasp_static,bowl_on_plate,1619800732,v1r_vis_s0_l4_pregrasp_static_03_state,v1r_vis_s0_l4_pregrasp_static_03_points128,35,20,0.6,pregrasp_static,primary_task_object,precomputed_reference_mask_sequence,mask_0_4_pregrasp_static_03,test,E10_ORACLE_HIDDEN_GT,True,20,1.0
0,v1r_vis_s0_l4_pregrasp_static_04,4,pregrasp_static,bowl_on_plate,3370054870,v1r_vis_s0_l4_pregrasp_static_04_state,v1r_vis_s0_l4_pregrasp_static_04_points128,20,20,0.6,pregrasp_static,primary_task_object,precomputed_reference_mask_sequence,mask_0_4_pregrasp_static_04,test,E00_CLEAN,False,0,0.0
0,v1r_vis_s0_l4_pregrasp_static_04,4,pregrasp_static,bowl_on_plate,3370054870,v1r_vis_s0_l4_pregrasp_static_04_state,v1r_vis_s0_l4_pregrasp_static_04_points128,20,20,0.6,pregrasp_static,primary_task_object,precomputed_reference_mask_sequence,mask_0_4_pregrasp_static_04,test,E10,False,5,0.25
0,v1r_vis_s0_l4_pregrasp_static_04,4,pregrasp_static,bowl_on_plate,3370054870,v1r_vis_s0_l4_pregrasp_static_04_state,v1r_vis_s0_l4_pregrasp_static_04_points128,20,20,0.6,pregrasp_static,primary_task_object,precomputed_reference_mask_sequence,mask_0_4_pregrasp_static_04,test,E10_ORACLE_HIDDEN_GT,True,5,0.25
0,v1r_vis_s0_l4_pregrasp_static_04,4,pregrasp_static,bowl_on_plate,3370054870,v1r_vis_s0_l4_pregrasp_static_04_state,v1r_vis_s0_l4_pregrasp_static_04_points128,20,20,0.6,pregrasp_static,primary_task_object,precomputed_reference_mask_sequence,mask_0_4_pregrasp_static_04,test,E10,False,10,0.5
0,v1r_vis_s0_l4_pregrasp_static_04,4,pregrasp_static,bowl_on_plate,3370054870,v1r_vis_s0_l4_pregrasp_static_04_state,v1r_vis_s0_l4_pregrasp_static_04_points128,20,20,0.6,pregrasp_static,primary_task_object,precomputed_reference_mask_sequence,mask_0_4_pregrasp_static_04,test,E10_ORACLE_HIDDEN_GT,True,10,0.5
0,v1r_vis_s0_l4_pregrasp_static_04,4,pregrasp_static,bowl_on_plate,3370054870,v1r_vis_s0_l4_pregrasp_static_04_state,v1r_vis_s0_l4_pregrasp_static_04_points128,20,20,0.6,pregrasp_static,primary_task_object,precomputed_reference_mask_sequence,mask_0_4_pregrasp_static_04,test,E10,False,20,1.0
0,v1r_vis_s0_l4_pregrasp_static_04,4,pregrasp_static,bowl_on_plate,3370054870,v1r_vis_s0_l4_pregrasp_static_04_state,v1r_vis_s0_l4_pregrasp_static_04_points128,20,20,0.6,pregrasp_static,primary_task_object,precomputed_reference_mask_sequence,mask_0_4_pregrasp_static_04,test,E10_ORACLE_HIDDEN_GT,True,20,1.0
0,v1r_vis_s0_l4_pregrasp_static_05,4,pregrasp_static,bowl_on_plate,2727081464,v1r_vis_s0_l4_pregrasp_static_05_state,v1r_vis_s0_l4_pregrasp_static_05_points128,25,20,0.6,pregrasp_static,primary_task_object,precomputed_reference_mask_sequence,mask_0_4_pregrasp_static_05,test,E00_CLEAN,False,0,0.0
0,v1r_vis_s0_l4_pregrasp_static_05,4,pregrasp_static,bowl_on_plate,2727081464,v1r_vis_s0_l4_pregrasp_static_05_state,v1r_vis_s0_l4_pregrasp_static_05_points128,25,20,0.6,pregrasp_static,primary_task_object,precomputed_reference_mask_sequence,mask_0_4_pregrasp_static_05,test,E10,False,5,0.25
0,v1r_vis_s0_l4_pregrasp_static_05,4,pregrasp_static,bowl_on_plate,2727081464,v1r_vis_s0_l4_pregrasp_static_05_state,v1r_vis_s0_l4_pregrasp_static_05_points128,25,20,0.6,pregrasp_static,primary_task_object,precomputed_reference_mask_sequence,mask_0_4_pregrasp_static_05,test,E10_ORACLE_HIDDEN_GT,True,5,0.25
0,v1r_vis_s0_l4_pregrasp_static_05,4,pregrasp_static,bowl_on_plate,2727081464,v1r_vis_s0_l4_pregrasp_static_05_state,v1r_vis_s0_l4_pregrasp_static_05_points128,25,20,0.6,pregrasp_static,primary_task_object,precomputed_reference_mask_sequence,mask_0_4_pregrasp_static_05,test,E10,False,10,0.5
0,v1r_vis_s0_l4_pregrasp_static_05,4,pregrasp_static,bowl_on_plate,2727081464,v1r_vis_s0_l4_pregrasp_static_05_state,v1r_vis_s0_l4_pregrasp_static_05_points128,25,20,0.6,pregrasp_static,primary_task_object,precomputed_reference_mask_sequence,mask_0_4_pregrasp_static_05,test,E10_ORACLE_HIDDEN_GT,True,10,0.5
0,v1r_vis_s0_l4_pregrasp_static_05,4,pregrasp_static,bowl_on_plate,2727081464,v1r_vis_s0_l4_pregrasp_static_05_state,v1r_vis_s0_l4_pregrasp_static_05_points128,25,20,0.6,pregrasp_static,primary_task_object,precomputed_reference_mask_sequence,mask_0_4_pregrasp_static_05,test,E10,False,20,1.0
0,v1r_vis_s0_l4_pregrasp_static_05,4,pregrasp_static,bowl_on_plate,2727081464,v1r_vis_s0_l4_pregrasp_static_05_state,v1r_vis_s0_l4_pregrasp_static_05_points128,25,20,0.6,pregrasp_static,primary_task_object,precomputed_reference_mask_sequence,mask_0_4_pregrasp_static_05,test,E10_ORACLE_HIDDEN_GT,True,20,1.0
0,v1r_vis_s0_l4_pregrasp_static_06,4,pregrasp_static,bowl_on_plate,2931543453,v1r_vis_s0_l4_pregrasp_static_06_state,v1r_vis_s0_l4_pregrasp_static_06_points128,30,20,0.6,pregrasp_static,primary_task_object,precomputed_reference_mask_sequence,mask_0_4_pregrasp_static_06,test,E00_CLEAN,False,0,0.0
0,v1r_vis_s0_l4_pregrasp_static_06,4,pregrasp_static,bowl_on_plate,2931543453,v1r_vis_s0_l4_pregrasp_static_06_state,v1r_vis_s0_l4_pregrasp_static_06_points128,30,20,0.6,pregrasp_static,primary_task_object,precomputed_reference_mask_sequence,mask_0_4_pregrasp_static_06,test,E10,False,5,0.25
0,v1r_vis_s0_l4_pregrasp_static_06,4,pregrasp_static,bowl_on_plate,2931543453,v1r_vis_s0_l4_pregrasp_static_06_state,v1r_vis_s0_l4_pregrasp_static_06_points128,30,20,0.6,pregrasp_static,primary_task_object,precomputed_reference_mask_sequence,mask_0_4_pregrasp_static_06,test,E10_ORACLE_HIDDEN_GT,True,5,0.25
0,v1r_vis_s0_l4_pregrasp_static_06,4,pregrasp_static,bowl_on_plate,2931543453,v1r_vis_s0_l4_pregrasp_static_06_state,v1r_vis_s0_l4_pregrasp_static_06_points128,30,20,0.6,pregrasp_static,primary_task_object,precomputed_reference_mask_sequence,mask_0_4_pregrasp_static_06,test,E10,False,10,0.5
0,v1r_vis_s0_l4_pregrasp_static_06,4,pregrasp_static,bowl_on_plate,2931543453,v1r_vis_s0_l4_pregrasp_static_06_state,v1r_vis_s0_l4_pregrasp_static_06_points128,30,20,0.6,pregrasp_static,primary_task_object,precomputed_reference_mask_sequence,mask_0_4_pregrasp_static_06,test,E10_ORACLE_HIDDEN_GT,True,10,0.5
0,v1r_vis_s0_l4_pregrasp_static_06,4,pregrasp_static,bowl_on_plate,2931543453,v1r_vis_s0_l4_pregrasp_static_06_state,v1r_vis_s0_l4_pregrasp_static_06_points128,30,20,0.6,pregrasp_static,primary_task_object,precomputed_reference_mask_sequence,mask_0_4_pregrasp_static_06,test,E10,False,20,1.0
0,v1r_vis_s0_l4_pregrasp_static_06,4,pregrasp_static,bowl_on_plate,2931543453,v1r_vis_s0_l4_pregrasp_static_06_state,v1r_vis_s0_l4_pregrasp_static_06_points128,30,20,0.6,pregrasp_static,primary_task_object,precomputed_reference_mask_sequence,mask_0_4_pregrasp_static_06,test,E10_ORACLE_HIDDEN_GT,True,20,1.0
0,v1r_vis_s0_l4_pregrasp_static_07,4,pregrasp_static,bowl_on_plate,2326399817,v1r_vis_s0_l4_pregrasp_static_07_state,v1r_vis_s0_l4_pregrasp_static_07_points128,35,20,0.6,pregrasp_static,primary_task_object,precomputed_reference_mask_sequence,mask_0_4_pregrasp_static_07,test,E00_CLEAN,False,0,0.0
0,v1r_vis_s0_l4_pregrasp_static_07,4,pregrasp_static,bowl_on_plate,2326399817,v1r_vis_s0_l4_pregrasp_static_07_state,v1r_vis_s0_l4_pregrasp_static_07_points128,35,20,0.6,pregrasp_static,primary_task_object,precomputed_reference_mask_sequence,mask_0_4_pregrasp_static_07,test,E10,False,5,0.25
0,v1r_vis_s0_l4_pregrasp_static_07,4,pregrasp_static,bowl_on_plate,2326399817,v1r_vis_s0_l4_pregrasp_static_07_state,v1r_vis_s0_l4_pregrasp_static_07_points128,35,20,0.6,pregrasp_static,primary_task_object,precomputed_reference_mask_sequence,mask_0_4_pregrasp_static_07,test,E10_ORACLE_HIDDEN_GT,True,5,0.25
0,v1r_vis_s0_l4_pregrasp_static_07,4,pregrasp_static,bowl_on_plate,2326399817,v1r_vis_s0_l4_pregrasp_static_07_state,v1r_vis_s0_l4_pregrasp_static_07_points128,35,20,0.6,pregrasp_static,primary_task_object,precomputed_reference_mask_sequence,mask_0_4_pregrasp_static_07,test,E10,False,10,0.5
0,v1r_vis_s0_l4_pregrasp_static_07,4,pregrasp_static,bowl_on_plate,2326399817,v1r_vis_s0_l4_pregrasp_static_07_state,v1r_vis_s0_l4_pregrasp_static_07_points128,35,20,0.6,pregrasp_static,primary_task_object,precomputed_reference_mask_sequence,mask_0_4_pregrasp_static_07,test,E10_ORACLE_HIDDEN_GT,True,10,0.5
0,v1r_vis_s0_l4_pregrasp_static_07,4,pregrasp_static,bowl_on_plate,2326399817,v1r_vis_s0_l4_pregrasp_static_07_state,v1r_vis_s0_l4_pregrasp_static_07_points128,35,20,0.6,pregrasp_static,primary_task_object,precomputed_reference_mask_sequence,mask_0_4_pregrasp_static_07,test,E10,False,20,1.0
0,v1r_vis_s0_l4_pregrasp_static_07,4,pregrasp_static,bowl_on_plate,2326399817,v1r_vis_s0_l4_pregrasp_static_07_state,v1r_vis_s0_l4_pregrasp_static_07_points128,35,20,0.6,pregrasp_static,primary_task_object,precomputed_reference_mask_sequence,mask_0_4_pregrasp_static_07,test,E10_ORACLE_HIDDEN_GT,True,20,1.0
0,v1r_vis_s0_l4_pregrasp_static_08,4,pregrasp_static,bowl_on_plate,3469972877,v1r_vis_s0_l4_pregrasp_static_08_state,v1r_vis_s0_l4_pregrasp_static_08_points128,20,20,0.6,pregrasp_static,primary_task_object,precomputed_reference_mask_sequence,mask_0_4_pregrasp_static_08,test,E00_CLEAN,False,0,0.0
0,v1r_vis_s0_l4_pregrasp_static_08,4,pregrasp_static,bowl_on_plate,3469972877,v1r_vis_s0_l4_pregrasp_static_08_state,v1r_vis_s0_l4_pregrasp_static_08_points128,20,20,0.6,pregrasp_static,primary_task_object,precomputed_reference_mask_sequence,mask_0_4_pregrasp_static_08,test,E10,False,5,0.25
0,v1r_vis_s0_l4_pregrasp_static_08,4,pregrasp_static,bowl_on_plate,3469972877,v1r_vis_s0_l4_pregrasp_static_08_state,v1r_vis_s0_l4_pregrasp_static_08_points128,20,20,0.6,pregrasp_static,primary_task_object,precomputed_reference_mask_sequence,mask_0_4_pregrasp_static_08,test,E10_ORACLE_HIDDEN_GT,True,5,0.25
0,v1r_vis_s0_l4_pregrasp_static_08,4,pregrasp_static,bowl_on_plate,3469972877,v1r_vis_s0_l4_pregrasp_static_08_state,v1r_vis_s0_l4_pregrasp_static_08_points128,20,20,0.6,pregrasp_static,primary_task_object,precomputed_reference_mask_sequence,mask_0_4_pregrasp_static_08,test,E10,False,10,0.5
0,v1r_vis_s0_l4_pregrasp_static_08,4,pregrasp_static,bowl_on_plate,3469972877,v1r_vis_s0_l4_pregrasp_static_08_state,v1r_vis_s0_l4_pregrasp_static_08_points128,20,20,0.6,pregrasp_static,primary_task_object,precomputed_reference_mask_sequence,mask_0_4_pregrasp_static_08,test,E10_ORACLE_HIDDEN_GT,True,10,0.5
0,v1r_vis_s0_l4_pregrasp_static_08,4,pregrasp_static,bowl_on_plate,3469972877,v1r_vis_s0_l4_pregrasp_static_08_state,v1r_vis_s0_l4_pregrasp_static_08_points128,20,20,0.6,pregrasp_static,primary_task_object,precomputed_reference_mask_sequence,mask_0_4_pregrasp_static_08,test,E10,False,20,1.0
0,v1r_vis_s0_l4_pregrasp_static_08,4,pregrasp_static,bowl_on_plate,3469972877,v1r_vis_s0_l4_pregrasp_static_08_state,v1r_vis_s0_l4_pregrasp_static_08_points128,20,20,0.6,pregrasp_static,primary_task_object,precomputed_reference_mask_sequence,mask_0_4_pregrasp_static_08,test,E10_ORACLE_HIDDEN_GT,True,20,1.0
0,v1r_vis_s0_l4_pregrasp_static_09,4,pregrasp_static,bowl_on_plate,4016239319,v1r_vis_s0_l4_pregrasp_static_09_state,v1r_vis_s0_l4_pregrasp_static_09_points128,25,20,0.6,pregrasp_static,primary_task_object,precomputed_reference_mask_sequence,mask_0_4_pregrasp_static_09,test,E00_CLEAN,False,0,0.0
0,v1r_vis_s0_l4_pregrasp_static_09,4,pregrasp_static,bowl_on_plate,4016239319,v1r_vis_s0_l4_pregrasp_static_09_state,v1r_vis_s0_l4_pregrasp_static_09_points128,25,20,0.6,pregrasp_static,primary_task_object,precomputed_reference_mask_sequence,mask_0_4_pregrasp_static_09,test,E10,False,5,0.25
0,v1r_vis_s0_l4_pregrasp_static_09,4,pregrasp_static,bowl_on_plate,4016239319,v1r_vis_s0_l4_pregrasp_static_09_state,v1r_vis_s0_l4_pregrasp_static_09_points128,25,20,0.6,pregrasp_static,primary_task_object,precomputed_reference_mask_sequence,mask_0_4_pregrasp_static_09,test,E10_ORACLE_HIDDEN_GT,True,5,0.25
0,v1r_vis_s0_l4_pregrasp_static_09,4,pregrasp_static,bowl_on_plate,4016239319,v1r_vis_s0_l4_pregrasp_static_09_state,v1r_vis_s0_l4_pregrasp_static_09_points128,25,20,0.6,pregrasp_static,primary_task_object,precomputed_reference_mask_sequence,mask_0_4_pregrasp_static_09,test,E10,False,10,0.5
0,v1r_vis_s0_l4_pregrasp_static_09,4,pregrasp_static,bowl_on_plate,4016239319,v1r_vis_s0_l4_pregrasp_static_09_state,v1r_vis_s0_l4_pregrasp_static_09_points128,25,20,0.6,pregrasp_static,primary_task_object,precomputed_reference_mask_sequence,mask_0_4_pregrasp_static_09,test,E10_ORACLE_HIDDEN_GT,True,10,0.5
0,v1r_vis_s0_l4_pregrasp_static_09,4,pregrasp_static,bowl_on_plate,4016239319,v1r_vis_s0_l4_pregrasp_static_09_state,v1r_vis_s0_l4_pregrasp_static_09_points128,25,20,0.6,pregrasp_static,primary_task_object,precomputed_reference_mask_sequence,mask_0_4_pregrasp_static_09,test,E10,False,20,1.0
0,v1r_vis_s0_l4_pregrasp_static_09,4,pregrasp_static,bowl_on_plate,4016239319,v1r_vis_s0_l4_pregrasp_static_09_state,v1r_vis_s0_l4_pregrasp_static_09_points128,25,20,0.6,pregrasp_static,primary_task_object,precomputed_reference_mask_sequence,mask_0_4_pregrasp_static_09,test,E10_ORACLE_HIDDEN_GT,True,20,1.0
0,v1r_vis_s0_l4_transport_moving_00,4,transport_moving,bowl_on_plate,1711689888,v1r_vis_s0_l4_transport_moving_00_state,v1r_vis_s0_l4_transport_moving_00_points128,25,20,0.6,transport_moving,primary_task_object,precomputed_reference_mask_sequence,mask_0_4_transport_moving_00,test,E00_CLEAN,False,0,0.0
0,v1r_vis_s0_l4_transport_moving_00,4,transport_moving,bowl_on_plate,1711689888,v1r_vis_s0_l4_transport_moving_00_state,v1r_vis_s0_l4_transport_moving_00_points128,25,20,0.6,transport_moving,primary_task_object,precomputed_reference_mask_sequence,mask_0_4_transport_moving_00,test,E10,False,5,0.25
0,v1r_vis_s0_l4_transport_moving_00,4,transport_moving,bowl_on_plate,1711689888,v1r_vis_s0_l4_transport_moving_00_state,v1r_vis_s0_l4_transport_moving_00_points128,25,20,0.6,transport_moving,primary_task_object,precomputed_reference_mask_sequence,mask_0_4_transport_moving_00,test,E10_ORACLE_HIDDEN_GT,True,5,0.25
0,v1r_vis_s0_l4_transport_moving_00,4,transport_moving,bowl_on_plate,1711689888,v1r_vis_s0_l4_transport_moving_00_state,v1r_vis_s0_l4_transport_moving_00_points128,25,20,0.6,transport_moving,primary_task_object,precomputed_reference_mask_sequence,mask_0_4_transport_moving_00,test,E10,False,10,0.5
0,v1r_vis_s0_l4_transport_moving_00,4,transport_moving,bowl_on_plate,1711689888,v1r_vis_s0_l4_transport_moving_00_state,v1r_vis_s0_l4_transport_moving_00_points128,25,20,0.6,transport_moving,primary_task_object,precomputed_reference_mask_sequence,mask_0_4_transport_moving_00,test,E10_ORACLE_HIDDEN_GT,True,10,0.5
0,v1r_vis_s0_l4_transport_moving_00,4,transport_moving,bowl_on_plate,1711689888,v1r_vis_s0_l4_transport_moving_00_state,v1r_vis_s0_l4_transport_moving_00_points128,25,20,0.6,transport_moving,primary_task_object,precomputed_reference_mask_sequence,mask_0_4_transport_moving_00,test,E10,False,20,1.0
0,v1r_vis_s0_l4_transport_moving_00,4,transport_moving,bowl_on_plate,1711689888,v1r_vis_s0_l4_transport_moving_00_state,v1r_vis_s0_l4_transport_moving_00_points128,25,20,0.6,transport_moving,primary_task_object,precomputed_reference_mask_sequence,mask_0_4_transport_moving_00,test,E10_ORACLE_HIDDEN_GT,True,20,1.0
0,v1r_vis_s0_l4_transport_moving_01,4,transport_moving,bowl_on_plate,3463490253,v1r_vis_s0_l4_transport_moving_01_state,v1r_vis_s0_l4_transport_moving_01_points128,30,20,0.6,transport_moving,primary_task_object,precomputed_reference_mask_sequence,mask_0_4_transport_moving_01,test,E00_CLEAN,False,0,0.0
0,v1r_vis_s0_l4_transport_moving_01,4,transport_moving,bowl_on_plate,3463490253,v1r_vis_s0_l4_transport_moving_01_state,v1r_vis_s0_l4_transport_moving_01_points128,30,20,0.6,transport_moving,primary_task_object,precomputed_reference_mask_sequence,mask_0_4_transport_moving_01,test,E10,False,5,0.25
0,v1r_vis_s0_l4_transport_moving_01,4,transport_moving,bowl_on_plate,3463490253,v1r_vis_s0_l4_transport_moving_01_state,v1r_vis_s0_l4_transport_moving_01_points128,30,20,0.6,transport_moving,primary_task_object,precomputed_reference_mask_sequence,mask_0_4_transport_moving_01,test,E10_ORACLE_HIDDEN_GT,True,5,0.25
0,v1r_vis_s0_l4_transport_moving_01,4,transport_moving,bowl_on_plate,3463490253,v1r_vis_s0_l4_transport_moving_01_state,v1r_vis_s0_l4_transport_moving_01_points128,30,20,0.6,transport_moving,primary_task_object,precomputed_reference_mask_sequence,mask_0_4_transport_moving_01,test,E10,False,10,0.5
0,v1r_vis_s0_l4_transport_moving_01,4,transport_moving,bowl_on_plate,3463490253,v1r_vis_s0_l4_transport_moving_01_state,v1r_vis_s0_l4_transport_moving_01_points128,30,20,0.6,transport_moving,primary_task_object,precomputed_reference_mask_sequence,mask_0_4_transport_moving_01,test,E10_ORACLE_HIDDEN_GT,True,10,0.5
0,v1r_vis_s0_l4_transport_moving_01,4,transport_moving,bowl_on_plate,3463490253,v1r_vis_s0_l4_transport_moving_01_state,v1r_vis_s0_l4_transport_moving_01_points128,30,20,0.6,transport_moving,primary_task_object,precomputed_reference_mask_sequence,mask_0_4_transport_moving_01,test,E10,False,20,1.0
0,v1r_vis_s0_l4_transport_moving_01,4,transport_moving,bowl_on_plate,3463490253,v1r_vis_s0_l4_transport_moving_01_state,v1r_vis_s0_l4_transport_moving_01_points128,30,20,0.6,transport_moving,primary_task_object,precomputed_reference_mask_sequence,mask_0_4_transport_moving_01,test,E10_ORACLE_HIDDEN_GT,True,20,1.0
0,v1r_vis_s0_l4_transport_moving_02,4,transport_moving,bowl_on_plate,747975534,v1r_vis_s0_l4_transport_moving_02_state,v1r_vis_s0_l4_transport_moving_02_points128,35,20,0.6,transport_moving,primary_task_object,precomputed_reference_mask_sequence,mask_0_4_transport_moving_02,test,E00_CLEAN,False,0,0.0
0,v1r_vis_s0_l4_transport_moving_02,4,transport_moving,bowl_on_plate,747975534,v1r_vis_s0_l4_transport_moving_02_state,v1r_vis_s0_l4_transport_moving_02_points128,35,20,0.6,transport_moving,primary_task_object,precomputed_reference_mask_sequence,mask_0_4_transport_moving_02,test,E10,False,5,0.25
0,v1r_vis_s0_l4_transport_moving_02,4,transport_moving,bowl_on_plate,747975534,v1r_vis_s0_l4_transport_moving_02_state,v1r_vis_s0_l4_transport_moving_02_points128,35,20,0.6,transport_moving,primary_task_object,precomputed_reference_mask_sequence,mask_0_4_transport_moving_02,test,E10_ORACLE_HIDDEN_GT,True,5,0.25
0,v1r_vis_s0_l4_transport_moving_02,4,transport_moving,bowl_on_plate,747975534,v1r_vis_s0_l4_transport_moving_02_state,v1r_vis_s0_l4_transport_moving_02_points128,35,20,0.6,transport_moving,primary_task_object,precomputed_reference_mask_sequence,mask_0_4_transport_moving_02,test,E10,False,10,0.5
0,v1r_vis_s0_l4_transport_moving_02,4,transport_moving,bowl_on_plate,747975534,v1r_vis_s0_l4_transport_moving_02_state,v1r_vis_s0_l4_transport_moving_02_points128,35,20,0.6,transport_moving,primary_task_object,precomputed_reference_mask_sequence,mask_0_4_transport_moving_02,test,E10_ORACLE_HIDDEN_GT,True,10,0.5
0,v1r_vis_s0_l4_transport_moving_02,4,transport_moving,bowl_on_plate,747975534,v1r_vis_s0_l4_transport_moving_02_state,v1r_vis_s0_l4_transport_moving_02_points128,35,20,0.6,transport_moving,primary_task_object,precomputed_reference_mask_sequence,mask_0_4_transport_moving_02,test,E10,False,20,1.0
0,v1r_vis_s0_l4_transport_moving_02,4,transport_moving,bowl_on_plate,747975534,v1r_vis_s0_l4_transport_moving_02_state,v1r_vis_s0_l4_transport_moving_02_points128,35,20,0.6,transport_moving,primary_task_object,precomputed_reference_mask_sequence,mask_0_4_transport_moving_02,test,E10_ORACLE_HIDDEN_GT,True,20,1.0
0,v1r_vis_s0_l4_transport_moving_03,4,transport_moving,bowl_on_plate,2475870765,v1r_vis_s0_l4_transport_moving_03_state,v1r_vis_s0_l4_transport_moving_03_points128,20,20,0.6,transport_moving,primary_task_object,precomputed_reference_mask_sequence,mask_0_4_transport_moving_03,test,E00_CLEAN,False,0,0.0
0,v1r_vis_s0_l4_transport_moving_03,4,transport_moving,bowl_on_plate,2475870765,v1r_vis_s0_l4_transport_moving_03_state,v1r_vis_s0_l4_transport_moving_03_points128,20,20,0.6,transport_moving,primary_task_object,precomputed_reference_mask_sequence,mask_0_4_transport_moving_03,test,E10,False,5,0.25
0,v1r_vis_s0_l4_transport_moving_03,4,transport_moving,bowl_on_plate,2475870765,v1r_vis_s0_l4_transport_moving_03_state,v1r_vis_s0_l4_transport_moving_03_points128,20,20,0.6,transport_moving,primary_task_object,precomputed_reference_mask_sequence,mask_0_4_transport_moving_03,test,E10_ORACLE_HIDDEN_GT,True,5,0.25
0,v1r_vis_s0_l4_transport_moving_03,4,transport_moving,bowl_on_plate,2475870765,v1r_vis_s0_l4_transport_moving_03_state,v1r_vis_s0_l4_transport_moving_03_points128,20,20,0.6,transport_moving,primary_task_object,precomputed_reference_mask_sequence,mask_0_4_transport_moving_03,test,E10,False,10,0.5
0,v1r_vis_s0_l4_transport_moving_03,4,transport_moving,bowl_on_plate,2475870765,v1r_vis_s0_l4_transport_moving_03_state,v1r_vis_s0_l4_transport_moving_03_points128,20,20,0.6,transport_moving,primary_task_object,precomputed_reference_mask_sequence,mask_0_4_transport_moving_03,test,E10_ORACLE_HIDDEN_GT,True,10,0.5
0,v1r_vis_s0_l4_transport_moving_03,4,transport_moving,bowl_on_plate,2475870765,v1r_vis_s0_l4_transport_moving_03_state,v1r_vis_s0_l4_transport_moving_03_points128,20,20,0.6,transport_moving,primary_task_object,precomputed_reference_mask_sequence,mask_0_4_transport_moving_03,test,E10,False,20,1.0
0,v1r_vis_s0_l4_transport_moving_03,4,transport_moving,bowl_on_plate,2475870765,v1r_vis_s0_l4_transport_moving_03_state,v1r_vis_s0_l4_transport_moving_03_points128,20,20,0.6,transport_moving,primary_task_object,precomputed_reference_mask_sequence,mask_0_4_transport_moving_03,test,E10_ORACLE_HIDDEN_GT,True,20,1.0
0,v1r_vis_s0_l4_transport_moving_04,4,transport_moving,bowl_on_plate,2430281255,v1r_vis_s0_l4_transport_moving_04_state,v1r_vis_s0_l4_transport_moving_04_points128,25,20,0.6,transport_moving,primary_task_object,precomputed_reference_mask_sequence,mask_0_4_transport_moving_04,test,E00_CLEAN,False,0,0.0
0,v1r_vis_s0_l4_transport_moving_04,4,transport_moving,bowl_on_plate,2430281255,v1r_vis_s0_l4_transport_moving_04_state,v1r_vis_s0_l4_transport_moving_04_points128,25,20,0.6,transport_moving,primary_task_object,precomputed_reference_mask_sequence,mask_0_4_transport_moving_04,test,E10,False,5,0.25
0,v1r_vis_s0_l4_transport_moving_04,4,transport_moving,bowl_on_plate,2430281255,v1r_vis_s0_l4_transport_moving_04_state,v1r_vis_s0_l4_transport_moving_04_points128,25,20,0.6,transport_moving,primary_task_object,precomputed_reference_mask_sequence,mask_0_4_transport_moving_04,test,E10_ORACLE_HIDDEN_GT,True,5,0.25
0,v1r_vis_s0_l4_transport_moving_04,4,transport_moving,bowl_on_plate,2430281255,v1r_vis_s0_l4_transport_moving_04_state,v1r_vis_s0_l4_transport_moving_04_points128,25,20,0.6,transport_moving,primary_task_object,precomputed_reference_mask_sequence,mask_0_4_transport_moving_04,test,E10,False,10,0.5
0,v1r_vis_s0_l4_transport_moving_04,4,transport_moving,bowl_on_plate,2430281255,v1r_vis_s0_l4_transport_moving_04_state,v1r_vis_s0_l4_transport_moving_04_points128,25,20,0.6,transport_moving,primary_task_object,precomputed_reference_mask_sequence,mask_0_4_transport_moving_04,test,E10_ORACLE_HIDDEN_GT,True,10,0.5
0,v1r_vis_s0_l4_transport_moving_04,4,transport_moving,bowl_on_plate,2430281255,v1r_vis_s0_l4_transport_moving_04_state,v1r_vis_s0_l4_transport_moving_04_points128,25,20,0.6,transport_moving,primary_task_object,precomputed_reference_mask_sequence,mask_0_4_transport_moving_04,test,E10,False,20,1.0
0,v1r_vis_s0_l4_transport_moving_04,4,transport_moving,bowl_on_plate,2430281255,v1r_vis_s0_l4_transport_moving_04_state,v1r_vis_s0_l4_transport_moving_04_points128,25,20,0.6,transport_moving,primary_task_object,precomputed_reference_mask_sequence,mask_0_4_transport_moving_04,test,E10_ORACLE_HIDDEN_GT,True,20,1.0
0,v1r_vis_s0_l4_transport_moving_05,4,transport_moving,bowl_on_plate,3801453918,v1r_vis_s0_l4_transport_moving_05_state,v1r_vis_s0_l4_transport_moving_05_points128,30,20,0.6,transport_moving,primary_task_object,precomputed_reference_mask_sequence,mask_0_4_transport_moving_05,test,E00_CLEAN,False,0,0.0
0,v1r_vis_s0_l4_transport_moving_05,4,transport_moving,bowl_on_plate,3801453918,v1r_vis_s0_l4_transport_moving_05_state,v1r_vis_s0_l4_transport_moving_05_points128,30,20,0.6,transport_moving,primary_task_object,precomputed_reference_mask_sequence,mask_0_4_transport_moving_05,test,E10,False,5,0.25
0,v1r_vis_s0_l4_transport_moving_05,4,transport_moving,bowl_on_plate,3801453918,v1r_vis_s0_l4_transport_moving_05_state,v1r_vis_s0_l4_transport_moving_05_points128,30,20,0.6,transport_moving,primary_task_object,precomputed_reference_mask_sequence,mask_0_4_transport_moving_05,test,E10_ORACLE_HIDDEN_GT,True,5,0.25
0,v1r_vis_s0_l4_transport_moving_05,4,transport_moving,bowl_on_plate,3801453918,v1r_vis_s0_l4_transport_moving_05_state,v1r_vis_s0_l4_transport_moving_05_points128,30,20,0.6,transport_moving,primary_task_object,precomputed_reference_mask_sequence,mask_0_4_transport_moving_05,test,E10,False,10,0.5
0,v1r_vis_s0_l4_transport_moving_05,4,transport_moving,bowl_on_plate,3801453918,v1r_vis_s0_l4_transport_moving_05_state,v1r_vis_s0_l4_transport_moving_05_points128,30,20,0.6,transport_moving,primary_task_object,precomputed_reference_mask_sequence,mask_0_4_transport_moving_05,test,E10_ORACLE_HIDDEN_GT,True,10,0.5
0,v1r_vis_s0_l4_transport_moving_05,4,transport_moving,bowl_on_plate,3801453918,v1r_vis_s0_l4_transport_moving_05_state,v1r_vis_s0_l4_transport_moving_05_points128,30,20,0.6,transport_moving,primary_task_object,precomputed_reference_mask_sequence,mask_0_4_transport_moving_05,test,E10,False,20,1.0
0,v1r_vis_s0_l4_transport_moving_05,4,transport_moving,bowl_on_plate,3801453918,v1r_vis_s0_l4_transport_moving_05_state,v1r_vis_s0_l4_transport_moving_05_points128,30,20,0.6,transport_moving,primary_task_object,precomputed_reference_mask_sequence,mask_0_4_transport_moving_05,test,E10_ORACLE_HIDDEN_GT,True,20,1.0
0,v1r_vis_s0_l4_transport_moving_06,4,transport_moving,bowl_on_plate,1291292986,v1r_vis_s0_l4_transport_moving_06_state,v1r_vis_s0_l4_transport_moving_06_points128,35,20,0.6,transport_moving,primary_task_object,precomputed_reference_mask_sequence,mask_0_4_transport_moving_06,test,E00_CLEAN,False,0,0.0
0,v1r_vis_s0_l4_transport_moving_06,4,transport_moving,bowl_on_plate,1291292986,v1r_vis_s0_l4_transport_moving_06_state,v1r_vis_s0_l4_transport_moving_06_points128,35,20,0.6,transport_moving,primary_task_object,precomputed_reference_mask_sequence,mask_0_4_transport_moving_06,test,E10,False,5,0.25
0,v1r_vis_s0_l4_transport_moving_06,4,transport_moving,bowl_on_plate,1291292986,v1r_vis_s0_l4_transport_moving_06_state,v1r_vis_s0_l4_transport_moving_06_points128,35,20,0.6,transport_moving,primary_task_object,precomputed_reference_mask_sequence,mask_0_4_transport_moving_06,test,E10_ORACLE_HIDDEN_GT,True,5,0.25
0,v1r_vis_s0_l4_transport_moving_06,4,transport_moving,bowl_on_plate,1291292986,v1r_vis_s0_l4_transport_moving_06_state,v1r_vis_s0_l4_transport_moving_06_points128,35,20,0.6,transport_moving,primary_task_object,precomputed_reference_mask_sequence,mask_0_4_transport_moving_06,test,E10,False,10,0.5
0,v1r_vis_s0_l4_transport_moving_06,4,transport_moving,bowl_on_plate,1291292986,v1r_vis_s0_l4_transport_moving_06_state,v1r_vis_s0_l4_transport_moving_06_points128,35,20,0.6,transport_moving,primary_task_object,precomputed_reference_mask_sequence,mask_0_4_transport_moving_06,test,E10_ORACLE_HIDDEN_GT,True,10,0.5
0,v1r_vis_s0_l4_transport_moving_06,4,transport_moving,bowl_on_plate,1291292986,v1r_vis_s0_l4_transport_moving_06_state,v1r_vis_s0_l4_transport_moving_06_points128,35,20,0.6,transport_moving,primary_task_object,precomputed_reference_mask_sequence,mask_0_4_transport_moving_06,test,E10,False,20,1.0
0,v1r_vis_s0_l4_transport_moving_06,4,transport_moving,bowl_on_plate,1291292986,v1r_vis_s0_l4_transport_moving_06_state,v1r_vis_s0_l4_transport_moving_06_points128,35,20,0.6,transport_moving,primary_task_object,precomputed_reference_mask_sequence,mask_0_4_transport_moving_06,test,E10_ORACLE_HIDDEN_GT,True,20,1.0
0,v1r_vis_s0_l4_transport_moving_07,4,transport_moving,bowl_on_plate,1777186229,v1r_vis_s0_l4_transport_moving_07_state,v1r_vis_s0_l4_transport_moving_07_points128,20,20,0.6,transport_moving,primary_task_object,precomputed_reference_mask_sequence,mask_0_4_transport_moving_07,test,E00_CLEAN,False,0,0.0
0,v1r_vis_s0_l4_transport_moving_07,4,transport_moving,bowl_on_plate,1777186229,v1r_vis_s0_l4_transport_moving_07_state,v1r_vis_s0_l4_transport_moving_07_points128,20,20,0.6,transport_moving,primary_task_object,precomputed_reference_mask_sequence,mask_0_4_transport_moving_07,test,E10,False,5,0.25
0,v1r_vis_s0_l4_transport_moving_07,4,transport_moving,bowl_on_plate,1777186229,v1r_vis_s0_l4_transport_moving_07_state,v1r_vis_s0_l4_transport_moving_07_points128,20,20,0.6,transport_moving,primary_task_object,precomputed_reference_mask_sequence,mask_0_4_transport_moving_07,test,E10_ORACLE_HIDDEN_GT,True,5,0.25
0,v1r_vis_s0_l4_transport_moving_07,4,transport_moving,bowl_on_plate,1777186229,v1r_vis_s0_l4_transport_moving_07_state,v1r_vis_s0_l4_transport_moving_07_points128,20,20,0.6,transport_moving,primary_task_object,precomputed_reference_mask_sequence,mask_0_4_transport_moving_07,test,E10,False,10,0.5
0,v1r_vis_s0_l4_transport_moving_07,4,transport_moving,bowl_on_plate,1777186229,v1r_vis_s0_l4_transport_moving_07_state,v1r_vis_s0_l4_transport_moving_07_points128,20,20,0.6,transport_moving,primary_task_object,precomputed_reference_mask_sequence,mask_0_4_transport_moving_07,test,E10_ORACLE_HIDDEN_GT,True,10,0.5
0,v1r_vis_s0_l4_transport_moving_07,4,transport_moving,bowl_on_plate,1777186229,v1r_vis_s0_l4_transport_moving_07_state,v1r_vis_s0_l4_transport_moving_07_points128,20,20,0.6,transport_moving,primary_task_object,precomputed_reference_mask_sequence,mask_0_4_transport_moving_07,test,E10,False,20,1.0
0,v1r_vis_s0_l4_transport_moving_07,4,transport_moving,bowl_on_plate,1777186229,v1r_vis_s0_l4_transport_moving_07_state,v1r_vis_s0_l4_transport_moving_07_points128,20,20,0.6,transport_moving,primary_task_object,precomputed_reference_mask_sequence,mask_0_4_transport_moving_07,test,E10_ORACLE_HIDDEN_GT,True,20,1.0
0,v1r_vis_s0_l4_transport_moving_08,4,transport_moving,bowl_on_plate,2906746967,v1r_vis_s0_l4_transport_moving_08_state,v1r_vis_s0_l4_transport_moving_08_points128,25,20,0.6,transport_moving,primary_task_object,precomputed_reference_mask_sequence,mask_0_4_transport_moving_08,test,E00_CLEAN,False,0,0.0
0,v1r_vis_s0_l4_transport_moving_08,4,transport_moving,bowl_on_plate,2906746967,v1r_vis_s0_l4_transport_moving_08_state,v1r_vis_s0_l4_transport_moving_08_points128,25,20,0.6,transport_moving,primary_task_object,precomputed_reference_mask_sequence,mask_0_4_transport_moving_08,test,E10,False,5,0.25
0,v1r_vis_s0_l4_transport_moving_08,4,transport_moving,bowl_on_plate,2906746967,v1r_vis_s0_l4_transport_moving_08_state,v1r_vis_s0_l4_transport_moving_08_points128,25,20,0.6,transport_moving,primary_task_object,precomputed_reference_mask_sequence,mask_0_4_transport_moving_08,test,E10_ORACLE_HIDDEN_GT,True,5,0.25
0,v1r_vis_s0_l4_transport_moving_08,4,transport_moving,bowl_on_plate,2906746967,v1r_vis_s0_l4_transport_moving_08_state,v1r_vis_s0_l4_transport_moving_08_points128,25,20,0.6,transport_moving,primary_task_object,precomputed_reference_mask_sequence,mask_0_4_transport_moving_08,test,E10,False,10,0.5
0,v1r_vis_s0_l4_transport_moving_08,4,transport_moving,bowl_on_plate,2906746967,v1r_vis_s0_l4_transport_moving_08_state,v1r_vis_s0_l4_transport_moving_08_points128,25,20,0.6,transport_moving,primary_task_object,precomputed_reference_mask_sequence,mask_0_4_transport_moving_08,test,E10_ORACLE_HIDDEN_GT,True,10,0.5
0,v1r_vis_s0_l4_transport_moving_08,4,transport_moving,bowl_on_plate,2906746967,v1r_vis_s0_l4_transport_moving_08_state,v1r_vis_s0_l4_transport_moving_08_points128,25,20,0.6,transport_moving,primary_task_object,precomputed_reference_mask_sequence,mask_0_4_transport_moving_08,test,E10,False,20,1.0
0,v1r_vis_s0_l4_transport_moving_08,4,transport_moving,bowl_on_plate,2906746967,v1r_vis_s0_l4_transport_moving_08_state,v1r_vis_s0_l4_transport_moving_08_points128,25,20,0.6,transport_moving,primary_task_object,precomputed_reference_mask_sequence,mask_0_4_transport_moving_08,test,E10_ORACLE_HIDDEN_GT,True,20,1.0
0,v1r_vis_s0_l4_transport_moving_09,4,transport_moving,bowl_on_plate,2022650313,v1r_vis_s0_l4_transport_moving_09_state,v1r_vis_s0_l4_transport_moving_09_points128,30,20,0.6,transport_moving,primary_task_object,precomputed_reference_mask_sequence,mask_0_4_transport_moving_09,test,E00_CLEAN,False,0,0.0
0,v1r_vis_s0_l4_transport_moving_09,4,transport_moving,bowl_on_plate,2022650313,v1r_vis_s0_l4_transport_moving_09_state,v1r_vis_s0_l4_transport_moving_09_points128,30,20,0.6,transport_moving,primary_task_object,precomputed_reference_mask_sequence,mask_0_4_transport_moving_09,test,E10,False,5,0.25
0,v1r_vis_s0_l4_transport_moving_09,4,transport_moving,bowl_on_plate,2022650313,v1r_vis_s0_l4_transport_moving_09_state,v1r_vis_s0_l4_transport_moving_09_points128,30,20,0.6,transport_moving,primary_task_object,precomputed_reference_mask_sequence,mask_0_4_transport_moving_09,test,E10_ORACLE_HIDDEN_GT,True,5,0.25
0,v1r_vis_s0_l4_transport_moving_09,4,transport_moving,bowl_on_plate,2022650313,v1r_vis_s0_l4_transport_moving_09_state,v1r_vis_s0_l4_transport_moving_09_points128,30,20,0.6,transport_moving,primary_task_object,precomputed_reference_mask_sequence,mask_0_4_transport_moving_09,test,E10,False,10,0.5
0,v1r_vis_s0_l4_transport_moving_09,4,transport_moving,bowl_on_plate,2022650313,v1r_vis_s0_l4_transport_moving_09_state,v1r_vis_s0_l4_transport_moving_09_points128,30,20,0.6,transport_moving,primary_task_object,precomputed_reference_mask_sequence,mask_0_4_transport_moving_09,test,E10_ORACLE_HIDDEN_GT,True,10,0.5
0,v1r_vis_s0_l4_transport_moving_09,4,transport_moving,bowl_on_plate,2022650313,v1r_vis_s0_l4_transport_moving_09_state,v1r_vis_s0_l4_transport_moving_09_points128,30,20,0.6,transport_moving,primary_task_object,precomputed_reference_mask_sequence,mask_0_4_transport_moving_09,test,E10,False,20,1.0
0,v1r_vis_s0_l4_transport_moving_09,4,transport_moving,bowl_on_plate,2022650313,v1r_vis_s0_l4_transport_moving_09_state,v1r_vis_s0_l4_transport_moving_09_points128,30,20,0.6,transport_moving,primary_task_object,precomputed_reference_mask_sequence,mask_0_4_transport_moving_09,test,E10_ORACLE_HIDDEN_GT,True,20,1.0
1,v1r_vis_s1_l1_pregrasp_static_00,1,pregrasp_static,bowl_on_plate,3677819254,v1r_vis_s1_l1_pregrasp_static_00_state,v1r_vis_s1_l1_pregrasp_static_00_points128,25,20,0.6,pregrasp_static,primary_task_object,precomputed_reference_mask_sequence,mask_1_1_pregrasp_static_00,test,E00_CLEAN,False,0,0.0
1,v1r_vis_s1_l1_pregrasp_static_00,1,pregrasp_static,bowl_on_plate,3677819254,v1r_vis_s1_l1_pregrasp_static_00_state,v1r_vis_s1_l1_pregrasp_static_00_points128,25,20,0.6,pregrasp_static,primary_task_object,precomputed_reference_mask_sequence,mask_1_1_pregrasp_static_00,test,E10,False,5,0.25
1,v1r_vis_s1_l1_pregrasp_static_00,1,pregrasp_static,bowl_on_plate,3677819254,v1r_vis_s1_l1_pregrasp_static_00_state,v1r_vis_s1_l1_pregrasp_static_00_points128,25,20,0.6,pregrasp_static,primary_task_object,precomputed_reference_mask_sequence,mask_1_1_pregrasp_static_00,test,E10_ORACLE_HIDDEN_GT,True,5,0.25
1,v1r_vis_s1_l1_pregrasp_static_00,1,pregrasp_static,bowl_on_plate,3677819254,v1r_vis_s1_l1_pregrasp_static_00_state,v1r_vis_s1_l1_pregrasp_static_00_points128,25,20,0.6,pregrasp_static,primary_task_object,precomputed_reference_mask_sequence,mask_1_1_pregrasp_static_00,test,E10,False,10,0.5
1,v1r_vis_s1_l1_pregrasp_static_00,1,pregrasp_static,bowl_on_plate,3677819254,v1r_vis_s1_l1_pregrasp_static_00_state,v1r_vis_s1_l1_pregrasp_static_00_points128,25,20,0.6,pregrasp_static,primary_task_object,precomputed_reference_mask_sequence,mask_1_1_pregrasp_static_00,test,E10_ORACLE_HIDDEN_GT,True,10,0.5
1,v1r_vis_s1_l1_pregrasp_static_00,1,pregrasp_static,bowl_on_plate,3677819254,v1r_vis_s1_l1_pregrasp_static_00_state,v1r_vis_s1_l1_pregrasp_static_00_points128,25,20,0.6,pregrasp_static,primary_task_object,precomputed_reference_mask_sequence,mask_1_1_pregrasp_static_00,test,E10,False,20,1.0
1,v1r_vis_s1_l1_pregrasp_static_00,1,pregrasp_static,bowl_on_plate,3677819254,v1r_vis_s1_l1_pregrasp_static_00_state,v1r_vis_s1_l1_pregrasp_static_00_points128,25,20,0.6,pregrasp_static,primary_task_object,precomputed_reference_mask_sequence,mask_1_1_pregrasp_static_00,test,E10_ORACLE_HIDDEN_GT,True,20,1.0
1,v1r_vis_s1_l1_pregrasp_static_01,1,pregrasp_static,bowl_on_plate,2506416796,v1r_vis_s1_l1_pregrasp_static_01_state,v1r_vis_s1_l1_pregrasp_static_01_points128,30,20,0.6,pregrasp_static,primary_task_object,precomputed_reference_mask_sequence,mask_1_1_pregrasp_static_01,test,E00_CLEAN,False,0,0.0
1,v1r_vis_s1_l1_pregrasp_static_01,1,pregrasp_static,bowl_on_plate,2506416796,v1r_vis_s1_l1_pregrasp_static_01_state,v1r_vis_s1_l1_pregrasp_static_01_points128,30,20,0.6,pregrasp_static,primary_task_object,precomputed_reference_mask_sequence,mask_1_1_pregrasp_static_01,test,E10,False,5,0.25
1,v1r_vis_s1_l1_pregrasp_static_01,1,pregrasp_static,bowl_on_plate,2506416796,v1r_vis_s1_l1_pregrasp_static_01_state,v1r_vis_s1_l1_pregrasp_static_01_points128,30,20,0.6,pregrasp_static,primary_task_object,precomputed_reference_mask_sequence,mask_1_1_pregrasp_static_01,test,E10_ORACLE_HIDDEN_GT,True,5,0.25
1,v1r_vis_s1_l1_pregrasp_static_01,1,pregrasp_static,bowl_on_plate,2506416796,v1r_vis_s1_l1_pregrasp_static_01_state,v1r_vis_s1_l1_pregrasp_static_01_points128,30,20,0.6,pregrasp_static,primary_task_object,precomputed_reference_mask_sequence,mask_1_1_pregrasp_static_01,test,E10,False,10,0.5
1,v1r_vis_s1_l1_pregrasp_static_01,1,pregrasp_static,bowl_on_plate,2506416796,v1r_vis_s1_l1_pregrasp_static_01_state,v1r_vis_s1_l1_pregrasp_static_01_points128,30,20,0.6,pregrasp_static,primary_task_object,precomputed_reference_mask_sequence,mask_1_1_pregrasp_static_01,test,E10_ORACLE_HIDDEN_GT,True,10,0.5
1,v1r_vis_s1_l1_pregrasp_static_01,1,pregrasp_static,bowl_on_plate,2506416796,v1r_vis_s1_l1_pregrasp_static_01_state,v1r_vis_s1_l1_pregrasp_static_01_points128,30,20,0.6,pregrasp_static,primary_task_object,precomputed_reference_mask_sequence,mask_1_1_pregrasp_static_01,test,E10,False,20,1.0
1,v1r_vis_s1_l1_pregrasp_static_01,1,pregrasp_static,bowl_on_plate,2506416796,v1r_vis_s1_l1_pregrasp_static_01_state,v1r_vis_s1_l1_pregrasp_static_01_points128,30,20,0.6,pregrasp_static,primary_task_object,precomputed_reference_mask_sequence,mask_1_1_pregrasp_static_01,test,E10_ORACLE_HIDDEN_GT,True,20,1.0
1,v1r_vis_s1_l1_pregrasp_static_02,1,pregrasp_static,bowl_on_plate,2900565376,v1r_vis_s1_l1_pregrasp_static_02_state,v1r_vis_s1_l1_pregrasp_static_02_points128,35,20,0.6,pregrasp_static,primary_task_object,precomputed_reference_mask_sequence,mask_1_1_pregrasp_static_02,test,E00_CLEAN,False,0,0.0
1,v1r_vis_s1_l1_pregrasp_static_02,1,pregrasp_static,bowl_on_plate,2900565376,v1r_vis_s1_l1_pregrasp_static_02_state,v1r_vis_s1_l1_pregrasp_static_02_points128,35,20,0.6,pregrasp_static,primary_task_object,precomputed_reference_mask_sequence,mask_1_1_pregrasp_static_02,test,E10,False,5,0.25
1,v1r_vis_s1_l1_pregrasp_static_02,1,pregrasp_static,bowl_on_plate,2900565376,v1r_vis_s1_l1_pregrasp_static_02_state,v1r_vis_s1_l1_pregrasp_static_02_points128,35,20,0.6,pregrasp_static,primary_task_object,precomputed_reference_mask_sequence,mask_1_1_pregrasp_static_02,test,E10_ORACLE_HIDDEN_GT,True,5,0.25
1,v1r_vis_s1_l1_pregrasp_static_02,1,pregrasp_static,bowl_on_plate,2900565376,v1r_vis_s1_l1_pregrasp_static_02_state,v1r_vis_s1_l1_pregrasp_static_02_points128,35,20,0.6,pregrasp_static,primary_task_object,precomputed_reference_mask_sequence,mask_1_1_pregrasp_static_02,test,E10,False,10,0.5
1,v1r_vis_s1_l1_pregrasp_static_02,1,pregrasp_static,bowl_on_plate,2900565376,v1r_vis_s1_l1_pregrasp_static_02_state,v1r_vis_s1_l1_pregrasp_static_02_points128,35,20,0.6,pregrasp_static,primary_task_object,precomputed_reference_mask_sequence,mask_1_1_pregrasp_static_02,test,E10_ORACLE_HIDDEN_GT,True,10,0.5
1,v1r_vis_s1_l1_pregrasp_static_02,1,pregrasp_static,bowl_on_plate,2900565376,v1r_vis_s1_l1_pregrasp_static_02_state,v1r_vis_s1_l1_pregrasp_static_02_points128,35,20,0.6,pregrasp_static,primary_task_object,precomputed_reference_mask_sequence,mask_1_1_pregrasp_static_02,test,E10,False,20,1.0
1,v1r_vis_s1_l1_pregrasp_static_02,1,pregrasp_static,bowl_on_plate,2900565376,v1r_vis_s1_l1_pregrasp_static_02_state,v1r_vis_s1_l1_pregrasp_static_02_points128,35,20,0.6,pregrasp_static,primary_task_object,precomputed_reference_mask_sequence,mask_1_1_pregrasp_static_02,test,E10_ORACLE_HIDDEN_GT,True,20,1.0
1,v1r_vis_s1_l1_pregrasp_static_03,1,pregrasp_static,bowl_on_plate,3885607200,v1r_vis_s1_l1_pregrasp_static_03_state,v1r_vis_s1_l1_pregrasp_static_03_points128,20,20,0.6,pregrasp_static,primary_task_object,precomputed_reference_mask_sequence,mask_1_1_pregrasp_static_03,test,E00_CLEAN,False,0,0.0
1,v1r_vis_s1_l1_pregrasp_static_03,1,pregrasp_static,bowl_on_plate,3885607200,v1r_vis_s1_l1_pregrasp_static_03_state,v1r_vis_s1_l1_pregrasp_static_03_points128,20,20,0.6,pregrasp_static,primary_task_object,precomputed_reference_mask_sequence,mask_1_1_pregrasp_static_03,test,E10,False,5,0.25
1,v1r_vis_s1_l1_pregrasp_static_03,1,pregrasp_static,bowl_on_plate,3885607200,v1r_vis_s1_l1_pregrasp_static_03_state,v1r_vis_s1_l1_pregrasp_static_03_points128,20,20,0.6,pregrasp_static,primary_task_object,precomputed_reference_mask_sequence,mask_1_1_pregrasp_static_03,test,E10_ORACLE_HIDDEN_GT,True,5,0.25
1,v1r_vis_s1_l1_pregrasp_static_03,1,pregrasp_static,bowl_on_plate,3885607200,v1r_vis_s1_l1_pregrasp_static_03_state,v1r_vis_s1_l1_pregrasp_static_03_points128,20,20,0.6,pregrasp_static,primary_task_object,precomputed_reference_mask_sequence,mask_1_1_pregrasp_static_03,test,E10,False,10,0.5
1,v1r_vis_s1_l1_pregrasp_static_03,1,pregrasp_static,bowl_on_plate,3885607200,v1r_vis_s1_l1_pregrasp_static_03_state,v1r_vis_s1_l1_pregrasp_static_03_points128,20,20,0.6,pregrasp_static,primary_task_object,precomputed_reference_mask_sequence,mask_1_1_pregrasp_static_03,test,E10_ORACLE_HIDDEN_GT,True,10,0.5
1,v1r_vis_s1_l1_pregrasp_static_03,1,pregrasp_static,bowl_on_plate,3885607200,v1r_vis_s1_l1_pregrasp_static_03_state,v1r_vis_s1_l1_pregrasp_static_03_points128,20,20,0.6,pregrasp_static,primary_task_object,precomputed_reference_mask_sequence,mask_1_1_pregrasp_static_03,test,E10,False,20,1.0
1,v1r_vis_s1_l1_pregrasp_static_03,1,pregrasp_static,bowl_on_plate,3885607200,v1r_vis_s1_l1_pregrasp_static_03_state,v1r_vis_s1_l1_pregrasp_static_03_points128,20,20,0.6,pregrasp_static,primary_task_object,precomputed_reference_mask_sequence,mask_1_1_pregrasp_static_03,test,E10_ORACLE_HIDDEN_GT,True,20,1.0
1,v1r_vis_s1_l1_pregrasp_static_04,1,pregrasp_static,bowl_on_plate,2704133652,v1r_vis_s1_l1_pregrasp_static_04_state,v1r_vis_s1_l1_pregrasp_static_04_points128,25,20,0.6,pregrasp_static,primary_task_object,precomputed_reference_mask_sequence,mask_1_1_pregrasp_static_04,test,E00_CLEAN,False,0,0.0
1,v1r_vis_s1_l1_pregrasp_static_04,1,pregrasp_static,bowl_on_plate,2704133652,v1r_vis_s1_l1_pregrasp_static_04_state,v1r_vis_s1_l1_pregrasp_static_04_points128,25,20,0.6,pregrasp_static,primary_task_object,precomputed_reference_mask_sequence,mask_1_1_pregrasp_static_04,test,E10,False,5,0.25
1,v1r_vis_s1_l1_pregrasp_static_04,1,pregrasp_static,bowl_on_plate,2704133652,v1r_vis_s1_l1_pregrasp_static_04_state,v1r_vis_s1_l1_pregrasp_static_04_points128,25,20,0.6,pregrasp_static,primary_task_object,precomputed_reference_mask_sequence,mask_1_1_pregrasp_static_04,test,E10_ORACLE_HIDDEN_GT,True,5,0.25
1,v1r_vis_s1_l1_pregrasp_static_04,1,pregrasp_static,bowl_on_plate,2704133652,v1r_vis_s1_l1_pregrasp_static_04_state,v1r_vis_s1_l1_pregrasp_static_04_points128,25,20,0.6,pregrasp_static,primary_task_object,precomputed_reference_mask_sequence,mask_1_1_pregrasp_static_04,test,E10,False,10,0.5
1,v1r_vis_s1_l1_pregrasp_static_04,1,pregrasp_static,bowl_on_plate,2704133652,v1r_vis_s1_l1_pregrasp_static_04_state,v1r_vis_s1_l1_pregrasp_static_04_points128,25,20,0.6,pregrasp_static,primary_task_object,precomputed_reference_mask_sequence,mask_1_1_pregrasp_static_04,test,E10_ORACLE_HIDDEN_GT,True,10,0.5
1,v1r_vis_s1_l1_pregrasp_static_04,1,pregrasp_static,bowl_on_plate,2704133652,v1r_vis_s1_l1_pregrasp_static_04_state,v1r_vis_s1_l1_pregrasp_static_04_points128,25,20,0.6,pregrasp_static,primary_task_object,precomputed_reference_mask_sequence,mask_1_1_pregrasp_static_04,test,E10,False,20,1.0
1,v1r_vis_s1_l1_pregrasp_static_04,1,pregrasp_static,bowl_on_plate,2704133652,v1r_vis_s1_l1_pregrasp_static_04_state,v1r_vis_s1_l1_pregrasp_static_04_points128,25,20,0.6,pregrasp_static,primary_task_object,precomputed_reference_mask_sequence,mask_1_1_pregrasp_static_04,test,E10_ORACLE_HIDDEN_GT,True,20,1.0
1,v1r_vis_s1_l1_pregrasp_static_05,1,pregrasp_static,bowl_on_plate,276077106,v1r_vis_s1_l1_pregrasp_static_05_state,v1r_vis_s1_l1_pregrasp_static_05_points128,30,20,0.6,pregrasp_static,primary_task_object,precomputed_reference_mask_sequence,mask_1_1_pregrasp_static_05,test,E00_CLEAN,False,0,0.0
1,v1r_vis_s1_l1_pregrasp_static_05,1,pregrasp_static,bowl_on_plate,276077106,v1r_vis_s1_l1_pregrasp_static_05_state,v1r_vis_s1_l1_pregrasp_static_05_points128,30,20,0.6,pregrasp_static,primary_task_object,precomputed_reference_mask_sequence,mask_1_1_pregrasp_static_05,test,E10,False,5,0.25
1,v1r_vis_s1_l1_pregrasp_static_05,1,pregrasp_static,bowl_on_plate,276077106,v1r_vis_s1_l1_pregrasp_static_05_state,v1r_vis_s1_l1_pregrasp_static_05_points128,30,20,0.6,pregrasp_static,primary_task_object,precomputed_reference_mask_sequence,mask_1_1_pregrasp_static_05,test,E10_ORACLE_HIDDEN_GT,True,5,0.25
1,v1r_vis_s1_l1_pregrasp_static_05,1,pregrasp_static,bowl_on_plate,276077106,v1r_vis_s1_l1_pregrasp_static_05_state,v1r_vis_s1_l1_pregrasp_static_05_points128,30,20,0.6,pregrasp_static,primary_task_object,precomputed_reference_mask_sequence,mask_1_1_pregrasp_static_05,test,E10,False,10,0.5
1,v1r_vis_s1_l1_pregrasp_static_05,1,pregrasp_static,bowl_on_plate,276077106,v1r_vis_s1_l1_pregrasp_static_05_state,v1r_vis_s1_l1_pregrasp_static_05_points128,30,20,0.6,pregrasp_static,primary_task_object,precomputed_reference_mask_sequence,mask_1_1_pregrasp_static_05,test,E10_ORACLE_HIDDEN_GT,True,10,0.5
1,v1r_vis_s1_l1_pregrasp_static_05,1,pregrasp_static,bowl_on_plate,276077106,v1r_vis_s1_l1_pregrasp_static_05_state,v1r_vis_s1_l1_pregrasp_static_05_points128,30,20,0.6,pregrasp_static,primary_task_object,precomputed_reference_mask_sequence,mask_1_1_pregrasp_static_05,test,E10,False,20,1.0
1,v1r_vis_s1_l1_pregrasp_static_05,1,pregrasp_static,bowl_on_plate,276077106,v1r_vis_s1_l1_pregrasp_static_05_state,v1r_vis_s1_l1_pregrasp_static_05_points128,30,20,0.6,pregrasp_static,primary_task_object,precomputed_reference_mask_sequence,mask_1_1_pregrasp_static_05,test,E10_ORACLE_HIDDEN_GT,True,20,1.0
1,v1r_vis_s1_l1_pregrasp_static_06,1,pregrasp_static,bowl_on_plate,1855790549,v1r_vis_s1_l1_pregrasp_static_06_state,v1r_vis_s1_l1_pregrasp_static_06_points128,35,20,0.6,pregrasp_static,primary_task_object,precomputed_reference_mask_sequence,mask_1_1_pregrasp_static_06,test,E00_CLEAN,False,0,0.0
1,v1r_vis_s1_l1_pregrasp_static_06,1,pregrasp_static,bowl_on_plate,1855790549,v1r_vis_s1_l1_pregrasp_static_06_state,v1r_vis_s1_l1_pregrasp_static_06_points128,35,20,0.6,pregrasp_static,primary_task_object,precomputed_reference_mask_sequence,mask_1_1_pregrasp_static_06,test,E10,False,5,0.25
1,v1r_vis_s1_l1_pregrasp_static_06,1,pregrasp_static,bowl_on_plate,1855790549,v1r_vis_s1_l1_pregrasp_static_06_state,v1r_vis_s1_l1_pregrasp_static_06_points128,35,20,0.6,pregrasp_static,primary_task_object,precomputed_reference_mask_sequence,mask_1_1_pregrasp_static_06,test,E10_ORACLE_HIDDEN_GT,True,5,0.25
1,v1r_vis_s1_l1_pregrasp_static_06,1,pregrasp_static,bowl_on_plate,1855790549,v1r_vis_s1_l1_pregrasp_static_06_state,v1r_vis_s1_l1_pregrasp_static_06_points128,35,20,0.6,pregrasp_static,primary_task_object,precomputed_reference_mask_sequence,mask_1_1_pregrasp_static_06,test,E10,False,10,0.5
1,v1r_vis_s1_l1_pregrasp_static_06,1,pregrasp_static,bowl_on_plate,1855790549,v1r_vis_s1_l1_pregrasp_static_06_state,v1r_vis_s1_l1_pregrasp_static_06_points128,35,20,0.6,pregrasp_static,primary_task_object,precomputed_reference_mask_sequence,mask_1_1_pregrasp_static_06,test,E10_ORACLE_HIDDEN_GT,True,10,0.5
1,v1r_vis_s1_l1_pregrasp_static_06,1,pregrasp_static,bowl_on_plate,1855790549,v1r_vis_s1_l1_pregrasp_static_06_state,v1r_vis_s1_l1_pregrasp_static_06_points128,35,20,0.6,pregrasp_static,primary_task_object,precomputed_reference_mask_sequence,mask_1_1_pregrasp_static_06,test,E10,False,20,1.0
1,v1r_vis_s1_l1_pregrasp_static_06,1,pregrasp_static,bowl_on_plate,1855790549,v1r_vis_s1_l1_pregrasp_static_06_state,v1r_vis_s1_l1_pregrasp_static_06_points128,35,20,0.6,pregrasp_static,primary_task_object,precomputed_reference_mask_sequence,mask_1_1_pregrasp_static_06,test,E10_ORACLE_HIDDEN_GT,True,20,1.0
1,v1r_vis_s1_l1_pregrasp_static_07,1,pregrasp_static,bowl_on_plate,957531644,v1r_vis_s1_l1_pregrasp_static_07_state,v1r_vis_s1_l1_pregrasp_static_07_points128,20,20,0.6,pregrasp_static,primary_task_object,precomputed_reference_mask_sequence,mask_1_1_pregrasp_static_07,test,E00_CLEAN,False,0,0.0
1,v1r_vis_s1_l1_pregrasp_static_07,1,pregrasp_static,bowl_on_plate,957531644,v1r_vis_s1_l1_pregrasp_static_07_state,v1r_vis_s1_l1_pregrasp_static_07_points128,20,20,0.6,pregrasp_static,primary_task_object,precomputed_reference_mask_sequence,mask_1_1_pregrasp_static_07,test,E10,False,5,0.25
1,v1r_vis_s1_l1_pregrasp_static_07,1,pregrasp_static,bowl_on_plate,957531644,v1r_vis_s1_l1_pregrasp_static_07_state,v1r_vis_s1_l1_pregrasp_static_07_points128,20,20,0.6,pregrasp_static,primary_task_object,precomputed_reference_mask_sequence,mask_1_1_pregrasp_static_07,test,E10_ORACLE_HIDDEN_GT,True,5,0.25
1,v1r_vis_s1_l1_pregrasp_static_07,1,pregrasp_static,bowl_on_plate,957531644,v1r_vis_s1_l1_pregrasp_static_07_state,v1r_vis_s1_l1_pregrasp_static_07_points128,20,20,0.6,pregrasp_static,primary_task_object,precomputed_reference_mask_sequence,mask_1_1_pregrasp_static_07,test,E10,False,10,0.5
1,v1r_vis_s1_l1_pregrasp_static_07,1,pregrasp_static,bowl_on_plate,957531644,v1r_vis_s1_l1_pregrasp_static_07_state,v1r_vis_s1_l1_pregrasp_static_07_points128,20,20,0.6,pregrasp_static,primary_task_object,precomputed_reference_mask_sequence,mask_1_1_pregrasp_static_07,test,E10_ORACLE_HIDDEN_GT,True,10,0.5
1,v1r_vis_s1_l1_pregrasp_static_07,1,pregrasp_static,bowl_on_plate,957531644,v1r_vis_s1_l1_pregrasp_static_07_state,v1r_vis_s1_l1_pregrasp_static_07_points128,20,20,0.6,pregrasp_static,primary_task_object,precomputed_reference_mask_sequence,mask_1_1_pregrasp_static_07,test,E10,False,20,1.0
1,v1r_vis_s1_l1_pregrasp_static_07,1,pregrasp_static,bowl_on_plate,957531644,v1r_vis_s1_l1_pregrasp_static_07_state,v1r_vis_s1_l1_pregrasp_static_07_points128,20,20,0.6,pregrasp_static,primary_task_object,precomputed_reference_mask_sequence,mask_1_1_pregrasp_static_07,test,E10_ORACLE_HIDDEN_GT,True,20,1.0
1,v1r_vis_s1_l1_pregrasp_static_08,1,pregrasp_static,bowl_on_plate,165579702,v1r_vis_s1_l1_pregrasp_static_08_state,v1r_vis_s1_l1_pregrasp_static_08_points128,25,20,0.6,pregrasp_static,primary_task_object,precomputed_reference_mask_sequence,mask_1_1_pregrasp_static_08,test,E00_CLEAN,False,0,0.0
1,v1r_vis_s1_l1_pregrasp_static_08,1,pregrasp_static,bowl_on_plate,165579702,v1r_vis_s1_l1_pregrasp_static_08_state,v1r_vis_s1_l1_pregrasp_static_08_points128,25,20,0.6,pregrasp_static,primary_task_object,precomputed_reference_mask_sequence,mask_1_1_pregrasp_static_08,test,E10,False,5,0.25
1,v1r_vis_s1_l1_pregrasp_static_08,1,pregrasp_static,bowl_on_plate,165579702,v1r_vis_s1_l1_pregrasp_static_08_state,v1r_vis_s1_l1_pregrasp_static_08_points128,25,20,0.6,pregrasp_static,primary_task_object,precomputed_reference_mask_sequence,mask_1_1_pregrasp_static_08,test,E10_ORACLE_HIDDEN_GT,True,5,0.25
1,v1r_vis_s1_l1_pregrasp_static_08,1,pregrasp_static,bowl_on_plate,165579702,v1r_vis_s1_l1_pregrasp_static_08_state,v1r_vis_s1_l1_pregrasp_static_08_points128,25,20,0.6,pregrasp_static,primary_task_object,precomputed_reference_mask_sequence,mask_1_1_pregrasp_static_08,test,E10,False,10,0.5
1,v1r_vis_s1_l1_pregrasp_static_08,1,pregrasp_static,bowl_on_plate,165579702,v1r_vis_s1_l1_pregrasp_static_08_state,v1r_vis_s1_l1_pregrasp_static_08_points128,25,20,0.6,pregrasp_static,primary_task_object,precomputed_reference_mask_sequence,mask_1_1_pregrasp_static_08,test,E10_ORACLE_HIDDEN_GT,True,10,0.5
1,v1r_vis_s1_l1_pregrasp_static_08,1,pregrasp_static,bowl_on_plate,165579702,v1r_vis_s1_l1_pregrasp_static_08_state,v1r_vis_s1_l1_pregrasp_static_08_points128,25,20,0.6,pregrasp_static,primary_task_object,precomputed_reference_mask_sequence,mask_1_1_pregrasp_static_08,test,E10,False,20,1.0
1,v1r_vis_s1_l1_pregrasp_static_08,1,pregrasp_static,bowl_on_plate,165579702,v1r_vis_s1_l1_pregrasp_static_08_state,v1r_vis_s1_l1_pregrasp_static_08_points128,25,20,0.6,pregrasp_static,primary_task_object,precomputed_reference_mask_sequence,mask_1_1_pregrasp_static_08,test,E10_ORACLE_HIDDEN_GT,True,20,1.0
1,v1r_vis_s1_l1_pregrasp_static_09,1,pregrasp_static,bowl_on_plate,3611511978,v1r_vis_s1_l1_pregrasp_static_09_state,v1r_vis_s1_l1_pregrasp_static_09_points128,30,20,0.6,pregrasp_static,primary_task_object,precomputed_reference_mask_sequence,mask_1_1_pregrasp_static_09,test,E00_CLEAN,False,0,0.0
1,v1r_vis_s1_l1_pregrasp_static_09,1,pregrasp_static,bowl_on_plate,3611511978,v1r_vis_s1_l1_pregrasp_static_09_state,v1r_vis_s1_l1_pregrasp_static_09_points128,30,20,0.6,pregrasp_static,primary_task_object,precomputed_reference_mask_sequence,mask_1_1_pregrasp_static_09,test,E10,False,5,0.25
1,v1r_vis_s1_l1_pregrasp_static_09,1,pregrasp_static,bowl_on_plate,3611511978,v1r_vis_s1_l1_pregrasp_static_09_state,v1r_vis_s1_l1_pregrasp_static_09_points128,30,20,0.6,pregrasp_static,primary_task_object,precomputed_reference_mask_sequence,mask_1_1_pregrasp_static_09,test,E10_ORACLE_HIDDEN_GT,True,5,0.25
1,v1r_vis_s1_l1_pregrasp_static_09,1,pregrasp_static,bowl_on_plate,3611511978,v1r_vis_s1_l1_pregrasp_static_09_state,v1r_vis_s1_l1_pregrasp_static_09_points128,30,20,0.6,pregrasp_static,primary_task_object,precomputed_reference_mask_sequence,mask_1_1_pregrasp_static_09,test,E10,False,10,0.5
1,v1r_vis_s1_l1_pregrasp_static_09,1,pregrasp_static,bowl_on_plate,3611511978,v1r_vis_s1_l1_pregrasp_static_09_state,v1r_vis_s1_l1_pregrasp_static_09_points128,30,20,0.6,pregrasp_static,primary_task_object,precomputed_reference_mask_sequence,mask_1_1_pregrasp_static_09,test,E10_ORACLE_HIDDEN_GT,True,10,0.5
1,v1r_vis_s1_l1_pregrasp_static_09,1,pregrasp_static,bowl_on_plate,3611511978,v1r_vis_s1_l1_pregrasp_static_09_state,v1r_vis_s1_l1_pregrasp_static_09_points128,30,20,0.6,pregrasp_static,primary_task_object,precomputed_reference_mask_sequence,mask_1_1_pregrasp_static_09,test,E10,False,20,1.0
1,v1r_vis_s1_l1_pregrasp_static_09,1,pregrasp_static,bowl_on_plate,3611511978,v1r_vis_s1_l1_pregrasp_static_09_state,v1r_vis_s1_l1_pregrasp_static_09_points128,30,20,0.6,pregrasp_static,primary_task_object,precomputed_reference_mask_sequence,mask_1_1_pregrasp_static_09,test,E10_ORACLE_HIDDEN_GT,True,20,1.0
1,v1r_vis_s1_l1_transport_moving_00,1,transport_moving,bowl_on_plate,247738146,v1r_vis_s1_l1_transport_moving_00_state,v1r_vis_s1_l1_transport_moving_00_points128,30,20,0.6,transport_moving,primary_task_object,precomputed_reference_mask_sequence,mask_1_1_transport_moving_00,test,E00_CLEAN,False,0,0.0
1,v1r_vis_s1_l1_transport_moving_00,1,transport_moving,bowl_on_plate,247738146,v1r_vis_s1_l1_transport_moving_00_state,v1r_vis_s1_l1_transport_moving_00_points128,30,20,0.6,transport_moving,primary_task_object,precomputed_reference_mask_sequence,mask_1_1_transport_moving_00,test,E10,False,5,0.25
1,v1r_vis_s1_l1_transport_moving_00,1,transport_moving,bowl_on_plate,247738146,v1r_vis_s1_l1_transport_moving_00_state,v1r_vis_s1_l1_transport_moving_00_points128,30,20,0.6,transport_moving,primary_task_object,precomputed_reference_mask_sequence,mask_1_1_transport_moving_00,test,E10_ORACLE_HIDDEN_GT,True,5,0.25
1,v1r_vis_s1_l1_transport_moving_00,1,transport_moving,bowl_on_plate,247738146,v1r_vis_s1_l1_transport_moving_00_state,v1r_vis_s1_l1_transport_moving_00_points128,30,20,0.6,transport_moving,primary_task_object,precomputed_reference_mask_sequence,mask_1_1_transport_moving_00,test,E10,False,10,0.5
1,v1r_vis_s1_l1_transport_moving_00,1,transport_moving,bowl_on_plate,247738146,v1r_vis_s1_l1_transport_moving_00_state,v1r_vis_s1_l1_transport_moving_00_points128,30,20,0.6,transport_moving,primary_task_object,precomputed_reference_mask_sequence,mask_1_1_transport_moving_00,test,E10_ORACLE_HIDDEN_GT,True,10,0.5
1,v1r_vis_s1_l1_transport_moving_00,1,transport_moving,bowl_on_plate,247738146,v1r_vis_s1_l1_transport_moving_00_state,v1r_vis_s1_l1_transport_moving_00_points128,30,20,0.6,transport_moving,primary_task_object,precomputed_reference_mask_sequence,mask_1_1_transport_moving_00,test,E10,False,20,1.0
1,v1r_vis_s1_l1_transport_moving_00,1,transport_moving,bowl_on_plate,247738146,v1r_vis_s1_l1_transport_moving_00_state,v1r_vis_s1_l1_transport_moving_00_points128,30,20,0.6,transport_moving,primary_task_object,precomputed_reference_mask_sequence,mask_1_1_transport_moving_00,test,E10_ORACLE_HIDDEN_GT,True,20,1.0
1,v1r_vis_s1_l1_transport_moving_01,1,transport_moving,bowl_on_plate,4084573327,v1r_vis_s1_l1_transport_moving_01_state,v1r_vis_s1_l1_transport_moving_01_points128,35,20,0.6,transport_moving,primary_task_object,precomputed_reference_mask_sequence,mask_1_1_transport_moving_01,test,E00_CLEAN,False,0,0.0
1,v1r_vis_s1_l1_transport_moving_01,1,transport_moving,bowl_on_plate,4084573327,v1r_vis_s1_l1_transport_moving_01_state,v1r_vis_s1_l1_transport_moving_01_points128,35,20,0.6,transport_moving,primary_task_object,precomputed_reference_mask_sequence,mask_1_1_transport_moving_01,test,E10,False,5,0.25
1,v1r_vis_s1_l1_transport_moving_01,1,transport_moving,bowl_on_plate,4084573327,v1r_vis_s1_l1_transport_moving_01_state,v1r_vis_s1_l1_transport_moving_01_points128,35,20,0.6,transport_moving,primary_task_object,precomputed_reference_mask_sequence,mask_1_1_transport_moving_01,test,E10_ORACLE_HIDDEN_GT,True,5,0.25
1,v1r_vis_s1_l1_transport_moving_01,1,transport_moving,bowl_on_plate,4084573327,v1r_vis_s1_l1_transport_moving_01_state,v1r_vis_s1_l1_transport_moving_01_points128,35,20,0.6,transport_moving,primary_task_object,precomputed_reference_mask_sequence,mask_1_1_transport_moving_01,test,E10,False,10,0.5
1,v1r_vis_s1_l1_transport_moving_01,1,transport_moving,bowl_on_plate,4084573327,v1r_vis_s1_l1_transport_moving_01_state,v1r_vis_s1_l1_transport_moving_01_points128,35,20,0.6,transport_moving,primary_task_object,precomputed_reference_mask_sequence,mask_1_1_transport_moving_01,test,E10_ORACLE_HIDDEN_GT,True,10,0.5
1,v1r_vis_s1_l1_transport_moving_01,1,transport_moving,bowl_on_plate,4084573327,v1r_vis_s1_l1_transport_moving_01_state,v1r_vis_s1_l1_transport_moving_01_points128,35,20,0.6,transport_moving,primary_task_object,precomputed_reference_mask_sequence,mask_1_1_transport_moving_01,test,E10,False,20,1.0
1,v1r_vis_s1_l1_transport_moving_01,1,transport_moving,bowl_on_plate,4084573327,v1r_vis_s1_l1_transport_moving_01_state,v1r_vis_s1_l1_transport_moving_01_points128,35,20,0.6,transport_moving,primary_task_object,precomputed_reference_mask_sequence,mask_1_1_transport_moving_01,test,E10_ORACLE_HIDDEN_GT,True,20,1.0
1,v1r_vis_s1_l1_transport_moving_02,1,transport_moving,bowl_on_plate,3483332772,v1r_vis_s1_l1_transport_moving_02_state,v1r_vis_s1_l1_transport_moving_02_points128,20,20,0.6,transport_moving,primary_task_object,precomputed_reference_mask_sequence,mask_1_1_transport_moving_02,test,E00_CLEAN,False,0,0.0
1,v1r_vis_s1_l1_transport_moving_02,1,transport_moving,bowl_on_plate,3483332772,v1r_vis_s1_l1_transport_moving_02_state,v1r_vis_s1_l1_transport_moving_02_points128,20,20,0.6,transport_moving,primary_task_object,precomputed_reference_mask_sequence,mask_1_1_transport_moving_02,test,E10,False,5,0.25
1,v1r_vis_s1_l1_transport_moving_02,1,transport_moving,bowl_on_plate,3483332772,v1r_vis_s1_l1_transport_moving_02_state,v1r_vis_s1_l1_transport_moving_02_points128,20,20,0.6,transport_moving,primary_task_object,precomputed_reference_mask_sequence,mask_1_1_transport_moving_02,test,E10_ORACLE_HIDDEN_GT,True,5,0.25
1,v1r_vis_s1_l1_transport_moving_02,1,transport_moving,bowl_on_plate,3483332772,v1r_vis_s1_l1_transport_moving_02_state,v1r_vis_s1_l1_transport_moving_02_points128,20,20,0.6,transport_moving,primary_task_object,precomputed_reference_mask_sequence,mask_1_1_transport_moving_02,test,E10,False,10,0.5
1,v1r_vis_s1_l1_transport_moving_02,1,transport_moving,bowl_on_plate,3483332772,v1r_vis_s1_l1_transport_moving_02_state,v1r_vis_s1_l1_transport_moving_02_points128,20,20,0.6,transport_moving,primary_task_object,precomputed_reference_mask_sequence,mask_1_1_transport_moving_02,test,E10_ORACLE_HIDDEN_GT,True,10,0.5
1,v1r_vis_s1_l1_transport_moving_02,1,transport_moving,bowl_on_plate,3483332772,v1r_vis_s1_l1_transport_moving_02_state,v1r_vis_s1_l1_transport_moving_02_points128,20,20,0.6,transport_moving,primary_task_object,precomputed_reference_mask_sequence,mask_1_1_transport_moving_02,test,E10,False,20,1.0
1,v1r_vis_s1_l1_transport_moving_02,1,transport_moving,bowl_on_plate,3483332772,v1r_vis_s1_l1_transport_moving_02_state,v1r_vis_s1_l1_transport_moving_02_points128,20,20,0.6,transport_moving,primary_task_object,precomputed_reference_mask_sequence,mask_1_1_transport_moving_02,test,E10_ORACLE_HIDDEN_GT,True,20,1.0
1,v1r_vis_s1_l1_transport_moving_03,1,transport_moving,bowl_on_plate,3469746354,v1r_vis_s1_l1_transport_moving_03_state,v1r_vis_s1_l1_transport_moving_03_points128,25,20,0.6,transport_moving,primary_task_object,precomputed_reference_mask_sequence,mask_1_1_transport_moving_03,test,E00_CLEAN,False,0,0.0
1,v1r_vis_s1_l1_transport_moving_03,1,transport_moving,bowl_on_plate,3469746354,v1r_vis_s1_l1_transport_moving_03_state,v1r_vis_s1_l1_transport_moving_03_points128,25,20,0.6,transport_moving,primary_task_object,precomputed_reference_mask_sequence,mask_1_1_transport_moving_03,test,E10,False,5,0.25
1,v1r_vis_s1_l1_transport_moving_03,1,transport_moving,bowl_on_plate,3469746354,v1r_vis_s1_l1_transport_moving_03_state,v1r_vis_s1_l1_transport_moving_03_points128,25,20,0.6,transport_moving,primary_task_object,precomputed_reference_mask_sequence,mask_1_1_transport_moving_03,test,E10_ORACLE_HIDDEN_GT,True,5,0.25
1,v1r_vis_s1_l1_transport_moving_03,1,transport_moving,bowl_on_plate,3469746354,v1r_vis_s1_l1_transport_moving_03_state,v1r_vis_s1_l1_transport_moving_03_points128,25,20,0.6,transport_moving,primary_task_object,precomputed_reference_mask_sequence,mask_1_1_transport_moving_03,test,E10,False,10,0.5
1,v1r_vis_s1_l1_transport_moving_03,1,transport_moving,bowl_on_plate,3469746354,v1r_vis_s1_l1_transport_moving_03_state,v1r_vis_s1_l1_transport_moving_03_points128,25,20,0.6,transport_moving,primary_task_object,precomputed_reference_mask_sequence,mask_1_1_transport_moving_03,test,E10_ORACLE_HIDDEN_GT,True,10,0.5
1,v1r_vis_s1_l1_transport_moving_03,1,transport_moving,bowl_on_plate,3469746354,v1r_vis_s1_l1_transport_moving_03_state,v1r_vis_s1_l1_transport_moving_03_points128,25,20,0.6,transport_moving,primary_task_object,precomputed_reference_mask_sequence,mask_1_1_transport_moving_03,test,E10,False,20,1.0
1,v1r_vis_s1_l1_transport_moving_03,1,transport_moving,bowl_on_plate,3469746354,v1r_vis_s1_l1_transport_moving_03_state,v1r_vis_s1_l1_transport_moving_03_points128,25,20,0.6,transport_moving,primary_task_object,precomputed_reference_mask_sequence,mask_1_1_transport_moving_03,test,E10_ORACLE_HIDDEN_GT,True,20,1.0
1,v1r_vis_s1_l1_transport_moving_04,1,transport_moving,bowl_on_plate,2826558246,v1r_vis_s1_l1_transport_moving_04_state,v1r_vis_s1_l1_transport_moving_04_points128,30,20,0.6,transport_moving,primary_task_object,precomputed_reference_mask_sequence,mask_1_1_transport_moving_04,test,E00_CLEAN,False,0,0.0
1,v1r_vis_s1_l1_transport_moving_04,1,transport_moving,bowl_on_plate,2826558246,v1r_vis_s1_l1_transport_moving_04_state,v1r_vis_s1_l1_transport_moving_04_points128,30,20,0.6,transport_moving,primary_task_object,precomputed_reference_mask_sequence,mask_1_1_transport_moving_04,test,E10,False,5,0.25
1,v1r_vis_s1_l1_transport_moving_04,1,transport_moving,bowl_on_plate,2826558246,v1r_vis_s1_l1_transport_moving_04_state,v1r_vis_s1_l1_transport_moving_04_points128,30,20,0.6,transport_moving,primary_task_object,precomputed_reference_mask_sequence,mask_1_1_transport_moving_04,test,E10_ORACLE_HIDDEN_GT,True,5,0.25
1,v1r_vis_s1_l1_transport_moving_04,1,transport_moving,bowl_on_plate,2826558246,v1r_vis_s1_l1_transport_moving_04_state,v1r_vis_s1_l1_transport_moving_04_points128,30,20,0.6,transport_moving,primary_task_object,precomputed_reference_mask_sequence,mask_1_1_transport_moving_04,test,E10,False,10,0.5
1,v1r_vis_s1_l1_transport_moving_04,1,transport_moving,bowl_on_plate,2826558246,v1r_vis_s1_l1_transport_moving_04_state,v1r_vis_s1_l1_transport_moving_04_points128,30,20,0.6,transport_moving,primary_task_object,precomputed_reference_mask_sequence,mask_1_1_transport_moving_04,test,E10_ORACLE_HIDDEN_GT,True,10,0.5
1,v1r_vis_s1_l1_transport_moving_04,1,transport_moving,bowl_on_plate,2826558246,v1r_vis_s1_l1_transport_moving_04_state,v1r_vis_s1_l1_transport_moving_04_points128,30,20,0.6,transport_moving,primary_task_object,precomputed_reference_mask_sequence,mask_1_1_transport_moving_04,test,E10,False,20,1.0
1,v1r_vis_s1_l1_transport_moving_04,1,transport_moving,bowl_on_plate,2826558246,v1r_vis_s1_l1_transport_moving_04_state,v1r_vis_s1_l1_transport_moving_04_points128,30,20,0.6,transport_moving,primary_task_object,precomputed_reference_mask_sequence,mask_1_1_transport_moving_04,test,E10_ORACLE_HIDDEN_GT,True,20,1.0
1,v1r_vis_s1_l1_transport_moving_05,1,transport_moving,bowl_on_plate,1889319468,v1r_vis_s1_l1_transport_moving_05_state,v1r_vis_s1_l1_transport_moving_05_points128,35,20,0.6,transport_moving,primary_task_object,precomputed_reference_mask_sequence,mask_1_1_transport_moving_05,test,E00_CLEAN,False,0,0.0
1,v1r_vis_s1_l1_transport_moving_05,1,transport_moving,bowl_on_plate,1889319468,v1r_vis_s1_l1_transport_moving_05_state,v1r_vis_s1_l1_transport_moving_05_points128,35,20,0.6,transport_moving,primary_task_object,precomputed_reference_mask_sequence,mask_1_1_transport_moving_05,test,E10,False,5,0.25
1,v1r_vis_s1_l1_transport_moving_05,1,transport_moving,bowl_on_plate,1889319468,v1r_vis_s1_l1_transport_moving_05_state,v1r_vis_s1_l1_transport_moving_05_points128,35,20,0.6,transport_moving,primary_task_object,precomputed_reference_mask_sequence,mask_1_1_transport_moving_05,test,E10_ORACLE_HIDDEN_GT,True,5,0.25
1,v1r_vis_s1_l1_transport_moving_05,1,transport_moving,bowl_on_plate,1889319468,v1r_vis_s1_l1_transport_moving_05_state,v1r_vis_s1_l1_transport_moving_05_points128,35,20,0.6,transport_moving,primary_task_object,precomputed_reference_mask_sequence,mask_1_1_transport_moving_05,test,E10,False,10,0.5
1,v1r_vis_s1_l1_transport_moving_05,1,transport_moving,bowl_on_plate,1889319468,v1r_vis_s1_l1_transport_moving_05_state,v1r_vis_s1_l1_transport_moving_05_points128,35,20,0.6,transport_moving,primary_task_object,precomputed_reference_mask_sequence,mask_1_1_transport_moving_05,test,E10_ORACLE_HIDDEN_GT,True,10,0.5
1,v1r_vis_s1_l1_transport_moving_05,1,transport_moving,bowl_on_plate,1889319468,v1r_vis_s1_l1_transport_moving_05_state,v1r_vis_s1_l1_transport_moving_05_points128,35,20,0.6,transport_moving,primary_task_object,precomputed_reference_mask_sequence,mask_1_1_transport_moving_05,test,E10,False,20,1.0
1,v1r_vis_s1_l1_transport_moving_05,1,transport_moving,bowl_on_plate,1889319468,v1r_vis_s1_l1_transport_moving_05_state,v1r_vis_s1_l1_transport_moving_05_points128,35,20,0.6,transport_moving,primary_task_object,precomputed_reference_mask_sequence,mask_1_1_transport_moving_05,test,E10_ORACLE_HIDDEN_GT,True,20,1.0
1,v1r_vis_s1_l1_transport_moving_06,1,transport_moving,bowl_on_plate,903153509,v1r_vis_s1_l1_transport_moving_06_state,v1r_vis_s1_l1_transport_moving_06_points128,20,20,0.6,transport_moving,primary_task_object,precomputed_reference_mask_sequence,mask_1_1_transport_moving_06,test,E00_CLEAN,False,0,0.0
1,v1r_vis_s1_l1_transport_moving_06,1,transport_moving,bowl_on_plate,903153509,v1r_vis_s1_l1_transport_moving_06_state,v1r_vis_s1_l1_transport_moving_06_points128,20,20,0.6,transport_moving,primary_task_object,precomputed_reference_mask_sequence,mask_1_1_transport_moving_06,test,E10,False,5,0.25
1,v1r_vis_s1_l1_transport_moving_06,1,transport_moving,bowl_on_plate,903153509,v1r_vis_s1_l1_transport_moving_06_state,v1r_vis_s1_l1_transport_moving_06_points128,20,20,0.6,transport_moving,primary_task_object,precomputed_reference_mask_sequence,mask_1_1_transport_moving_06,test,E10_ORACLE_HIDDEN_GT,True,5,0.25
1,v1r_vis_s1_l1_transport_moving_06,1,transport_moving,bowl_on_plate,903153509,v1r_vis_s1_l1_transport_moving_06_state,v1r_vis_s1_l1_transport_moving_06_points128,20,20,0.6,transport_moving,primary_task_object,precomputed_reference_mask_sequence,mask_1_1_transport_moving_06,test,E10,False,10,0.5
1,v1r_vis_s1_l1_transport_moving_06,1,transport_moving,bowl_on_plate,903153509,v1r_vis_s1_l1_transport_moving_06_state,v1r_vis_s1_l1_transport_moving_06_points128,20,20,0.6,transport_moving,primary_task_object,precomputed_reference_mask_sequence,mask_1_1_transport_moving_06,test,E10_ORACLE_HIDDEN_GT,True,10,0.5
1,v1r_vis_s1_l1_transport_moving_06,1,transport_moving,bowl_on_plate,903153509,v1r_vis_s1_l1_transport_moving_06_state,v1r_vis_s1_l1_transport_moving_06_points128,20,20,0.6,transport_moving,primary_task_object,precomputed_reference_mask_sequence,mask_1_1_transport_moving_06,test,E10,False,20,1.0
1,v1r_vis_s1_l1_transport_moving_06,1,transport_moving,bowl_on_plate,903153509,v1r_vis_s1_l1_transport_moving_06_state,v1r_vis_s1_l1_transport_moving_06_points128,20,20,0.6,transport_moving,primary_task_object,precomputed_reference_mask_sequence,mask_1_1_transport_moving_06,test,E10_ORACLE_HIDDEN_GT,True,20,1.0
1,v1r_vis_s1_l1_transport_moving_07,1,transport_moving,bowl_on_plate,3486117548,v1r_vis_s1_l1_transport_moving_07_state,v1r_vis_s1_l1_transport_moving_07_points128,25,20,0.6,transport_moving,primary_task_object,precomputed_reference_mask_sequence,mask_1_1_transport_moving_07,test,E00_CLEAN,False,0,0.0
1,v1r_vis_s1_l1_transport_moving_07,1,transport_moving,bowl_on_plate,3486117548,v1r_vis_s1_l1_transport_moving_07_state,v1r_vis_s1_l1_transport_moving_07_points128,25,20,0.6,transport_moving,primary_task_object,precomputed_reference_mask_sequence,mask_1_1_transport_moving_07,test,E10,False,5,0.25
1,v1r_vis_s1_l1_transport_moving_07,1,transport_moving,bowl_on_plate,3486117548,v1r_vis_s1_l1_transport_moving_07_state,v1r_vis_s1_l1_transport_moving_07_points128,25,20,0.6,transport_moving,primary_task_object,precomputed_reference_mask_sequence,mask_1_1_transport_moving_07,test,E10_ORACLE_HIDDEN_GT,True,5,0.25
1,v1r_vis_s1_l1_transport_moving_07,1,transport_moving,bowl_on_plate,3486117548,v1r_vis_s1_l1_transport_moving_07_state,v1r_vis_s1_l1_transport_moving_07_points128,25,20,0.6,transport_moving,primary_task_object,precomputed_reference_mask_sequence,mask_1_1_transport_moving_07,test,E10,False,10,0.5
1,v1r_vis_s1_l1_transport_moving_07,1,transport_moving,bowl_on_plate,3486117548,v1r_vis_s1_l1_transport_moving_07_state,v1r_vis_s1_l1_transport_moving_07_points128,25,20,0.6,transport_moving,primary_task_object,precomputed_reference_mask_sequence,mask_1_1_transport_moving_07,test,E10_ORACLE_HIDDEN_GT,True,10,0.5
1,v1r_vis_s1_l1_transport_moving_07,1,transport_moving,bowl_on_plate,3486117548,v1r_vis_s1_l1_transport_moving_07_state,v1r_vis_s1_l1_transport_moving_07_points128,25,20,0.6,transport_moving,primary_task_object,precomputed_reference_mask_sequence,mask_1_1_transport_moving_07,test,E10,False,20,1.0
1,v1r_vis_s1_l1_transport_moving_07,1,transport_moving,bowl_on_plate,3486117548,v1r_vis_s1_l1_transport_moving_07_state,v1r_vis_s1_l1_transport_moving_07_points128,25,20,0.6,transport_moving,primary_task_object,precomputed_reference_mask_sequence,mask_1_1_transport_moving_07,test,E10_ORACLE_HIDDEN_GT,True,20,1.0
1,v1r_vis_s1_l1_transport_moving_08,1,transport_moving,bowl_on_plate,248327124,v1r_vis_s1_l1_transport_moving_08_state,v1r_vis_s1_l1_transport_moving_08_points128,30,20,0.6,transport_moving,primary_task_object,precomputed_reference_mask_sequence,mask_1_1_transport_moving_08,test,E00_CLEAN,False,0,0.0
1,v1r_vis_s1_l1_transport_moving_08,1,transport_moving,bowl_on_plate,248327124,v1r_vis_s1_l1_transport_moving_08_state,v1r_vis_s1_l1_transport_moving_08_points128,30,20,0.6,transport_moving,primary_task_object,precomputed_reference_mask_sequence,mask_1_1_transport_moving_08,test,E10,False,5,0.25
1,v1r_vis_s1_l1_transport_moving_08,1,transport_moving,bowl_on_plate,248327124,v1r_vis_s1_l1_transport_moving_08_state,v1r_vis_s1_l1_transport_moving_08_points128,30,20,0.6,transport_moving,primary_task_object,precomputed_reference_mask_sequence,mask_1_1_transport_moving_08,test,E10_ORACLE_HIDDEN_GT,True,5,0.25
1,v1r_vis_s1_l1_transport_moving_08,1,transport_moving,bowl_on_plate,248327124,v1r_vis_s1_l1_transport_moving_08_state,v1r_vis_s1_l1_transport_moving_08_points128,30,20,0.6,transport_moving,primary_task_object,precomputed_reference_mask_sequence,mask_1_1_transport_moving_08,test,E10,False,10,0.5
1,v1r_vis_s1_l1_transport_moving_08,1,transport_moving,bowl_on_plate,248327124,v1r_vis_s1_l1_transport_moving_08_state,v1r_vis_s1_l1_transport_moving_08_points128,30,20,0.6,transport_moving,primary_task_object,precomputed_reference_mask_sequence,mask_1_1_transport_moving_08,test,E10_ORACLE_HIDDEN_GT,True,10,0.5
1,v1r_vis_s1_l1_transport_moving_08,1,transport_moving,bowl_on_plate,248327124,v1r_vis_s1_l1_transport_moving_08_state,v1r_vis_s1_l1_transport_moving_08_points128,30,20,0.6,transport_moving,primary_task_object,precomputed_reference_mask_sequence,mask_1_1_transport_moving_08,test,E10,False,20,1.0
1,v1r_vis_s1_l1_transport_moving_08,1,transport_moving,bowl_on_plate,248327124,v1r_vis_s1_l1_transport_moving_08_state,v1r_vis_s1_l1_transport_moving_08_points128,30,20,0.6,transport_moving,primary_task_object,precomputed_reference_mask_sequence,mask_1_1_transport_moving_08,test,E10_ORACLE_HIDDEN_GT,True,20,1.0
1,v1r_vis_s1_l1_transport_moving_09,1,transport_moving,bowl_on_plate,2289068283,v1r_vis_s1_l1_transport_moving_09_state,v1r_vis_s1_l1_transport_moving_09_points128,35,20,0.6,transport_moving,primary_task_object,precomputed_reference_mask_sequence,mask_1_1_transport_moving_09,test,E00_CLEAN,False,0,0.0
1,v1r_vis_s1_l1_transport_moving_09,1,transport_moving,bowl_on_plate,2289068283,v1r_vis_s1_l1_transport_moving_09_state,v1r_vis_s1_l1_transport_moving_09_points128,35,20,0.6,transport_moving,primary_task_object,precomputed_reference_mask_sequence,mask_1_1_transport_moving_09,test,E10,False,5,0.25
1,v1r_vis_s1_l1_transport_moving_09,1,transport_moving,bowl_on_plate,2289068283,v1r_vis_s1_l1_transport_moving_09_state,v1r_vis_s1_l1_transport_moving_09_points128,35,20,0.6,transport_moving,primary_task_object,precomputed_reference_mask_sequence,mask_1_1_transport_moving_09,test,E10_ORACLE_HIDDEN_GT,True,5,0.25
1,v1r_vis_s1_l1_transport_moving_09,1,transport_moving,bowl_on_plate,2289068283,v1r_vis_s1_l1_transport_moving_09_state,v1r_vis_s1_l1_transport_moving_09_points128,35,20,0.6,transport_moving,primary_task_object,precomputed_reference_mask_sequence,mask_1_1_transport_moving_09,test,E10,False,10,0.5
1,v1r_vis_s1_l1_transport_moving_09,1,transport_moving,bowl_on_plate,2289068283,v1r_vis_s1_l1_transport_moving_09_state,v1r_vis_s1_l1_transport_moving_09_points128,35,20,0.6,transport_moving,primary_task_object,precomputed_reference_mask_sequence,mask_1_1_transport_moving_09,test,E10_ORACLE_HIDDEN_GT,True,10,0.5
1,v1r_vis_s1_l1_transport_moving_09,1,transport_moving,bowl_on_plate,2289068283,v1r_vis_s1_l1_transport_moving_09_state,v1r_vis_s1_l1_transport_moving_09_points128,35,20,0.6,transport_moving,primary_task_object,precomputed_reference_mask_sequence,mask_1_1_transport_moving_09,test,E10,False,20,1.0
1,v1r_vis_s1_l1_transport_moving_09,1,transport_moving,bowl_on_plate,2289068283,v1r_vis_s1_l1_transport_moving_09_state,v1r_vis_s1_l1_transport_moving_09_points128,35,20,0.6,transport_moving,primary_task_object,precomputed_reference_mask_sequence,mask_1_1_transport_moving_09,test,E10_ORACLE_HIDDEN_GT,True,20,1.0
1,v1r_vis_s1_l2_pregrasp_static_00,2,pregrasp_static,bowl_on_plate,2787974017,v1r_vis_s1_l2_pregrasp_static_00_state,v1r_vis_s1_l2_pregrasp_static_00_points128,30,20,0.6,pregrasp_static,primary_task_object,precomputed_reference_mask_sequence,mask_1_2_pregrasp_static_00,test,E00_CLEAN,False,0,0.0
1,v1r_vis_s1_l2_pregrasp_static_00,2,pregrasp_static,bowl_on_plate,2787974017,v1r_vis_s1_l2_pregrasp_static_00_state,v1r_vis_s1_l2_pregrasp_static_00_points128,30,20,0.6,pregrasp_static,primary_task_object,precomputed_reference_mask_sequence,mask_1_2_pregrasp_static_00,test,E10,False,5,0.25
1,v1r_vis_s1_l2_pregrasp_static_00,2,pregrasp_static,bowl_on_plate,2787974017,v1r_vis_s1_l2_pregrasp_static_00_state,v1r_vis_s1_l2_pregrasp_static_00_points128,30,20,0.6,pregrasp_static,primary_task_object,precomputed_reference_mask_sequence,mask_1_2_pregrasp_static_00,test,E10_ORACLE_HIDDEN_GT,True,5,0.25
1,v1r_vis_s1_l2_pregrasp_static_00,2,pregrasp_static,bowl_on_plate,2787974017,v1r_vis_s1_l2_pregrasp_static_00_state,v1r_vis_s1_l2_pregrasp_static_00_points128,30,20,0.6,pregrasp_static,primary_task_object,precomputed_reference_mask_sequence,mask_1_2_pregrasp_static_00,test,E10,False,10,0.5
1,v1r_vis_s1_l2_pregrasp_static_00,2,pregrasp_static,bowl_on_plate,2787974017,v1r_vis_s1_l2_pregrasp_static_00_state,v1r_vis_s1_l2_pregrasp_static_00_points128,30,20,0.6,pregrasp_static,primary_task_object,precomputed_reference_mask_sequence,mask_1_2_pregrasp_static_00,test,E10_ORACLE_HIDDEN_GT,True,10,0.5
1,v1r_vis_s1_l2_pregrasp_static_00,2,pregrasp_static,bowl_on_plate,2787974017,v1r_vis_s1_l2_pregrasp_static_00_state,v1r_vis_s1_l2_pregrasp_static_00_points128,30,20,0.6,pregrasp_static,primary_task_object,precomputed_reference_mask_sequence,mask_1_2_pregrasp_static_00,test,E10,False,20,1.0
1,v1r_vis_s1_l2_pregrasp_static_00,2,pregrasp_static,bowl_on_plate,2787974017,v1r_vis_s1_l2_pregrasp_static_00_state,v1r_vis_s1_l2_pregrasp_static_00_points128,30,20,0.6,pregrasp_static,primary_task_object,precomputed_reference_mask_sequence,mask_1_2_pregrasp_static_00,test,E10_ORACLE_HIDDEN_GT,True,20,1.0
1,v1r_vis_s1_l2_pregrasp_static_01,2,pregrasp_static,bowl_on_plate,4116618934,v1r_vis_s1_l2_pregrasp_static_01_state,v1r_vis_s1_l2_pregrasp_static_01_points128,35,20,0.6,pregrasp_static,primary_task_object,precomputed_reference_mask_sequence,mask_1_2_pregrasp_static_01,test,E00_CLEAN,False,0,0.0
1,v1r_vis_s1_l2_pregrasp_static_01,2,pregrasp_static,bowl_on_plate,4116618934,v1r_vis_s1_l2_pregrasp_static_01_state,v1r_vis_s1_l2_pregrasp_static_01_points128,35,20,0.6,pregrasp_static,primary_task_object,precomputed_reference_mask_sequence,mask_1_2_pregrasp_static_01,test,E10,False,5,0.25
1,v1r_vis_s1_l2_pregrasp_static_01,2,pregrasp_static,bowl_on_plate,4116618934,v1r_vis_s1_l2_pregrasp_static_01_state,v1r_vis_s1_l2_pregrasp_static_01_points128,35,20,0.6,pregrasp_static,primary_task_object,precomputed_reference_mask_sequence,mask_1_2_pregrasp_static_01,test,E10_ORACLE_HIDDEN_GT,True,5,0.25
1,v1r_vis_s1_l2_pregrasp_static_01,2,pregrasp_static,bowl_on_plate,4116618934,v1r_vis_s1_l2_pregrasp_static_01_state,v1r_vis_s1_l2_pregrasp_static_01_points128,35,20,0.6,pregrasp_static,primary_task_object,precomputed_reference_mask_sequence,mask_1_2_pregrasp_static_01,test,E10,False,10,0.5
1,v1r_vis_s1_l2_pregrasp_static_01,2,pregrasp_static,bowl_on_plate,4116618934,v1r_vis_s1_l2_pregrasp_static_01_state,v1r_vis_s1_l2_pregrasp_static_01_points128,35,20,0.6,pregrasp_static,primary_task_object,precomputed_reference_mask_sequence,mask_1_2_pregrasp_static_01,test,E10_ORACLE_HIDDEN_GT,True,10,0.5
1,v1r_vis_s1_l2_pregrasp_static_01,2,pregrasp_static,bowl_on_plate,4116618934,v1r_vis_s1_l2_pregrasp_static_01_state,v1r_vis_s1_l2_pregrasp_static_01_points128,35,20,0.6,pregrasp_static,primary_task_object,precomputed_reference_mask_sequence,mask_1_2_pregrasp_static_01,test,E10,False,20,1.0
1,v1r_vis_s1_l2_pregrasp_static_01,2,pregrasp_static,bowl_on_plate,4116618934,v1r_vis_s1_l2_pregrasp_static_01_state,v1r_vis_s1_l2_pregrasp_static_01_points128,35,20,0.6,pregrasp_static,primary_task_object,precomputed_reference_mask_sequence,mask_1_2_pregrasp_static_01,test,E10_ORACLE_HIDDEN_GT,True,20,1.0
1,v1r_vis_s1_l2_pregrasp_static_02,2,pregrasp_static,bowl_on_plate,2280437176,v1r_vis_s1_l2_pregrasp_static_02_state,v1r_vis_s1_l2_pregrasp_static_02_points128,20,20,0.6,pregrasp_static,primary_task_object,precomputed_reference_mask_sequence,mask_1_2_pregrasp_static_02,test,E00_CLEAN,False,0,0.0
1,v1r_vis_s1_l2_pregrasp_static_02,2,pregrasp_static,bowl_on_plate,2280437176,v1r_vis_s1_l2_pregrasp_static_02_state,v1r_vis_s1_l2_pregrasp_static_02_points128,20,20,0.6,pregrasp_static,primary_task_object,precomputed_reference_mask_sequence,mask_1_2_pregrasp_static_02,test,E10,False,5,0.25
1,v1r_vis_s1_l2_pregrasp_static_02,2,pregrasp_static,bowl_on_plate,2280437176,v1r_vis_s1_l2_pregrasp_static_02_state,v1r_vis_s1_l2_pregrasp_static_02_points128,20,20,0.6,pregrasp_static,primary_task_object,precomputed_reference_mask_sequence,mask_1_2_pregrasp_static_02,test,E10_ORACLE_HIDDEN_GT,True,5,0.25
1,v1r_vis_s1_l2_pregrasp_static_02,2,pregrasp_static,bowl_on_plate,2280437176,v1r_vis_s1_l2_pregrasp_static_02_state,v1r_vis_s1_l2_pregrasp_static_02_points128,20,20,0.6,pregrasp_static,primary_task_object,precomputed_reference_mask_sequence,mask_1_2_pregrasp_static_02,test,E10,False,10,0.5
1,v1r_vis_s1_l2_pregrasp_static_02,2,pregrasp_static,bowl_on_plate,2280437176,v1r_vis_s1_l2_pregrasp_static_02_state,v1r_vis_s1_l2_pregrasp_static_02_points128,20,20,0.6,pregrasp_static,primary_task_object,precomputed_reference_mask_sequence,mask_1_2_pregrasp_static_02,test,E10_ORACLE_HIDDEN_GT,True,10,0.5
1,v1r_vis_s1_l2_pregrasp_static_02,2,pregrasp_static,bowl_on_plate,2280437176,v1r_vis_s1_l2_pregrasp_static_02_state,v1r_vis_s1_l2_pregrasp_static_02_points128,20,20,0.6,pregrasp_static,primary_task_object,precomputed_reference_mask_sequence,mask_1_2_pregrasp_static_02,test,E10,False,20,1.0
1,v1r_vis_s1_l2_pregrasp_static_02,2,pregrasp_static,bowl_on_plate,2280437176,v1r_vis_s1_l2_pregrasp_static_02_state,v1r_vis_s1_l2_pregrasp_static_02_points128,20,20,0.6,pregrasp_static,primary_task_object,precomputed_reference_mask_sequence,mask_1_2_pregrasp_static_02,test,E10_ORACLE_HIDDEN_GT,True,20,1.0
1,v1r_vis_s1_l2_pregrasp_static_03,2,pregrasp_static,bowl_on_plate,2695297424,v1r_vis_s1_l2_pregrasp_static_03_state,v1r_vis_s1_l2_pregrasp_static_03_points128,25,20,0.6,pregrasp_static,primary_task_object,precomputed_reference_mask_sequence,mask_1_2_pregrasp_static_03,test,E00_CLEAN,False,0,0.0
1,v1r_vis_s1_l2_pregrasp_static_03,2,pregrasp_static,bowl_on_plate,2695297424,v1r_vis_s1_l2_pregrasp_static_03_state,v1r_vis_s1_l2_pregrasp_static_03_points128,25,20,0.6,pregrasp_static,primary_task_object,precomputed_reference_mask_sequence,mask_1_2_pregrasp_static_03,test,E10,False,5,0.25
1,v1r_vis_s1_l2_pregrasp_static_03,2,pregrasp_static,bowl_on_plate,2695297424,v1r_vis_s1_l2_pregrasp_static_03_state,v1r_vis_s1_l2_pregrasp_static_03_points128,25,20,0.6,pregrasp_static,primary_task_object,precomputed_reference_mask_sequence,mask_1_2_pregrasp_static_03,test,E10_ORACLE_HIDDEN_GT,True,5,0.25
1,v1r_vis_s1_l2_pregrasp_static_03,2,pregrasp_static,bowl_on_plate,2695297424,v1r_vis_s1_l2_pregrasp_static_03_state,v1r_vis_s1_l2_pregrasp_static_03_points128,25,20,0.6,pregrasp_static,primary_task_object,precomputed_reference_mask_sequence,mask_1_2_pregrasp_static_03,test,E10,False,10,0.5
1,v1r_vis_s1_l2_pregrasp_static_03,2,pregrasp_static,bowl_on_plate,2695297424,v1r_vis_s1_l2_pregrasp_static_03_state,v1r_vis_s1_l2_pregrasp_static_03_points128,25,20,0.6,pregrasp_static,primary_task_object,precomputed_reference_mask_sequence,mask_1_2_pregrasp_static_03,test,E10_ORACLE_HIDDEN_GT,True,10,0.5
1,v1r_vis_s1_l2_pregrasp_static_03,2,pregrasp_static,bowl_on_plate,2695297424,v1r_vis_s1_l2_pregrasp_static_03_state,v1r_vis_s1_l2_pregrasp_static_03_points128,25,20,0.6,pregrasp_static,primary_task_object,precomputed_reference_mask_sequence,mask_1_2_pregrasp_static_03,test,E10,False,20,1.0
1,v1r_vis_s1_l2_pregrasp_static_03,2,pregrasp_static,bowl_on_plate,2695297424,v1r_vis_s1_l2_pregrasp_static_03_state,v1r_vis_s1_l2_pregrasp_static_03_points128,25,20,0.6,pregrasp_static,primary_task_object,precomputed_reference_mask_sequence,mask_1_2_pregrasp_static_03,test,E10_ORACLE_HIDDEN_GT,True,20,1.0
1,v1r_vis_s1_l2_pregrasp_static_04,2,pregrasp_static,bowl_on_plate,2093818308,v1r_vis_s1_l2_pregrasp_static_04_state,v1r_vis_s1_l2_pregrasp_static_04_points128,30,20,0.6,pregrasp_static,primary_task_object,precomputed_reference_mask_sequence,mask_1_2_pregrasp_static_04,test,E00_CLEAN,False,0,0.0
1,v1r_vis_s1_l2_pregrasp_static_04,2,pregrasp_static,bowl_on_plate,2093818308,v1r_vis_s1_l2_pregrasp_static_04_state,v1r_vis_s1_l2_pregrasp_static_04_points128,30,20,0.6,pregrasp_static,primary_task_object,precomputed_reference_mask_sequence,mask_1_2_pregrasp_static_04,test,E10,False,5,0.25
1,v1r_vis_s1_l2_pregrasp_static_04,2,pregrasp_static,bowl_on_plate,2093818308,v1r_vis_s1_l2_pregrasp_static_04_state,v1r_vis_s1_l2_pregrasp_static_04_points128,30,20,0.6,pregrasp_static,primary_task_object,precomputed_reference_mask_sequence,mask_1_2_pregrasp_static_04,test,E10_ORACLE_HIDDEN_GT,True,5,0.25
1,v1r_vis_s1_l2_pregrasp_static_04,2,pregrasp_static,bowl_on_plate,2093818308,v1r_vis_s1_l2_pregrasp_static_04_state,v1r_vis_s1_l2_pregrasp_static_04_points128,30,20,0.6,pregrasp_static,primary_task_object,precomputed_reference_mask_sequence,mask_1_2_pregrasp_static_04,test,E10,False,10,0.5
1,v1r_vis_s1_l2_pregrasp_static_04,2,pregrasp_static,bowl_on_plate,2093818308,v1r_vis_s1_l2_pregrasp_static_04_state,v1r_vis_s1_l2_pregrasp_static_04_points128,30,20,0.6,pregrasp_static,primary_task_object,precomputed_reference_mask_sequence,mask_1_2_pregrasp_static_04,test,E10_ORACLE_HIDDEN_GT,True,10,0.5
1,v1r_vis_s1_l2_pregrasp_static_04,2,pregrasp_static,bowl_on_plate,2093818308,v1r_vis_s1_l2_pregrasp_static_04_state,v1r_vis_s1_l2_pregrasp_static_04_points128,30,20,0.6,pregrasp_static,primary_task_object,precomputed_reference_mask_sequence,mask_1_2_pregrasp_static_04,test,E10,False,20,1.0
1,v1r_vis_s1_l2_pregrasp_static_04,2,pregrasp_static,bowl_on_plate,2093818308,v1r_vis_s1_l2_pregrasp_static_04_state,v1r_vis_s1_l2_pregrasp_static_04_points128,30,20,0.6,pregrasp_static,primary_task_object,precomputed_reference_mask_sequence,mask_1_2_pregrasp_static_04,test,E10_ORACLE_HIDDEN_GT,True,20,1.0
1,v1r_vis_s1_l2_pregrasp_static_05,2,pregrasp_static,bowl_on_plate,157615931,v1r_vis_s1_l2_pregrasp_static_05_state,v1r_vis_s1_l2_pregrasp_static_05_points128,35,20,0.6,pregrasp_static,primary_task_object,precomputed_reference_mask_sequence,mask_1_2_pregrasp_static_05,test,E00_CLEAN,False,0,0.0
1,v1r_vis_s1_l2_pregrasp_static_05,2,pregrasp_static,bowl_on_plate,157615931,v1r_vis_s1_l2_pregrasp_static_05_state,v1r_vis_s1_l2_pregrasp_static_05_points128,35,20,0.6,pregrasp_static,primary_task_object,precomputed_reference_mask_sequence,mask_1_2_pregrasp_static_05,test,E10,False,5,0.25
1,v1r_vis_s1_l2_pregrasp_static_05,2,pregrasp_static,bowl_on_plate,157615931,v1r_vis_s1_l2_pregrasp_static_05_state,v1r_vis_s1_l2_pregrasp_static_05_points128,35,20,0.6,pregrasp_static,primary_task_object,precomputed_reference_mask_sequence,mask_1_2_pregrasp_static_05,test,E10_ORACLE_HIDDEN_GT,True,5,0.25
1,v1r_vis_s1_l2_pregrasp_static_05,2,pregrasp_static,bowl_on_plate,157615931,v1r_vis_s1_l2_pregrasp_static_05_state,v1r_vis_s1_l2_pregrasp_static_05_points128,35,20,0.6,pregrasp_static,primary_task_object,precomputed_reference_mask_sequence,mask_1_2_pregrasp_static_05,test,E10,False,10,0.5
1,v1r_vis_s1_l2_pregrasp_static_05,2,pregrasp_static,bowl_on_plate,157615931,v1r_vis_s1_l2_pregrasp_static_05_state,v1r_vis_s1_l2_pregrasp_static_05_points128,35,20,0.6,pregrasp_static,primary_task_object,precomputed_reference_mask_sequence,mask_1_2_pregrasp_static_05,test,E10_ORACLE_HIDDEN_GT,True,10,0.5
1,v1r_vis_s1_l2_pregrasp_static_05,2,pregrasp_static,bowl_on_plate,157615931,v1r_vis_s1_l2_pregrasp_static_05_state,v1r_vis_s1_l2_pregrasp_static_05_points128,35,20,0.6,pregrasp_static,primary_task_object,precomputed_reference_mask_sequence,mask_1_2_pregrasp_static_05,test,E10,False,20,1.0
1,v1r_vis_s1_l2_pregrasp_static_05,2,pregrasp_static,bowl_on_plate,157615931,v1r_vis_s1_l2_pregrasp_static_05_state,v1r_vis_s1_l2_pregrasp_static_05_points128,35,20,0.6,pregrasp_static,primary_task_object,precomputed_reference_mask_sequence,mask_1_2_pregrasp_static_05,test,E10_ORACLE_HIDDEN_GT,True,20,1.0
1,v1r_vis_s1_l2_pregrasp_static_06,2,pregrasp_static,bowl_on_plate,1583857652,v1r_vis_s1_l2_pregrasp_static_06_state,v1r_vis_s1_l2_pregrasp_static_06_points128,20,20,0.6,pregrasp_static,primary_task_object,precomputed_reference_mask_sequence,mask_1_2_pregrasp_static_06,test,E00_CLEAN,False,0,0.0
1,v1r_vis_s1_l2_pregrasp_static_06,2,pregrasp_static,bowl_on_plate,1583857652,v1r_vis_s1_l2_pregrasp_static_06_state,v1r_vis_s1_l2_pregrasp_static_06_points128,20,20,0.6,pregrasp_static,primary_task_object,precomputed_reference_mask_sequence,mask_1_2_pregrasp_static_06,test,E10,False,5,0.25
1,v1r_vis_s1_l2_pregrasp_static_06,2,pregrasp_static,bowl_on_plate,1583857652,v1r_vis_s1_l2_pregrasp_static_06_state,v1r_vis_s1_l2_pregrasp_static_06_points128,20,20,0.6,pregrasp_static,primary_task_object,precomputed_reference_mask_sequence,mask_1_2_pregrasp_static_06,test,E10_ORACLE_HIDDEN_GT,True,5,0.25
1,v1r_vis_s1_l2_pregrasp_static_06,2,pregrasp_static,bowl_on_plate,1583857652,v1r_vis_s1_l2_pregrasp_static_06_state,v1r_vis_s1_l2_pregrasp_static_06_points128,20,20,0.6,pregrasp_static,primary_task_object,precomputed_reference_mask_sequence,mask_1_2_pregrasp_static_06,test,E10,False,10,0.5
1,v1r_vis_s1_l2_pregrasp_static_06,2,pregrasp_static,bowl_on_plate,1583857652,v1r_vis_s1_l2_pregrasp_static_06_state,v1r_vis_s1_l2_pregrasp_static_06_points128,20,20,0.6,pregrasp_static,primary_task_object,precomputed_reference_mask_sequence,mask_1_2_pregrasp_static_06,test,E10_ORACLE_HIDDEN_GT,True,10,0.5
1,v1r_vis_s1_l2_pregrasp_static_06,2,pregrasp_static,bowl_on_plate,1583857652,v1r_vis_s1_l2_pregrasp_static_06_state,v1r_vis_s1_l2_pregrasp_static_06_points128,20,20,0.6,pregrasp_static,primary_task_object,precomputed_reference_mask_sequence,mask_1_2_pregrasp_static_06,test,E10,False,20,1.0
1,v1r_vis_s1_l2_pregrasp_static_06,2,pregrasp_static,bowl_on_plate,1583857652,v1r_vis_s1_l2_pregrasp_static_06_state,v1r_vis_s1_l2_pregrasp_static_06_points128,20,20,0.6,pregrasp_static,primary_task_object,precomputed_reference_mask_sequence,mask_1_2_pregrasp_static_06,test,E10_ORACLE_HIDDEN_GT,True,20,1.0
1,v1r_vis_s1_l2_pregrasp_static_07,2,pregrasp_static,bowl_on_plate,2347769291,v1r_vis_s1_l2_pregrasp_static_07_state,v1r_vis_s1_l2_pregrasp_static_07_points128,25,20,0.6,pregrasp_static,primary_task_object,precomputed_reference_mask_sequence,mask_1_2_pregrasp_static_07,test,E00_CLEAN,False,0,0.0
1,v1r_vis_s1_l2_pregrasp_static_07,2,pregrasp_static,bowl_on_plate,2347769291,v1r_vis_s1_l2_pregrasp_static_07_state,v1r_vis_s1_l2_pregrasp_static_07_points128,25,20,0.6,pregrasp_static,primary_task_object,precomputed_reference_mask_sequence,mask_1_2_pregrasp_static_07,test,E10,False,5,0.25
1,v1r_vis_s1_l2_pregrasp_static_07,2,pregrasp_static,bowl_on_plate,2347769291,v1r_vis_s1_l2_pregrasp_static_07_state,v1r_vis_s1_l2_pregrasp_static_07_points128,25,20,0.6,pregrasp_static,primary_task_object,precomputed_reference_mask_sequence,mask_1_2_pregrasp_static_07,test,E10_ORACLE_HIDDEN_GT,True,5,0.25
1,v1r_vis_s1_l2_pregrasp_static_07,2,pregrasp_static,bowl_on_plate,2347769291,v1r_vis_s1_l2_pregrasp_static_07_state,v1r_vis_s1_l2_pregrasp_static_07_points128,25,20,0.6,pregrasp_static,primary_task_object,precomputed_reference_mask_sequence,mask_1_2_pregrasp_static_07,test,E10,False,10,0.5
1,v1r_vis_s1_l2_pregrasp_static_07,2,pregrasp_static,bowl_on_plate,2347769291,v1r_vis_s1_l2_pregrasp_static_07_state,v1r_vis_s1_l2_pregrasp_static_07_points128,25,20,0.6,pregrasp_static,primary_task_object,precomputed_reference_mask_sequence,mask_1_2_pregrasp_static_07,test,E10_ORACLE_HIDDEN_GT,True,10,0.5
1,v1r_vis_s1_l2_pregrasp_static_07,2,pregrasp_static,bowl_on_plate,2347769291,v1r_vis_s1_l2_pregrasp_static_07_state,v1r_vis_s1_l2_pregrasp_static_07_points128,25,20,0.6,pregrasp_static,primary_task_object,precomputed_reference_mask_sequence,mask_1_2_pregrasp_static_07,test,E10,False,20,1.0
1,v1r_vis_s1_l2_pregrasp_static_07,2,pregrasp_static,bowl_on_plate,2347769291,v1r_vis_s1_l2_pregrasp_static_07_state,v1r_vis_s1_l2_pregrasp_static_07_points128,25,20,0.6,pregrasp_static,primary_task_object,precomputed_reference_mask_sequence,mask_1_2_pregrasp_static_07,test,E10_ORACLE_HIDDEN_GT,True,20,1.0
1,v1r_vis_s1_l2_pregrasp_static_08,2,pregrasp_static,bowl_on_plate,1455766997,v1r_vis_s1_l2_pregrasp_static_08_state,v1r_vis_s1_l2_pregrasp_static_08_points128,30,20,0.6,pregrasp_static,primary_task_object,precomputed_reference_mask_sequence,mask_1_2_pregrasp_static_08,test,E00_CLEAN,False,0,0.0
1,v1r_vis_s1_l2_pregrasp_static_08,2,pregrasp_static,bowl_on_plate,1455766997,v1r_vis_s1_l2_pregrasp_static_08_state,v1r_vis_s1_l2_pregrasp_static_08_points128,30,20,0.6,pregrasp_static,primary_task_object,precomputed_reference_mask_sequence,mask_1_2_pregrasp_static_08,test,E10,False,5,0.25
1,v1r_vis_s1_l2_pregrasp_static_08,2,pregrasp_static,bowl_on_plate,1455766997,v1r_vis_s1_l2_pregrasp_static_08_state,v1r_vis_s1_l2_pregrasp_static_08_points128,30,20,0.6,pregrasp_static,primary_task_object,precomputed_reference_mask_sequence,mask_1_2_pregrasp_static_08,test,E10_ORACLE_HIDDEN_GT,True,5,0.25
1,v1r_vis_s1_l2_pregrasp_static_08,2,pregrasp_static,bowl_on_plate,1455766997,v1r_vis_s1_l2_pregrasp_static_08_state,v1r_vis_s1_l2_pregrasp_static_08_points128,30,20,0.6,pregrasp_static,primary_task_object,precomputed_reference_mask_sequence,mask_1_2_pregrasp_static_08,test,E10,False,10,0.5
1,v1r_vis_s1_l2_pregrasp_static_08,2,pregrasp_static,bowl_on_plate,1455766997,v1r_vis_s1_l2_pregrasp_static_08_state,v1r_vis_s1_l2_pregrasp_static_08_points128,30,20,0.6,pregrasp_static,primary_task_object,precomputed_reference_mask_sequence,mask_1_2_pregrasp_static_08,test,E10_ORACLE_HIDDEN_GT,True,10,0.5
1,v1r_vis_s1_l2_pregrasp_static_08,2,pregrasp_static,bowl_on_plate,1455766997,v1r_vis_s1_l2_pregrasp_static_08_state,v1r_vis_s1_l2_pregrasp_static_08_points128,30,20,0.6,pregrasp_static,primary_task_object,precomputed_reference_mask_sequence,mask_1_2_pregrasp_static_08,test,E10,False,20,1.0
1,v1r_vis_s1_l2_pregrasp_static_08,2,pregrasp_static,bowl_on_plate,1455766997,v1r_vis_s1_l2_pregrasp_static_08_state,v1r_vis_s1_l2_pregrasp_static_08_points128,30,20,0.6,pregrasp_static,primary_task_object,precomputed_reference_mask_sequence,mask_1_2_pregrasp_static_08,test,E10_ORACLE_HIDDEN_GT,True,20,1.0
1,v1r_vis_s1_l2_pregrasp_static_09,2,pregrasp_static,bowl_on_plate,4034684179,v1r_vis_s1_l2_pregrasp_static_09_state,v1r_vis_s1_l2_pregrasp_static_09_points128,35,20,0.6,pregrasp_static,primary_task_object,precomputed_reference_mask_sequence,mask_1_2_pregrasp_static_09,test,E00_CLEAN,False,0,0.0
1,v1r_vis_s1_l2_pregrasp_static_09,2,pregrasp_static,bowl_on_plate,4034684179,v1r_vis_s1_l2_pregrasp_static_09_state,v1r_vis_s1_l2_pregrasp_static_09_points128,35,20,0.6,pregrasp_static,primary_task_object,precomputed_reference_mask_sequence,mask_1_2_pregrasp_static_09,test,E10,False,5,0.25
1,v1r_vis_s1_l2_pregrasp_static_09,2,pregrasp_static,bowl_on_plate,4034684179,v1r_vis_s1_l2_pregrasp_static_09_state,v1r_vis_s1_l2_pregrasp_static_09_points128,35,20,0.6,pregrasp_static,primary_task_object,precomputed_reference_mask_sequence,mask_1_2_pregrasp_static_09,test,E10_ORACLE_HIDDEN_GT,True,5,0.25
1,v1r_vis_s1_l2_pregrasp_static_09,2,pregrasp_static,bowl_on_plate,4034684179,v1r_vis_s1_l2_pregrasp_static_09_state,v1r_vis_s1_l2_pregrasp_static_09_points128,35,20,0.6,pregrasp_static,primary_task_object,precomputed_reference_mask_sequence,mask_1_2_pregrasp_static_09,test,E10,False,10,0.5
1,v1r_vis_s1_l2_pregrasp_static_09,2,pregrasp_static,bowl_on_plate,4034684179,v1r_vis_s1_l2_pregrasp_static_09_state,v1r_vis_s1_l2_pregrasp_static_09_points128,35,20,0.6,pregrasp_static,primary_task_object,precomputed_reference_mask_sequence,mask_1_2_pregrasp_static_09,test,E10_ORACLE_HIDDEN_GT,True,10,0.5
1,v1r_vis_s1_l2_pregrasp_static_09,2,pregrasp_static,bowl_on_plate,4034684179,v1r_vis_s1_l2_pregrasp_static_09_state,v1r_vis_s1_l2_pregrasp_static_09_points128,35,20,0.6,pregrasp_static,primary_task_object,precomputed_reference_mask_sequence,mask_1_2_pregrasp_static_09,test,E10,False,20,1.0
1,v1r_vis_s1_l2_pregrasp_static_09,2,pregrasp_static,bowl_on_plate,4034684179,v1r_vis_s1_l2_pregrasp_static_09_state,v1r_vis_s1_l2_pregrasp_static_09_points128,35,20,0.6,pregrasp_static,primary_task_object,precomputed_reference_mask_sequence,mask_1_2_pregrasp_static_09,test,E10_ORACLE_HIDDEN_GT,True,20,1.0
1,v1r_vis_s1_l2_transport_moving_00,2,transport_moving,bowl_on_plate,3966856755,v1r_vis_s1_l2_transport_moving_00_state,v1r_vis_s1_l2_transport_moving_00_points128,35,20,0.6,transport_moving,primary_task_object,precomputed_reference_mask_sequence,mask_1_2_transport_moving_00,test,E00_CLEAN,False,0,0.0
1,v1r_vis_s1_l2_transport_moving_00,2,transport_moving,bowl_on_plate,3966856755,v1r_vis_s1_l2_transport_moving_00_state,v1r_vis_s1_l2_transport_moving_00_points128,35,20,0.6,transport_moving,primary_task_object,precomputed_reference_mask_sequence,mask_1_2_transport_moving_00,test,E10,False,5,0.25
1,v1r_vis_s1_l2_transport_moving_00,2,transport_moving,bowl_on_plate,3966856755,v1r_vis_s1_l2_transport_moving_00_state,v1r_vis_s1_l2_transport_moving_00_points128,35,20,0.6,transport_moving,primary_task_object,precomputed_reference_mask_sequence,mask_1_2_transport_moving_00,test,E10_ORACLE_HIDDEN_GT,True,5,0.25
1,v1r_vis_s1_l2_transport_moving_00,2,transport_moving,bowl_on_plate,3966856755,v1r_vis_s1_l2_transport_moving_00_state,v1r_vis_s1_l2_transport_moving_00_points128,35,20,0.6,transport_moving,primary_task_object,precomputed_reference_mask_sequence,mask_1_2_transport_moving_00,test,E10,False,10,0.5
1,v1r_vis_s1_l2_transport_moving_00,2,transport_moving,bowl_on_plate,3966856755,v1r_vis_s1_l2_transport_moving_00_state,v1r_vis_s1_l2_transport_moving_00_points128,35,20,0.6,transport_moving,primary_task_object,precomputed_reference_mask_sequence,mask_1_2_transport_moving_00,test,E10_ORACLE_HIDDEN_GT,True,10,0.5
1,v1r_vis_s1_l2_transport_moving_00,2,transport_moving,bowl_on_plate,3966856755,v1r_vis_s1_l2_transport_moving_00_state,v1r_vis_s1_l2_transport_moving_00_points128,35,20,0.6,transport_moving,primary_task_object,precomputed_reference_mask_sequence,mask_1_2_transport_moving_00,test,E10,False,20,1.0
1,v1r_vis_s1_l2_transport_moving_00,2,transport_moving,bowl_on_plate,3966856755,v1r_vis_s1_l2_transport_moving_00_state,v1r_vis_s1_l2_transport_moving_00_points128,35,20,0.6,transport_moving,primary_task_object,precomputed_reference_mask_sequence,mask_1_2_transport_moving_00,test,E10_ORACLE_HIDDEN_GT,True,20,1.0
1,v1r_vis_s1_l2_transport_moving_01,2,transport_moving,bowl_on_plate,3554438619,v1r_vis_s1_l2_transport_moving_01_state,v1r_vis_s1_l2_transport_moving_01_points128,20,20,0.6,transport_moving,primary_task_object,precomputed_reference_mask_sequence,mask_1_2_transport_moving_01,test,E00_CLEAN,False,0,0.0
1,v1r_vis_s1_l2_transport_moving_01,2,transport_moving,bowl_on_plate,3554438619,v1r_vis_s1_l2_transport_moving_01_state,v1r_vis_s1_l2_transport_moving_01_points128,20,20,0.6,transport_moving,primary_task_object,precomputed_reference_mask_sequence,mask_1_2_transport_moving_01,test,E10,False,5,0.25
1,v1r_vis_s1_l2_transport_moving_01,2,transport_moving,bowl_on_plate,3554438619,v1r_vis_s1_l2_transport_moving_01_state,v1r_vis_s1_l2_transport_moving_01_points128,20,20,0.6,transport_moving,primary_task_object,precomputed_reference_mask_sequence,mask_1_2_transport_moving_01,test,E10_ORACLE_HIDDEN_GT,True,5,0.25
1,v1r_vis_s1_l2_transport_moving_01,2,transport_moving,bowl_on_plate,3554438619,v1r_vis_s1_l2_transport_moving_01_state,v1r_vis_s1_l2_transport_moving_01_points128,20,20,0.6,transport_moving,primary_task_object,precomputed_reference_mask_sequence,mask_1_2_transport_moving_01,test,E10,False,10,0.5
1,v1r_vis_s1_l2_transport_moving_01,2,transport_moving,bowl_on_plate,3554438619,v1r_vis_s1_l2_transport_moving_01_state,v1r_vis_s1_l2_transport_moving_01_points128,20,20,0.6,transport_moving,primary_task_object,precomputed_reference_mask_sequence,mask_1_2_transport_moving_01,test,E10_ORACLE_HIDDEN_GT,True,10,0.5
1,v1r_vis_s1_l2_transport_moving_01,2,transport_moving,bowl_on_plate,3554438619,v1r_vis_s1_l2_transport_moving_01_state,v1r_vis_s1_l2_transport_moving_01_points128,20,20,0.6,transport_moving,primary_task_object,precomputed_reference_mask_sequence,mask_1_2_transport_moving_01,test,E10,False,20,1.0
1,v1r_vis_s1_l2_transport_moving_01,2,transport_moving,bowl_on_plate,3554438619,v1r_vis_s1_l2_transport_moving_01_state,v1r_vis_s1_l2_transport_moving_01_points128,20,20,0.6,transport_moving,primary_task_object,precomputed_reference_mask_sequence,mask_1_2_transport_moving_01,test,E10_ORACLE_HIDDEN_GT,True,20,1.0
1,v1r_vis_s1_l2_transport_moving_02,2,transport_moving,bowl_on_plate,3358735630,v1r_vis_s1_l2_transport_moving_02_state,v1r_vis_s1_l2_transport_moving_02_points128,25,20,0.6,transport_moving,primary_task_object,precomputed_reference_mask_sequence,mask_1_2_transport_moving_02,test,E00_CLEAN,False,0,0.0
1,v1r_vis_s1_l2_transport_moving_02,2,transport_moving,bowl_on_plate,3358735630,v1r_vis_s1_l2_transport_moving_02_state,v1r_vis_s1_l2_transport_moving_02_points128,25,20,0.6,transport_moving,primary_task_object,precomputed_reference_mask_sequence,mask_1_2_transport_moving_02,test,E10,False,5,0.25
1,v1r_vis_s1_l2_transport_moving_02,2,transport_moving,bowl_on_plate,3358735630,v1r_vis_s1_l2_transport_moving_02_state,v1r_vis_s1_l2_transport_moving_02_points128,25,20,0.6,transport_moving,primary_task_object,precomputed_reference_mask_sequence,mask_1_2_transport_moving_02,test,E10_ORACLE_HIDDEN_GT,True,5,0.25
1,v1r_vis_s1_l2_transport_moving_02,2,transport_moving,bowl_on_plate,3358735630,v1r_vis_s1_l2_transport_moving_02_state,v1r_vis_s1_l2_transport_moving_02_points128,25,20,0.6,transport_moving,primary_task_object,precomputed_reference_mask_sequence,mask_1_2_transport_moving_02,test,E10,False,10,0.5
1,v1r_vis_s1_l2_transport_moving_02,2,transport_moving,bowl_on_plate,3358735630,v1r_vis_s1_l2_transport_moving_02_state,v1r_vis_s1_l2_transport_moving_02_points128,25,20,0.6,transport_moving,primary_task_object,precomputed_reference_mask_sequence,mask_1_2_transport_moving_02,test,E10_ORACLE_HIDDEN_GT,True,10,0.5
1,v1r_vis_s1_l2_transport_moving_02,2,transport_moving,bowl_on_plate,3358735630,v1r_vis_s1_l2_transport_moving_02_state,v1r_vis_s1_l2_transport_moving_02_points128,25,20,0.6,transport_moving,primary_task_object,precomputed_reference_mask_sequence,mask_1_2_transport_moving_02,test,E10,False,20,1.0
1,v1r_vis_s1_l2_transport_moving_02,2,transport_moving,bowl_on_plate,3358735630,v1r_vis_s1_l2_transport_moving_02_state,v1r_vis_s1_l2_transport_moving_02_points128,25,20,0.6,transport_moving,primary_task_object,precomputed_reference_mask_sequence,mask_1_2_transport_moving_02,test,E10_ORACLE_HIDDEN_GT,True,20,1.0
1,v1r_vis_s1_l2_transport_moving_03,2,transport_moving,bowl_on_plate,2766102884,v1r_vis_s1_l2_transport_moving_03_state,v1r_vis_s1_l2_transport_moving_03_points128,30,20,0.6,transport_moving,primary_task_object,precomputed_reference_mask_sequence,mask_1_2_transport_moving_03,test,E00_CLEAN,False,0,0.0
1,v1r_vis_s1_l2_transport_moving_03,2,transport_moving,bowl_on_plate,2766102884,v1r_vis_s1_l2_transport_moving_03_state,v1r_vis_s1_l2_transport_moving_03_points128,30,20,0.6,transport_moving,primary_task_object,precomputed_reference_mask_sequence,mask_1_2_transport_moving_03,test,E10,False,5,0.25
1,v1r_vis_s1_l2_transport_moving_03,2,transport_moving,bowl_on_plate,2766102884,v1r_vis_s1_l2_transport_moving_03_state,v1r_vis_s1_l2_transport_moving_03_points128,30,20,0.6,transport_moving,primary_task_object,precomputed_reference_mask_sequence,mask_1_2_transport_moving_03,test,E10_ORACLE_HIDDEN_GT,True,5,0.25
1,v1r_vis_s1_l2_transport_moving_03,2,transport_moving,bowl_on_plate,2766102884,v1r_vis_s1_l2_transport_moving_03_state,v1r_vis_s1_l2_transport_moving_03_points128,30,20,0.6,transport_moving,primary_task_object,precomputed_reference_mask_sequence,mask_1_2_transport_moving_03,test,E10,False,10,0.5
1,v1r_vis_s1_l2_transport_moving_03,2,transport_moving,bowl_on_plate,2766102884,v1r_vis_s1_l2_transport_moving_03_state,v1r_vis_s1_l2_transport_moving_03_points128,30,20,0.6,transport_moving,primary_task_object,precomputed_reference_mask_sequence,mask_1_2_transport_moving_03,test,E10_ORACLE_HIDDEN_GT,True,10,0.5
1,v1r_vis_s1_l2_transport_moving_03,2,transport_moving,bowl_on_plate,2766102884,v1r_vis_s1_l2_transport_moving_03_state,v1r_vis_s1_l2_transport_moving_03_points128,30,20,0.6,transport_moving,primary_task_object,precomputed_reference_mask_sequence,mask_1_2_transport_moving_03,test,E10,False,20,1.0
1,v1r_vis_s1_l2_transport_moving_03,2,transport_moving,bowl_on_plate,2766102884,v1r_vis_s1_l2_transport_moving_03_state,v1r_vis_s1_l2_transport_moving_03_points128,30,20,0.6,transport_moving,primary_task_object,precomputed_reference_mask_sequence,mask_1_2_transport_moving_03,test,E10_ORACLE_HIDDEN_GT,True,20,1.0
1,v1r_vis_s1_l2_transport_moving_04,2,transport_moving,bowl_on_plate,4280584454,v1r_vis_s1_l2_transport_moving_04_state,v1r_vis_s1_l2_transport_moving_04_points128,35,20,0.6,transport_moving,primary_task_object,precomputed_reference_mask_sequence,mask_1_2_transport_moving_04,test,E00_CLEAN,False,0,0.0
1,v1r_vis_s1_l2_transport_moving_04,2,transport_moving,bowl_on_plate,4280584454,v1r_vis_s1_l2_transport_moving_04_state,v1r_vis_s1_l2_transport_moving_04_points128,35,20,0.6,transport_moving,primary_task_object,precomputed_reference_mask_sequence,mask_1_2_transport_moving_04,test,E10,False,5,0.25
1,v1r_vis_s1_l2_transport_moving_04,2,transport_moving,bowl_on_plate,4280584454,v1r_vis_s1_l2_transport_moving_04_state,v1r_vis_s1_l2_transport_moving_04_points128,35,20,0.6,transport_moving,primary_task_object,precomputed_reference_mask_sequence,mask_1_2_transport_moving_04,test,E10_ORACLE_HIDDEN_GT,True,5,0.25
1,v1r_vis_s1_l2_transport_moving_04,2,transport_moving,bowl_on_plate,4280584454,v1r_vis_s1_l2_transport_moving_04_state,v1r_vis_s1_l2_transport_moving_04_points128,35,20,0.6,transport_moving,primary_task_object,precomputed_reference_mask_sequence,mask_1_2_transport_moving_04,test,E10,False,10,0.5
1,v1r_vis_s1_l2_transport_moving_04,2,transport_moving,bowl_on_plate,4280584454,v1r_vis_s1_l2_transport_moving_04_state,v1r_vis_s1_l2_transport_moving_04_points128,35,20,0.6,transport_moving,primary_task_object,precomputed_reference_mask_sequence,mask_1_2_transport_moving_04,test,E10_ORACLE_HIDDEN_GT,True,10,0.5
1,v1r_vis_s1_l2_transport_moving_04,2,transport_moving,bowl_on_plate,4280584454,v1r_vis_s1_l2_transport_moving_04_state,v1r_vis_s1_l2_transport_moving_04_points128,35,20,0.6,transport_moving,primary_task_object,precomputed_reference_mask_sequence,mask_1_2_transport_moving_04,test,E10,False,20,1.0
1,v1r_vis_s1_l2_transport_moving_04,2,transport_moving,bowl_on_plate,4280584454,v1r_vis_s1_l2_transport_moving_04_state,v1r_vis_s1_l2_transport_moving_04_points128,35,20,0.6,transport_moving,primary_task_object,precomputed_reference_mask_sequence,mask_1_2_transport_moving_04,test,E10_ORACLE_HIDDEN_GT,True,20,1.0
1,v1r_vis_s1_l2_transport_moving_05,2,transport_moving,bowl_on_plate,1661349260,v1r_vis_s1_l2_transport_moving_05_state,v1r_vis_s1_l2_transport_moving_05_points128,20,20,0.6,transport_moving,primary_task_object,precomputed_reference_mask_sequence,mask_1_2_transport_moving_05,test,E00_CLEAN,False,0,0.0
1,v1r_vis_s1_l2_transport_moving_05,2,transport_moving,bowl_on_plate,1661349260,v1r_vis_s1_l2_transport_moving_05_state,v1r_vis_s1_l2_transport_moving_05_points128,20,20,0.6,transport_moving,primary_task_object,precomputed_reference_mask_sequence,mask_1_2_transport_moving_05,test,E10,False,5,0.25
1,v1r_vis_s1_l2_transport_moving_05,2,transport_moving,bowl_on_plate,1661349260,v1r_vis_s1_l2_transport_moving_05_state,v1r_vis_s1_l2_transport_moving_05_points128,20,20,0.6,transport_moving,primary_task_object,precomputed_reference_mask_sequence,mask_1_2_transport_moving_05,test,E10_ORACLE_HIDDEN_GT,True,5,0.25
1,v1r_vis_s1_l2_transport_moving_05,2,transport_moving,bowl_on_plate,1661349260,v1r_vis_s1_l2_transport_moving_05_state,v1r_vis_s1_l2_transport_moving_05_points128,20,20,0.6,transport_moving,primary_task_object,precomputed_reference_mask_sequence,mask_1_2_transport_moving_05,test,E10,False,10,0.5
1,v1r_vis_s1_l2_transport_moving_05,2,transport_moving,bowl_on_plate,1661349260,v1r_vis_s1_l2_transport_moving_05_state,v1r_vis_s1_l2_transport_moving_05_points128,20,20,0.6,transport_moving,primary_task_object,precomputed_reference_mask_sequence,mask_1_2_transport_moving_05,test,E10_ORACLE_HIDDEN_GT,True,10,0.5
1,v1r_vis_s1_l2_transport_moving_05,2,transport_moving,bowl_on_plate,1661349260,v1r_vis_s1_l2_transport_moving_05_state,v1r_vis_s1_l2_transport_moving_05_points128,20,20,0.6,transport_moving,primary_task_object,precomputed_reference_mask_sequence,mask_1_2_transport_moving_05,test,E10,False,20,1.0
1,v1r_vis_s1_l2_transport_moving_05,2,transport_moving,bowl_on_plate,1661349260,v1r_vis_s1_l2_transport_moving_05_state,v1r_vis_s1_l2_transport_moving_05_points128,20,20,0.6,transport_moving,primary_task_object,precomputed_reference_mask_sequence,mask_1_2_transport_moving_05,test,E10_ORACLE_HIDDEN_GT,True,20,1.0
1,v1r_vis_s1_l2_transport_moving_06,2,transport_moving,bowl_on_plate,1636929690,v1r_vis_s1_l2_transport_moving_06_state,v1r_vis_s1_l2_transport_moving_06_points128,25,20,0.6,transport_moving,primary_task_object,precomputed_reference_mask_sequence,mask_1_2_transport_moving_06,test,E00_CLEAN,False,0,0.0
1,v1r_vis_s1_l2_transport_moving_06,2,transport_moving,bowl_on_plate,1636929690,v1r_vis_s1_l2_transport_moving_06_state,v1r_vis_s1_l2_transport_moving_06_points128,25,20,0.6,transport_moving,primary_task_object,precomputed_reference_mask_sequence,mask_1_2_transport_moving_06,test,E10,False,5,0.25
1,v1r_vis_s1_l2_transport_moving_06,2,transport_moving,bowl_on_plate,1636929690,v1r_vis_s1_l2_transport_moving_06_state,v1r_vis_s1_l2_transport_moving_06_points128,25,20,0.6,transport_moving,primary_task_object,precomputed_reference_mask_sequence,mask_1_2_transport_moving_06,test,E10_ORACLE_HIDDEN_GT,True,5,0.25
1,v1r_vis_s1_l2_transport_moving_06,2,transport_moving,bowl_on_plate,1636929690,v1r_vis_s1_l2_transport_moving_06_state,v1r_vis_s1_l2_transport_moving_06_points128,25,20,0.6,transport_moving,primary_task_object,precomputed_reference_mask_sequence,mask_1_2_transport_moving_06,test,E10,False,10,0.5
1,v1r_vis_s1_l2_transport_moving_06,2,transport_moving,bowl_on_plate,1636929690,v1r_vis_s1_l2_transport_moving_06_state,v1r_vis_s1_l2_transport_moving_06_points128,25,20,0.6,transport_moving,primary_task_object,precomputed_reference_mask_sequence,mask_1_2_transport_moving_06,test,E10_ORACLE_HIDDEN_GT,True,10,0.5
1,v1r_vis_s1_l2_transport_moving_06,2,transport_moving,bowl_on_plate,1636929690,v1r_vis_s1_l2_transport_moving_06_state,v1r_vis_s1_l2_transport_moving_06_points128,25,20,0.6,transport_moving,primary_task_object,precomputed_reference_mask_sequence,mask_1_2_transport_moving_06,test,E10,False,20,1.0
1,v1r_vis_s1_l2_transport_moving_06,2,transport_moving,bowl_on_plate,1636929690,v1r_vis_s1_l2_transport_moving_06_state,v1r_vis_s1_l2_transport_moving_06_points128,25,20,0.6,transport_moving,primary_task_object,precomputed_reference_mask_sequence,mask_1_2_transport_moving_06,test,E10_ORACLE_HIDDEN_GT,True,20,1.0
1,v1r_vis_s1_l2_transport_moving_07,2,transport_moving,bowl_on_plate,286258399,v1r_vis_s1_l2_transport_moving_07_state,v1r_vis_s1_l2_transport_moving_07_points128,30,20,0.6,transport_moving,primary_task_object,precomputed_reference_mask_sequence,mask_1_2_transport_moving_07,test,E00_CLEAN,False,0,0.0
1,v1r_vis_s1_l2_transport_moving_07,2,transport_moving,bowl_on_plate,286258399,v1r_vis_s1_l2_transport_moving_07_state,v1r_vis_s1_l2_transport_moving_07_points128,30,20,0.6,transport_moving,primary_task_object,precomputed_reference_mask_sequence,mask_1_2_transport_moving_07,test,E10,False,5,0.25
1,v1r_vis_s1_l2_transport_moving_07,2,transport_moving,bowl_on_plate,286258399,v1r_vis_s1_l2_transport_moving_07_state,v1r_vis_s1_l2_transport_moving_07_points128,30,20,0.6,transport_moving,primary_task_object,precomputed_reference_mask_sequence,mask_1_2_transport_moving_07,test,E10_ORACLE_HIDDEN_GT,True,5,0.25
1,v1r_vis_s1_l2_transport_moving_07,2,transport_moving,bowl_on_plate,286258399,v1r_vis_s1_l2_transport_moving_07_state,v1r_vis_s1_l2_transport_moving_07_points128,30,20,0.6,transport_moving,primary_task_object,precomputed_reference_mask_sequence,mask_1_2_transport_moving_07,test,E10,False,10,0.5
1,v1r_vis_s1_l2_transport_moving_07,2,transport_moving,bowl_on_plate,286258399,v1r_vis_s1_l2_transport_moving_07_state,v1r_vis_s1_l2_transport_moving_07_points128,30,20,0.6,transport_moving,primary_task_object,precomputed_reference_mask_sequence,mask_1_2_transport_moving_07,test,E10_ORACLE_HIDDEN_GT,True,10,0.5
1,v1r_vis_s1_l2_transport_moving_07,2,transport_moving,bowl_on_plate,286258399,v1r_vis_s1_l2_transport_moving_07_state,v1r_vis_s1_l2_transport_moving_07_points128,30,20,0.6,transport_moving,primary_task_object,precomputed_reference_mask_sequence,mask_1_2_transport_moving_07,test,E10,False,20,1.0
1,v1r_vis_s1_l2_transport_moving_07,2,transport_moving,bowl_on_plate,286258399,v1r_vis_s1_l2_transport_moving_07_state,v1r_vis_s1_l2_transport_moving_07_points128,30,20,0.6,transport_moving,primary_task_object,precomputed_reference_mask_sequence,mask_1_2_transport_moving_07,test,E10_ORACLE_HIDDEN_GT,True,20,1.0
1,v1r_vis_s1_l2_transport_moving_08,2,transport_moving,bowl_on_plate,4242960266,v1r_vis_s1_l2_transport_moving_08_state,v1r_vis_s1_l2_transport_moving_08_points128,35,20,0.6,transport_moving,primary_task_object,precomputed_reference_mask_sequence,mask_1_2_transport_moving_08,test,E00_CLEAN,False,0,0.0
1,v1r_vis_s1_l2_transport_moving_08,2,transport_moving,bowl_on_plate,4242960266,v1r_vis_s1_l2_transport_moving_08_state,v1r_vis_s1_l2_transport_moving_08_points128,35,20,0.6,transport_moving,primary_task_object,precomputed_reference_mask_sequence,mask_1_2_transport_moving_08,test,E10,False,5,0.25
1,v1r_vis_s1_l2_transport_moving_08,2,transport_moving,bowl_on_plate,4242960266,v1r_vis_s1_l2_transport_moving_08_state,v1r_vis_s1_l2_transport_moving_08_points128,35,20,0.6,transport_moving,primary_task_object,precomputed_reference_mask_sequence,mask_1_2_transport_moving_08,test,E10_ORACLE_HIDDEN_GT,True,5,0.25
1,v1r_vis_s1_l2_transport_moving_08,2,transport_moving,bowl_on_plate,4242960266,v1r_vis_s1_l2_transport_moving_08_state,v1r_vis_s1_l2_transport_moving_08_points128,35,20,0.6,transport_moving,primary_task_object,precomputed_reference_mask_sequence,mask_1_2_transport_moving_08,test,E10,False,10,0.5
1,v1r_vis_s1_l2_transport_moving_08,2,transport_moving,bowl_on_plate,4242960266,v1r_vis_s1_l2_transport_moving_08_state,v1r_vis_s1_l2_transport_moving_08_points128,35,20,0.6,transport_moving,primary_task_object,precomputed_reference_mask_sequence,mask_1_2_transport_moving_08,test,E10_ORACLE_HIDDEN_GT,True,10,0.5
1,v1r_vis_s1_l2_transport_moving_08,2,transport_moving,bowl_on_plate,4242960266,v1r_vis_s1_l2_transport_moving_08_state,v1r_vis_s1_l2_transport_moving_08_points128,35,20,0.6,transport_moving,primary_task_object,precomputed_reference_mask_sequence,mask_1_2_transport_moving_08,test,E10,False,20,1.0
1,v1r_vis_s1_l2_transport_moving_08,2,transport_moving,bowl_on_plate,4242960266,v1r_vis_s1_l2_transport_moving_08_state,v1r_vis_s1_l2_transport_moving_08_points128,35,20,0.6,transport_moving,primary_task_object,precomputed_reference_mask_sequence,mask_1_2_transport_moving_08,test,E10_ORACLE_HIDDEN_GT,True,20,1.0
1,v1r_vis_s1_l2_transport_moving_09,2,transport_moving,bowl_on_plate,3290744760,v1r_vis_s1_l2_transport_moving_09_state,v1r_vis_s1_l2_transport_moving_09_points128,20,20,0.6,transport_moving,primary_task_object,precomputed_reference_mask_sequence,mask_1_2_transport_moving_09,test,E00_CLEAN,False,0,0.0
1,v1r_vis_s1_l2_transport_moving_09,2,transport_moving,bowl_on_plate,3290744760,v1r_vis_s1_l2_transport_moving_09_state,v1r_vis_s1_l2_transport_moving_09_points128,20,20,0.6,transport_moving,primary_task_object,precomputed_reference_mask_sequence,mask_1_2_transport_moving_09,test,E10,False,5,0.25
1,v1r_vis_s1_l2_transport_moving_09,2,transport_moving,bowl_on_plate,3290744760,v1r_vis_s1_l2_transport_moving_09_state,v1r_vis_s1_l2_transport_moving_09_points128,20,20,0.6,transport_moving,primary_task_object,precomputed_reference_mask_sequence,mask_1_2_transport_moving_09,test,E10_ORACLE_HIDDEN_GT,True,5,0.25
1,v1r_vis_s1_l2_transport_moving_09,2,transport_moving,bowl_on_plate,3290744760,v1r_vis_s1_l2_transport_moving_09_state,v1r_vis_s1_l2_transport_moving_09_points128,20,20,0.6,transport_moving,primary_task_object,precomputed_reference_mask_sequence,mask_1_2_transport_moving_09,test,E10,False,10,0.5
1,v1r_vis_s1_l2_transport_moving_09,2,transport_moving,bowl_on_plate,3290744760,v1r_vis_s1_l2_transport_moving_09_state,v1r_vis_s1_l2_transport_moving_09_points128,20,20,0.6,transport_moving,primary_task_object,precomputed_reference_mask_sequence,mask_1_2_transport_moving_09,test,E10_ORACLE_HIDDEN_GT,True,10,0.5
1,v1r_vis_s1_l2_transport_moving_09,2,transport_moving,bowl_on_plate,3290744760,v1r_vis_s1_l2_transport_moving_09_state,v1r_vis_s1_l2_transport_moving_09_points128,20,20,0.6,transport_moving,primary_task_object,precomputed_reference_mask_sequence,mask_1_2_transport_moving_09,test,E10,False,20,1.0
1,v1r_vis_s1_l2_transport_moving_09,2,transport_moving,bowl_on_plate,3290744760,v1r_vis_s1_l2_transport_moving_09_state,v1r_vis_s1_l2_transport_moving_09_points128,20,20,0.6,transport_moving,primary_task_object,precomputed_reference_mask_sequence,mask_1_2_transport_moving_09,test,E10_ORACLE_HIDDEN_GT,True,20,1.0
1,v1r_vis_s1_l3_pregrasp_static_00,3,pregrasp_static,bowl_on_plate,2760012731,v1r_vis_s1_l3_pregrasp_static_00_state,v1r_vis_s1_l3_pregrasp_static_00_points128,35,20,0.6,pregrasp_static,primary_task_object,precomputed_reference_mask_sequence,mask_1_3_pregrasp_static_00,test,E00_CLEAN,False,0,0.0
1,v1r_vis_s1_l3_pregrasp_static_00,3,pregrasp_static,bowl_on_plate,2760012731,v1r_vis_s1_l3_pregrasp_static_00_state,v1r_vis_s1_l3_pregrasp_static_00_points128,35,20,0.6,pregrasp_static,primary_task_object,precomputed_reference_mask_sequence,mask_1_3_pregrasp_static_00,test,E10,False,5,0.25
1,v1r_vis_s1_l3_pregrasp_static_00,3,pregrasp_static,bowl_on_plate,2760012731,v1r_vis_s1_l3_pregrasp_static_00_state,v1r_vis_s1_l3_pregrasp_static_00_points128,35,20,0.6,pregrasp_static,primary_task_object,precomputed_reference_mask_sequence,mask_1_3_pregrasp_static_00,test,E10_ORACLE_HIDDEN_GT,True,5,0.25
1,v1r_vis_s1_l3_pregrasp_static_00,3,pregrasp_static,bowl_on_plate,2760012731,v1r_vis_s1_l3_pregrasp_static_00_state,v1r_vis_s1_l3_pregrasp_static_00_points128,35,20,0.6,pregrasp_static,primary_task_object,precomputed_reference_mask_sequence,mask_1_3_pregrasp_static_00,test,E10,False,10,0.5
1,v1r_vis_s1_l3_pregrasp_static_00,3,pregrasp_static,bowl_on_plate,2760012731,v1r_vis_s1_l3_pregrasp_static_00_state,v1r_vis_s1_l3_pregrasp_static_00_points128,35,20,0.6,pregrasp_static,primary_task_object,precomputed_reference_mask_sequence,mask_1_3_pregrasp_static_00,test,E10_ORACLE_HIDDEN_GT,True,10,0.5
1,v1r_vis_s1_l3_pregrasp_static_00,3,pregrasp_static,bowl_on_plate,2760012731,v1r_vis_s1_l3_pregrasp_static_00_state,v1r_vis_s1_l3_pregrasp_static_00_points128,35,20,0.6,pregrasp_static,primary_task_object,precomputed_reference_mask_sequence,mask_1_3_pregrasp_static_00,test,E10,False,20,1.0
1,v1r_vis_s1_l3_pregrasp_static_00,3,pregrasp_static,bowl_on_plate,2760012731,v1r_vis_s1_l3_pregrasp_static_00_state,v1r_vis_s1_l3_pregrasp_static_00_points128,35,20,0.6,pregrasp_static,primary_task_object,precomputed_reference_mask_sequence,mask_1_3_pregrasp_static_00,test,E10_ORACLE_HIDDEN_GT,True,20,1.0
1,v1r_vis_s1_l3_pregrasp_static_01,3,pregrasp_static,bowl_on_plate,3630481380,v1r_vis_s1_l3_pregrasp_static_01_state,v1r_vis_s1_l3_pregrasp_static_01_points128,20,20,0.6,pregrasp_static,primary_task_object,precomputed_reference_mask_sequence,mask_1_3_pregrasp_static_01,test,E00_CLEAN,False,0,0.0
1,v1r_vis_s1_l3_pregrasp_static_01,3,pregrasp_static,bowl_on_plate,3630481380,v1r_vis_s1_l3_pregrasp_static_01_state,v1r_vis_s1_l3_pregrasp_static_01_points128,20,20,0.6,pregrasp_static,primary_task_object,precomputed_reference_mask_sequence,mask_1_3_pregrasp_static_01,test,E10,False,5,0.25
1,v1r_vis_s1_l3_pregrasp_static_01,3,pregrasp_static,bowl_on_plate,3630481380,v1r_vis_s1_l3_pregrasp_static_01_state,v1r_vis_s1_l3_pregrasp_static_01_points128,20,20,0.6,pregrasp_static,primary_task_object,precomputed_reference_mask_sequence,mask_1_3_pregrasp_static_01,test,E10_ORACLE_HIDDEN_GT,True,5,0.25
1,v1r_vis_s1_l3_pregrasp_static_01,3,pregrasp_static,bowl_on_plate,3630481380,v1r_vis_s1_l3_pregrasp_static_01_state,v1r_vis_s1_l3_pregrasp_static_01_points128,20,20,0.6,pregrasp_static,primary_task_object,precomputed_reference_mask_sequence,mask_1_3_pregrasp_static_01,test,E10,False,10,0.5
1,v1r_vis_s1_l3_pregrasp_static_01,3,pregrasp_static,bowl_on_plate,3630481380,v1r_vis_s1_l3_pregrasp_static_01_state,v1r_vis_s1_l3_pregrasp_static_01_points128,20,20,0.6,pregrasp_static,primary_task_object,precomputed_reference_mask_sequence,mask_1_3_pregrasp_static_01,test,E10_ORACLE_HIDDEN_GT,True,10,0.5
1,v1r_vis_s1_l3_pregrasp_static_01,3,pregrasp_static,bowl_on_plate,3630481380,v1r_vis_s1_l3_pregrasp_static_01_state,v1r_vis_s1_l3_pregrasp_static_01_points128,20,20,0.6,pregrasp_static,primary_task_object,precomputed_reference_mask_sequence,mask_1_3_pregrasp_static_01,test,E10,False,20,1.0
1,v1r_vis_s1_l3_pregrasp_static_01,3,pregrasp_static,bowl_on_plate,3630481380,v1r_vis_s1_l3_pregrasp_static_01_state,v1r_vis_s1_l3_pregrasp_static_01_points128,20,20,0.6,pregrasp_static,primary_task_object,precomputed_reference_mask_sequence,mask_1_3_pregrasp_static_01,test,E10_ORACLE_HIDDEN_GT,True,20,1.0
1,v1r_vis_s1_l3_pregrasp_static_02,3,pregrasp_static,bowl_on_plate,3053792972,v1r_vis_s1_l3_pregrasp_static_02_state,v1r_vis_s1_l3_pregrasp_static_02_points128,25,20,0.6,pregrasp_static,primary_task_object,precomputed_reference_mask_sequence,mask_1_3_pregrasp_static_02,test,E00_CLEAN,False,0,0.0
1,v1r_vis_s1_l3_pregrasp_static_02,3,pregrasp_static,bowl_on_plate,3053792972,v1r_vis_s1_l3_pregrasp_static_02_state,v1r_vis_s1_l3_pregrasp_static_02_points128,25,20,0.6,pregrasp_static,primary_task_object,precomputed_reference_mask_sequence,mask_1_3_pregrasp_static_02,test,E10,False,5,0.25
1,v1r_vis_s1_l3_pregrasp_static_02,3,pregrasp_static,bowl_on_plate,3053792972,v1r_vis_s1_l3_pregrasp_static_02_state,v1r_vis_s1_l3_pregrasp_static_02_points128,25,20,0.6,pregrasp_static,primary_task_object,precomputed_reference_mask_sequence,mask_1_3_pregrasp_static_02,test,E10_ORACLE_HIDDEN_GT,True,5,0.25
1,v1r_vis_s1_l3_pregrasp_static_02,3,pregrasp_static,bowl_on_plate,3053792972,v1r_vis_s1_l3_pregrasp_static_02_state,v1r_vis_s1_l3_pregrasp_static_02_points128,25,20,0.6,pregrasp_static,primary_task_object,precomputed_reference_mask_sequence,mask_1_3_pregrasp_static_02,test,E10,False,10,0.5
1,v1r_vis_s1_l3_pregrasp_static_02,3,pregrasp_static,bowl_on_plate,3053792972,v1r_vis_s1_l3_pregrasp_static_02_state,v1r_vis_s1_l3_pregrasp_static_02_points128,25,20,0.6,pregrasp_static,primary_task_object,precomputed_reference_mask_sequence,mask_1_3_pregrasp_static_02,test,E10_ORACLE_HIDDEN_GT,True,10,0.5
1,v1r_vis_s1_l3_pregrasp_static_02,3,pregrasp_static,bowl_on_plate,3053792972,v1r_vis_s1_l3_pregrasp_static_02_state,v1r_vis_s1_l3_pregrasp_static_02_points128,25,20,0.6,pregrasp_static,primary_task_object,precomputed_reference_mask_sequence,mask_1_3_pregrasp_static_02,test,E10,False,20,1.0
1,v1r_vis_s1_l3_pregrasp_static_02,3,pregrasp_static,bowl_on_plate,3053792972,v1r_vis_s1_l3_pregrasp_static_02_state,v1r_vis_s1_l3_pregrasp_static_02_points128,25,20,0.6,pregrasp_static,primary_task_object,precomputed_reference_mask_sequence,mask_1_3_pregrasp_static_02,test,E10_ORACLE_HIDDEN_GT,True,20,1.0
1,v1r_vis_s1_l3_pregrasp_static_03,3,pregrasp_static,bowl_on_plate,1077652443,v1r_vis_s1_l3_pregrasp_static_03_state,v1r_vis_s1_l3_pregrasp_static_03_points128,30,20,0.6,pregrasp_static,primary_task_object,precomputed_reference_mask_sequence,mask_1_3_pregrasp_static_03,test,E00_CLEAN,False,0,0.0
1,v1r_vis_s1_l3_pregrasp_static_03,3,pregrasp_static,bowl_on_plate,1077652443,v1r_vis_s1_l3_pregrasp_static_03_state,v1r_vis_s1_l3_pregrasp_static_03_points128,30,20,0.6,pregrasp_static,primary_task_object,precomputed_reference_mask_sequence,mask_1_3_pregrasp_static_03,test,E10,False,5,0.25
1,v1r_vis_s1_l3_pregrasp_static_03,3,pregrasp_static,bowl_on_plate,1077652443,v1r_vis_s1_l3_pregrasp_static_03_state,v1r_vis_s1_l3_pregrasp_static_03_points128,30,20,0.6,pregrasp_static,primary_task_object,precomputed_reference_mask_sequence,mask_1_3_pregrasp_static_03,test,E10_ORACLE_HIDDEN_GT,True,5,0.25
1,v1r_vis_s1_l3_pregrasp_static_03,3,pregrasp_static,bowl_on_plate,1077652443,v1r_vis_s1_l3_pregrasp_static_03_state,v1r_vis_s1_l3_pregrasp_static_03_points128,30,20,0.6,pregrasp_static,primary_task_object,precomputed_reference_mask_sequence,mask_1_3_pregrasp_static_03,test,E10,False,10,0.5
1,v1r_vis_s1_l3_pregrasp_static_03,3,pregrasp_static,bowl_on_plate,1077652443,v1r_vis_s1_l3_pregrasp_static_03_state,v1r_vis_s1_l3_pregrasp_static_03_points128,30,20,0.6,pregrasp_static,primary_task_object,precomputed_reference_mask_sequence,mask_1_3_pregrasp_static_03,test,E10_ORACLE_HIDDEN_GT,True,10,0.5
1,v1r_vis_s1_l3_pregrasp_static_03,3,pregrasp_static,bowl_on_plate,1077652443,v1r_vis_s1_l3_pregrasp_static_03_state,v1r_vis_s1_l3_pregrasp_static_03_points128,30,20,0.6,pregrasp_static,primary_task_object,precomputed_reference_mask_sequence,mask_1_3_pregrasp_static_03,test,E10,False,20,1.0
1,v1r_vis_s1_l3_pregrasp_static_03,3,pregrasp_static,bowl_on_plate,1077652443,v1r_vis_s1_l3_pregrasp_static_03_state,v1r_vis_s1_l3_pregrasp_static_03_points128,30,20,0.6,pregrasp_static,primary_task_object,precomputed_reference_mask_sequence,mask_1_3_pregrasp_static_03,test,E10_ORACLE_HIDDEN_GT,True,20,1.0
1,v1r_vis_s1_l3_pregrasp_static_04,3,pregrasp_static,bowl_on_plate,2452378762,v1r_vis_s1_l3_pregrasp_static_04_state,v1r_vis_s1_l3_pregrasp_static_04_points128,35,20,0.6,pregrasp_static,primary_task_object,precomputed_reference_mask_sequence,mask_1_3_pregrasp_static_04,test,E00_CLEAN,False,0,0.0
1,v1r_vis_s1_l3_pregrasp_static_04,3,pregrasp_static,bowl_on_plate,2452378762,v1r_vis_s1_l3_pregrasp_static_04_state,v1r_vis_s1_l3_pregrasp_static_04_points128,35,20,0.6,pregrasp_static,primary_task_object,precomputed_reference_mask_sequence,mask_1_3_pregrasp_static_04,test,E10,False,5,0.25
1,v1r_vis_s1_l3_pregrasp_static_04,3,pregrasp_static,bowl_on_plate,2452378762,v1r_vis_s1_l3_pregrasp_static_04_state,v1r_vis_s1_l3_pregrasp_static_04_points128,35,20,0.6,pregrasp_static,primary_task_object,precomputed_reference_mask_sequence,mask_1_3_pregrasp_static_04,test,E10_ORACLE_HIDDEN_GT,True,5,0.25
1,v1r_vis_s1_l3_pregrasp_static_04,3,pregrasp_static,bowl_on_plate,2452378762,v1r_vis_s1_l3_pregrasp_static_04_state,v1r_vis_s1_l3_pregrasp_static_04_points128,35,20,0.6,pregrasp_static,primary_task_object,precomputed_reference_mask_sequence,mask_1_3_pregrasp_static_04,test,E10,False,10,0.5
1,v1r_vis_s1_l3_pregrasp_static_04,3,pregrasp_static,bowl_on_plate,2452378762,v1r_vis_s1_l3_pregrasp_static_04_state,v1r_vis_s1_l3_pregrasp_static_04_points128,35,20,0.6,pregrasp_static,primary_task_object,precomputed_reference_mask_sequence,mask_1_3_pregrasp_static_04,test,E10_ORACLE_HIDDEN_GT,True,10,0.5
1,v1r_vis_s1_l3_pregrasp_static_04,3,pregrasp_static,bowl_on_plate,2452378762,v1r_vis_s1_l3_pregrasp_static_04_state,v1r_vis_s1_l3_pregrasp_static_04_points128,35,20,0.6,pregrasp_static,primary_task_object,precomputed_reference_mask_sequence,mask_1_3_pregrasp_static_04,test,E10,False,20,1.0
1,v1r_vis_s1_l3_pregrasp_static_04,3,pregrasp_static,bowl_on_plate,2452378762,v1r_vis_s1_l3_pregrasp_static_04_state,v1r_vis_s1_l3_pregrasp_static_04_points128,35,20,0.6,pregrasp_static,primary_task_object,precomputed_reference_mask_sequence,mask_1_3_pregrasp_static_04,test,E10_ORACLE_HIDDEN_GT,True,20,1.0
1,v1r_vis_s1_l3_pregrasp_static_05,3,pregrasp_static,bowl_on_plate,3320147920,v1r_vis_s1_l3_pregrasp_static_05_state,v1r_vis_s1_l3_pregrasp_static_05_points128,20,20,0.6,pregrasp_static,primary_task_object,precomputed_reference_mask_sequence,mask_1_3_pregrasp_static_05,test,E00_CLEAN,False,0,0.0
1,v1r_vis_s1_l3_pregrasp_static_05,3,pregrasp_static,bowl_on_plate,3320147920,v1r_vis_s1_l3_pregrasp_static_05_state,v1r_vis_s1_l3_pregrasp_static_05_points128,20,20,0.6,pregrasp_static,primary_task_object,precomputed_reference_mask_sequence,mask_1_3_pregrasp_static_05,test,E10,False,5,0.25
1,v1r_vis_s1_l3_pregrasp_static_05,3,pregrasp_static,bowl_on_plate,3320147920,v1r_vis_s1_l3_pregrasp_static_05_state,v1r_vis_s1_l3_pregrasp_static_05_points128,20,20,0.6,pregrasp_static,primary_task_object,precomputed_reference_mask_sequence,mask_1_3_pregrasp_static_05,test,E10_ORACLE_HIDDEN_GT,True,5,0.25
1,v1r_vis_s1_l3_pregrasp_static_05,3,pregrasp_static,bowl_on_plate,3320147920,v1r_vis_s1_l3_pregrasp_static_05_state,v1r_vis_s1_l3_pregrasp_static_05_points128,20,20,0.6,pregrasp_static,primary_task_object,precomputed_reference_mask_sequence,mask_1_3_pregrasp_static_05,test,E10,False,10,0.5
1,v1r_vis_s1_l3_pregrasp_static_05,3,pregrasp_static,bowl_on_plate,3320147920,v1r_vis_s1_l3_pregrasp_static_05_state,v1r_vis_s1_l3_pregrasp_static_05_points128,20,20,0.6,pregrasp_static,primary_task_object,precomputed_reference_mask_sequence,mask_1_3_pregrasp_static_05,test,E10_ORACLE_HIDDEN_GT,True,10,0.5
1,v1r_vis_s1_l3_pregrasp_static_05,3,pregrasp_static,bowl_on_plate,3320147920,v1r_vis_s1_l3_pregrasp_static_05_state,v1r_vis_s1_l3_pregrasp_static_05_points128,20,20,0.6,pregrasp_static,primary_task_object,precomputed_reference_mask_sequence,mask_1_3_pregrasp_static_05,test,E10,False,20,1.0
1,v1r_vis_s1_l3_pregrasp_static_05,3,pregrasp_static,bowl_on_plate,3320147920,v1r_vis_s1_l3_pregrasp_static_05_state,v1r_vis_s1_l3_pregrasp_static_05_points128,20,20,0.6,pregrasp_static,primary_task_object,precomputed_reference_mask_sequence,mask_1_3_pregrasp_static_05,test,E10_ORACLE_HIDDEN_GT,True,20,1.0
1,v1r_vis_s1_l3_pregrasp_static_06,3,pregrasp_static,bowl_on_plate,3773792925,v1r_vis_s1_l3_pregrasp_static_06_state,v1r_vis_s1_l3_pregrasp_static_06_points128,25,20,0.6,pregrasp_static,primary_task_object,precomputed_reference_mask_sequence,mask_1_3_pregrasp_static_06,test,E00_CLEAN,False,0,0.0
1,v1r_vis_s1_l3_pregrasp_static_06,3,pregrasp_static,bowl_on_plate,3773792925,v1r_vis_s1_l3_pregrasp_static_06_state,v1r_vis_s1_l3_pregrasp_static_06_points128,25,20,0.6,pregrasp_static,primary_task_object,precomputed_reference_mask_sequence,mask_1_3_pregrasp_static_06,test,E10,False,5,0.25
1,v1r_vis_s1_l3_pregrasp_static_06,3,pregrasp_static,bowl_on_plate,3773792925,v1r_vis_s1_l3_pregrasp_static_06_state,v1r_vis_s1_l3_pregrasp_static_06_points128,25,20,0.6,pregrasp_static,primary_task_object,precomputed_reference_mask_sequence,mask_1_3_pregrasp_static_06,test,E10_ORACLE_HIDDEN_GT,True,5,0.25
1,v1r_vis_s1_l3_pregrasp_static_06,3,pregrasp_static,bowl_on_plate,3773792925,v1r_vis_s1_l3_pregrasp_static_06_state,v1r_vis_s1_l3_pregrasp_static_06_points128,25,20,0.6,pregrasp_static,primary_task_object,precomputed_reference_mask_sequence,mask_1_3_pregrasp_static_06,test,E10,False,10,0.5
1,v1r_vis_s1_l3_pregrasp_static_06,3,pregrasp_static,bowl_on_plate,3773792925,v1r_vis_s1_l3_pregrasp_static_06_state,v1r_vis_s1_l3_pregrasp_static_06_points128,25,20,0.6,pregrasp_static,primary_task_object,precomputed_reference_mask_sequence,mask_1_3_pregrasp_static_06,test,E10_ORACLE_HIDDEN_GT,True,10,0.5
1,v1r_vis_s1_l3_pregrasp_static_06,3,pregrasp_static,bowl_on_plate,3773792925,v1r_vis_s1_l3_pregrasp_static_06_state,v1r_vis_s1_l3_pregrasp_static_06_points128,25,20,0.6,pregrasp_static,primary_task_object,precomputed_reference_mask_sequence,mask_1_3_pregrasp_static_06,test,E10,False,20,1.0
1,v1r_vis_s1_l3_pregrasp_static_06,3,pregrasp_static,bowl_on_plate,3773792925,v1r_vis_s1_l3_pregrasp_static_06_state,v1r_vis_s1_l3_pregrasp_static_06_points128,25,20,0.6,pregrasp_static,primary_task_object,precomputed_reference_mask_sequence,mask_1_3_pregrasp_static_06,test,E10_ORACLE_HIDDEN_GT,True,20,1.0
1,v1r_vis_s1_l3_pregrasp_static_07,3,pregrasp_static,bowl_on_plate,1110369963,v1r_vis_s1_l3_pregrasp_static_07_state,v1r_vis_s1_l3_pregrasp_static_07_points128,30,20,0.6,pregrasp_static,primary_task_object,precomputed_reference_mask_sequence,mask_1_3_pregrasp_static_07,test,E00_CLEAN,False,0,0.0
1,v1r_vis_s1_l3_pregrasp_static_07,3,pregrasp_static,bowl_on_plate,1110369963,v1r_vis_s1_l3_pregrasp_static_07_state,v1r_vis_s1_l3_pregrasp_static_07_points128,30,20,0.6,pregrasp_static,primary_task_object,precomputed_reference_mask_sequence,mask_1_3_pregrasp_static_07,test,E10,False,5,0.25
1,v1r_vis_s1_l3_pregrasp_static_07,3,pregrasp_static,bowl_on_plate,1110369963,v1r_vis_s1_l3_pregrasp_static_07_state,v1r_vis_s1_l3_pregrasp_static_07_points128,30,20,0.6,pregrasp_static,primary_task_object,precomputed_reference_mask_sequence,mask_1_3_pregrasp_static_07,test,E10_ORACLE_HIDDEN_GT,True,5,0.25
1,v1r_vis_s1_l3_pregrasp_static_07,3,pregrasp_static,bowl_on_plate,1110369963,v1r_vis_s1_l3_pregrasp_static_07_state,v1r_vis_s1_l3_pregrasp_static_07_points128,30,20,0.6,pregrasp_static,primary_task_object,precomputed_reference_mask_sequence,mask_1_3_pregrasp_static_07,test,E10,False,10,0.5
1,v1r_vis_s1_l3_pregrasp_static_07,3,pregrasp_static,bowl_on_plate,1110369963,v1r_vis_s1_l3_pregrasp_static_07_state,v1r_vis_s1_l3_pregrasp_static_07_points128,30,20,0.6,pregrasp_static,primary_task_object,precomputed_reference_mask_sequence,mask_1_3_pregrasp_static_07,test,E10_ORACLE_HIDDEN_GT,True,10,0.5
1,v1r_vis_s1_l3_pregrasp_static_07,3,pregrasp_static,bowl_on_plate,1110369963,v1r_vis_s1_l3_pregrasp_static_07_state,v1r_vis_s1_l3_pregrasp_static_07_points128,30,20,0.6,pregrasp_static,primary_task_object,precomputed_reference_mask_sequence,mask_1_3_pregrasp_static_07,test,E10,False,20,1.0
1,v1r_vis_s1_l3_pregrasp_static_07,3,pregrasp_static,bowl_on_plate,1110369963,v1r_vis_s1_l3_pregrasp_static_07_state,v1r_vis_s1_l3_pregrasp_static_07_points128,30,20,0.6,pregrasp_static,primary_task_object,precomputed_reference_mask_sequence,mask_1_3_pregrasp_static_07,test,E10_ORACLE_HIDDEN_GT,True,20,1.0
1,v1r_vis_s1_l3_pregrasp_static_08,3,pregrasp_static,bowl_on_plate,3539573616,v1r_vis_s1_l3_pregrasp_static_08_state,v1r_vis_s1_l3_pregrasp_static_08_points128,35,20,0.6,pregrasp_static,primary_task_object,precomputed_reference_mask_sequence,mask_1_3_pregrasp_static_08,test,E00_CLEAN,False,0,0.0
1,v1r_vis_s1_l3_pregrasp_static_08,3,pregrasp_static,bowl_on_plate,3539573616,v1r_vis_s1_l3_pregrasp_static_08_state,v1r_vis_s1_l3_pregrasp_static_08_points128,35,20,0.6,pregrasp_static,primary_task_object,precomputed_reference_mask_sequence,mask_1_3_pregrasp_static_08,test,E10,False,5,0.25
1,v1r_vis_s1_l3_pregrasp_static_08,3,pregrasp_static,bowl_on_plate,3539573616,v1r_vis_s1_l3_pregrasp_static_08_state,v1r_vis_s1_l3_pregrasp_static_08_points128,35,20,0.6,pregrasp_static,primary_task_object,precomputed_reference_mask_sequence,mask_1_3_pregrasp_static_08,test,E10_ORACLE_HIDDEN_GT,True,5,0.25
1,v1r_vis_s1_l3_pregrasp_static_08,3,pregrasp_static,bowl_on_plate,3539573616,v1r_vis_s1_l3_pregrasp_static_08_state,v1r_vis_s1_l3_pregrasp_static_08_points128,35,20,0.6,pregrasp_static,primary_task_object,precomputed_reference_mask_sequence,mask_1_3_pregrasp_static_08,test,E10,False,10,0.5
1,v1r_vis_s1_l3_pregrasp_static_08,3,pregrasp_static,bowl_on_plate,3539573616,v1r_vis_s1_l3_pregrasp_static_08_state,v1r_vis_s1_l3_pregrasp_static_08_points128,35,20,0.6,pregrasp_static,primary_task_object,precomputed_reference_mask_sequence,mask_1_3_pregrasp_static_08,test,E10_ORACLE_HIDDEN_GT,True,10,0.5
1,v1r_vis_s1_l3_pregrasp_static_08,3,pregrasp_static,bowl_on_plate,3539573616,v1r_vis_s1_l3_pregrasp_static_08_state,v1r_vis_s1_l3_pregrasp_static_08_points128,35,20,0.6,pregrasp_static,primary_task_object,precomputed_reference_mask_sequence,mask_1_3_pregrasp_static_08,test,E10,False,20,1.0
1,v1r_vis_s1_l3_pregrasp_static_08,3,pregrasp_static,bowl_on_plate,3539573616,v1r_vis_s1_l3_pregrasp_static_08_state,v1r_vis_s1_l3_pregrasp_static_08_points128,35,20,0.6,pregrasp_static,primary_task_object,precomputed_reference_mask_sequence,mask_1_3_pregrasp_static_08,test,E10_ORACLE_HIDDEN_GT,True,20,1.0
1,v1r_vis_s1_l3_pregrasp_static_09,3,pregrasp_static,bowl_on_plate,2628170338,v1r_vis_s1_l3_pregrasp_static_09_state,v1r_vis_s1_l3_pregrasp_static_09_points128,20,20,0.6,pregrasp_static,primary_task_object,precomputed_reference_mask_sequence,mask_1_3_pregrasp_static_09,test,E00_CLEAN,False,0,0.0
1,v1r_vis_s1_l3_pregrasp_static_09,3,pregrasp_static,bowl_on_plate,2628170338,v1r_vis_s1_l3_pregrasp_static_09_state,v1r_vis_s1_l3_pregrasp_static_09_points128,20,20,0.6,pregrasp_static,primary_task_object,precomputed_reference_mask_sequence,mask_1_3_pregrasp_static_09,test,E10,False,5,0.25
1,v1r_vis_s1_l3_pregrasp_static_09,3,pregrasp_static,bowl_on_plate,2628170338,v1r_vis_s1_l3_pregrasp_static_09_state,v1r_vis_s1_l3_pregrasp_static_09_points128,20,20,0.6,pregrasp_static,primary_task_object,precomputed_reference_mask_sequence,mask_1_3_pregrasp_static_09,test,E10_ORACLE_HIDDEN_GT,True,5,0.25
1,v1r_vis_s1_l3_pregrasp_static_09,3,pregrasp_static,bowl_on_plate,2628170338,v1r_vis_s1_l3_pregrasp_static_09_state,v1r_vis_s1_l3_pregrasp_static_09_points128,20,20,0.6,pregrasp_static,primary_task_object,precomputed_reference_mask_sequence,mask_1_3_pregrasp_static_09,test,E10,False,10,0.5
1,v1r_vis_s1_l3_pregrasp_static_09,3,pregrasp_static,bowl_on_plate,2628170338,v1r_vis_s1_l3_pregrasp_static_09_state,v1r_vis_s1_l3_pregrasp_static_09_points128,20,20,0.6,pregrasp_static,primary_task_object,precomputed_reference_mask_sequence,mask_1_3_pregrasp_static_09,test,E10_ORACLE_HIDDEN_GT,True,10,0.5
1,v1r_vis_s1_l3_pregrasp_static_09,3,pregrasp_static,bowl_on_plate,2628170338,v1r_vis_s1_l3_pregrasp_static_09_state,v1r_vis_s1_l3_pregrasp_static_09_points128,20,20,0.6,pregrasp_static,primary_task_object,precomputed_reference_mask_sequence,mask_1_3_pregrasp_static_09,test,E10,False,20,1.0
1,v1r_vis_s1_l3_pregrasp_static_09,3,pregrasp_static,bowl_on_plate,2628170338,v1r_vis_s1_l3_pregrasp_static_09_state,v1r_vis_s1_l3_pregrasp_static_09_points128,20,20,0.6,pregrasp_static,primary_task_object,precomputed_reference_mask_sequence,mask_1_3_pregrasp_static_09,test,E10_ORACLE_HIDDEN_GT,True,20,1.0
1,v1r_vis_s1_l3_transport_moving_00,3,transport_moving,bowl_on_plate,4007508461,v1r_vis_s1_l3_transport_moving_00_state,v1r_vis_s1_l3_transport_moving_00_points128,20,20,0.6,transport_moving,primary_task_object,precomputed_reference_mask_sequence,mask_1_3_transport_moving_00,test,E00_CLEAN,False,0,0.0
1,v1r_vis_s1_l3_transport_moving_00,3,transport_moving,bowl_on_plate,4007508461,v1r_vis_s1_l3_transport_moving_00_state,v1r_vis_s1_l3_transport_moving_00_points128,20,20,0.6,transport_moving,primary_task_object,precomputed_reference_mask_sequence,mask_1_3_transport_moving_00,test,E10,False,5,0.25
1,v1r_vis_s1_l3_transport_moving_00,3,transport_moving,bowl_on_plate,4007508461,v1r_vis_s1_l3_transport_moving_00_state,v1r_vis_s1_l3_transport_moving_00_points128,20,20,0.6,transport_moving,primary_task_object,precomputed_reference_mask_sequence,mask_1_3_transport_moving_00,test,E10_ORACLE_HIDDEN_GT,True,5,0.25
1,v1r_vis_s1_l3_transport_moving_00,3,transport_moving,bowl_on_plate,4007508461,v1r_vis_s1_l3_transport_moving_00_state,v1r_vis_s1_l3_transport_moving_00_points128,20,20,0.6,transport_moving,primary_task_object,precomputed_reference_mask_sequence,mask_1_3_transport_moving_00,test,E10,False,10,0.5
1,v1r_vis_s1_l3_transport_moving_00,3,transport_moving,bowl_on_plate,4007508461,v1r_vis_s1_l3_transport_moving_00_state,v1r_vis_s1_l3_transport_moving_00_points128,20,20,0.6,transport_moving,primary_task_object,precomputed_reference_mask_sequence,mask_1_3_transport_moving_00,test,E10_ORACLE_HIDDEN_GT,True,10,0.5
1,v1r_vis_s1_l3_transport_moving_00,3,transport_moving,bowl_on_plate,4007508461,v1r_vis_s1_l3_transport_moving_00_state,v1r_vis_s1_l3_transport_moving_00_points128,20,20,0.6,transport_moving,primary_task_object,precomputed_reference_mask_sequence,mask_1_3_transport_moving_00,test,E10,False,20,1.0
1,v1r_vis_s1_l3_transport_moving_00,3,transport_moving,bowl_on_plate,4007508461,v1r_vis_s1_l3_transport_moving_00_state,v1r_vis_s1_l3_transport_moving_00_points128,20,20,0.6,transport_moving,primary_task_object,precomputed_reference_mask_sequence,mask_1_3_transport_moving_00,test,E10_ORACLE_HIDDEN_GT,True,20,1.0
1,v1r_vis_s1_l3_transport_moving_01,3,transport_moving,bowl_on_plate,3421834655,v1r_vis_s1_l3_transport_moving_01_state,v1r_vis_s1_l3_transport_moving_01_points128,25,20,0.6,transport_moving,primary_task_object,precomputed_reference_mask_sequence,mask_1_3_transport_moving_01,test,E00_CLEAN,False,0,0.0
1,v1r_vis_s1_l3_transport_moving_01,3,transport_moving,bowl_on_plate,3421834655,v1r_vis_s1_l3_transport_moving_01_state,v1r_vis_s1_l3_transport_moving_01_points128,25,20,0.6,transport_moving,primary_task_object,precomputed_reference_mask_sequence,mask_1_3_transport_moving_01,test,E10,False,5,0.25
1,v1r_vis_s1_l3_transport_moving_01,3,transport_moving,bowl_on_plate,3421834655,v1r_vis_s1_l3_transport_moving_01_state,v1r_vis_s1_l3_transport_moving_01_points128,25,20,0.6,transport_moving,primary_task_object,precomputed_reference_mask_sequence,mask_1_3_transport_moving_01,test,E10_ORACLE_HIDDEN_GT,True,5,0.25
1,v1r_vis_s1_l3_transport_moving_01,3,transport_moving,bowl_on_plate,3421834655,v1r_vis_s1_l3_transport_moving_01_state,v1r_vis_s1_l3_transport_moving_01_points128,25,20,0.6,transport_moving,primary_task_object,precomputed_reference_mask_sequence,mask_1_3_transport_moving_01,test,E10,False,10,0.5
1,v1r_vis_s1_l3_transport_moving_01,3,transport_moving,bowl_on_plate,3421834655,v1r_vis_s1_l3_transport_moving_01_state,v1r_vis_s1_l3_transport_moving_01_points128,25,20,0.6,transport_moving,primary_task_object,precomputed_reference_mask_sequence,mask_1_3_transport_moving_01,test,E10_ORACLE_HIDDEN_GT,True,10,0.5
1,v1r_vis_s1_l3_transport_moving_01,3,transport_moving,bowl_on_plate,3421834655,v1r_vis_s1_l3_transport_moving_01_state,v1r_vis_s1_l3_transport_moving_01_points128,25,20,0.6,transport_moving,primary_task_object,precomputed_reference_mask_sequence,mask_1_3_transport_moving_01,test,E10,False,20,1.0
1,v1r_vis_s1_l3_transport_moving_01,3,transport_moving,bowl_on_plate,3421834655,v1r_vis_s1_l3_transport_moving_01_state,v1r_vis_s1_l3_transport_moving_01_points128,25,20,0.6,transport_moving,primary_task_object,precomputed_reference_mask_sequence,mask_1_3_transport_moving_01,test,E10_ORACLE_HIDDEN_GT,True,20,1.0
1,v1r_vis_s1_l3_transport_moving_02,3,transport_moving,bowl_on_plate,699607941,v1r_vis_s1_l3_transport_moving_02_state,v1r_vis_s1_l3_transport_moving_02_points128,30,20,0.6,transport_moving,primary_task_object,precomputed_reference_mask_sequence,mask_1_3_transport_moving_02,test,E00_CLEAN,False,0,0.0
1,v1r_vis_s1_l3_transport_moving_02,3,transport_moving,bowl_on_plate,699607941,v1r_vis_s1_l3_transport_moving_02_state,v1r_vis_s1_l3_transport_moving_02_points128,30,20,0.6,transport_moving,primary_task_object,precomputed_reference_mask_sequence,mask_1_3_transport_moving_02,test,E10,False,5,0.25
1,v1r_vis_s1_l3_transport_moving_02,3,transport_moving,bowl_on_plate,699607941,v1r_vis_s1_l3_transport_moving_02_state,v1r_vis_s1_l3_transport_moving_02_points128,30,20,0.6,transport_moving,primary_task_object,precomputed_reference_mask_sequence,mask_1_3_transport_moving_02,test,E10_ORACLE_HIDDEN_GT,True,5,0.25
1,v1r_vis_s1_l3_transport_moving_02,3,transport_moving,bowl_on_plate,699607941,v1r_vis_s1_l3_transport_moving_02_state,v1r_vis_s1_l3_transport_moving_02_points128,30,20,0.6,transport_moving,primary_task_object,precomputed_reference_mask_sequence,mask_1_3_transport_moving_02,test,E10,False,10,0.5
1,v1r_vis_s1_l3_transport_moving_02,3,transport_moving,bowl_on_plate,699607941,v1r_vis_s1_l3_transport_moving_02_state,v1r_vis_s1_l3_transport_moving_02_points128,30,20,0.6,transport_moving,primary_task_object,precomputed_reference_mask_sequence,mask_1_3_transport_moving_02,test,E10_ORACLE_HIDDEN_GT,True,10,0.5
1,v1r_vis_s1_l3_transport_moving_02,3,transport_moving,bowl_on_plate,699607941,v1r_vis_s1_l3_transport_moving_02_state,v1r_vis_s1_l3_transport_moving_02_points128,30,20,0.6,transport_moving,primary_task_object,precomputed_reference_mask_sequence,mask_1_3_transport_moving_02,test,E10,False,20,1.0
1,v1r_vis_s1_l3_transport_moving_02,3,transport_moving,bowl_on_plate,699607941,v1r_vis_s1_l3_transport_moving_02_state,v1r_vis_s1_l3_transport_moving_02_points128,30,20,0.6,transport_moving,primary_task_object,precomputed_reference_mask_sequence,mask_1_3_transport_moving_02,test,E10_ORACLE_HIDDEN_GT,True,20,1.0
1,v1r_vis_s1_l3_transport_moving_03,3,transport_moving,bowl_on_plate,3879768043,v1r_vis_s1_l3_transport_moving_03_state,v1r_vis_s1_l3_transport_moving_03_points128,35,20,0.6,transport_moving,primary_task_object,precomputed_reference_mask_sequence,mask_1_3_transport_moving_03,test,E00_CLEAN,False,0,0.0
1,v1r_vis_s1_l3_transport_moving_03,3,transport_moving,bowl_on_plate,3879768043,v1r_vis_s1_l3_transport_moving_03_state,v1r_vis_s1_l3_transport_moving_03_points128,35,20,0.6,transport_moving,primary_task_object,precomputed_reference_mask_sequence,mask_1_3_transport_moving_03,test,E10,False,5,0.25
1,v1r_vis_s1_l3_transport_moving_03,3,transport_moving,bowl_on_plate,3879768043,v1r_vis_s1_l3_transport_moving_03_state,v1r_vis_s1_l3_transport_moving_03_points128,35,20,0.6,transport_moving,primary_task_object,precomputed_reference_mask_sequence,mask_1_3_transport_moving_03,test,E10_ORACLE_HIDDEN_GT,True,5,0.25
1,v1r_vis_s1_l3_transport_moving_03,3,transport_moving,bowl_on_plate,3879768043,v1r_vis_s1_l3_transport_moving_03_state,v1r_vis_s1_l3_transport_moving_03_points128,35,20,0.6,transport_moving,primary_task_object,precomputed_reference_mask_sequence,mask_1_3_transport_moving_03,test,E10,False,10,0.5
1,v1r_vis_s1_l3_transport_moving_03,3,transport_moving,bowl_on_plate,3879768043,v1r_vis_s1_l3_transport_moving_03_state,v1r_vis_s1_l3_transport_moving_03_points128,35,20,0.6,transport_moving,primary_task_object,precomputed_reference_mask_sequence,mask_1_3_transport_moving_03,test,E10_ORACLE_HIDDEN_GT,True,10,0.5
1,v1r_vis_s1_l3_transport_moving_03,3,transport_moving,bowl_on_plate,3879768043,v1r_vis_s1_l3_transport_moving_03_state,v1r_vis_s1_l3_transport_moving_03_points128,35,20,0.6,transport_moving,primary_task_object,precomputed_reference_mask_sequence,mask_1_3_transport_moving_03,test,E10,False,20,1.0
1,v1r_vis_s1_l3_transport_moving_03,3,transport_moving,bowl_on_plate,3879768043,v1r_vis_s1_l3_transport_moving_03_state,v1r_vis_s1_l3_transport_moving_03_points128,35,20,0.6,transport_moving,primary_task_object,precomputed_reference_mask_sequence,mask_1_3_transport_moving_03,test,E10_ORACLE_HIDDEN_GT,True,20,1.0
1,v1r_vis_s1_l3_transport_moving_04,3,transport_moving,bowl_on_plate,1430398068,v1r_vis_s1_l3_transport_moving_04_state,v1r_vis_s1_l3_transport_moving_04_points128,20,20,0.6,transport_moving,primary_task_object,precomputed_reference_mask_sequence,mask_1_3_transport_moving_04,test,E00_CLEAN,False,0,0.0
1,v1r_vis_s1_l3_transport_moving_04,3,transport_moving,bowl_on_plate,1430398068,v1r_vis_s1_l3_transport_moving_04_state,v1r_vis_s1_l3_transport_moving_04_points128,20,20,0.6,transport_moving,primary_task_object,precomputed_reference_mask_sequence,mask_1_3_transport_moving_04,test,E10,False,5,0.25
1,v1r_vis_s1_l3_transport_moving_04,3,transport_moving,bowl_on_plate,1430398068,v1r_vis_s1_l3_transport_moving_04_state,v1r_vis_s1_l3_transport_moving_04_points128,20,20,0.6,transport_moving,primary_task_object,precomputed_reference_mask_sequence,mask_1_3_transport_moving_04,test,E10_ORACLE_HIDDEN_GT,True,5,0.25
1,v1r_vis_s1_l3_transport_moving_04,3,transport_moving,bowl_on_plate,1430398068,v1r_vis_s1_l3_transport_moving_04_state,v1r_vis_s1_l3_transport_moving_04_points128,20,20,0.6,transport_moving,primary_task_object,precomputed_reference_mask_sequence,mask_1_3_transport_moving_04,test,E10,False,10,0.5
1,v1r_vis_s1_l3_transport_moving_04,3,transport_moving,bowl_on_plate,1430398068,v1r_vis_s1_l3_transport_moving_04_state,v1r_vis_s1_l3_transport_moving_04_points128,20,20,0.6,transport_moving,primary_task_object,precomputed_reference_mask_sequence,mask_1_3_transport_moving_04,test,E10_ORACLE_HIDDEN_GT,True,10,0.5
1,v1r_vis_s1_l3_transport_moving_04,3,transport_moving,bowl_on_plate,1430398068,v1r_vis_s1_l3_transport_moving_04_state,v1r_vis_s1_l3_transport_moving_04_points128,20,20,0.6,transport_moving,primary_task_object,precomputed_reference_mask_sequence,mask_1_3_transport_moving_04,test,E10,False,20,1.0
1,v1r_vis_s1_l3_transport_moving_04,3,transport_moving,bowl_on_plate,1430398068,v1r_vis_s1_l3_transport_moving_04_state,v1r_vis_s1_l3_transport_moving_04_points128,20,20,0.6,transport_moving,primary_task_object,precomputed_reference_mask_sequence,mask_1_3_transport_moving_04,test,E10_ORACLE_HIDDEN_GT,True,20,1.0
1,v1r_vis_s1_l3_transport_moving_05,3,transport_moving,bowl_on_plate,2122563365,v1r_vis_s1_l3_transport_moving_05_state,v1r_vis_s1_l3_transport_moving_05_points128,25,20,0.6,transport_moving,primary_task_object,precomputed_reference_mask_sequence,mask_1_3_transport_moving_05,test,E00_CLEAN,False,0,0.0
1,v1r_vis_s1_l3_transport_moving_05,3,transport_moving,bowl_on_plate,2122563365,v1r_vis_s1_l3_transport_moving_05_state,v1r_vis_s1_l3_transport_moving_05_points128,25,20,0.6,transport_moving,primary_task_object,precomputed_reference_mask_sequence,mask_1_3_transport_moving_05,test,E10,False,5,0.25
1,v1r_vis_s1_l3_transport_moving_05,3,transport_moving,bowl_on_plate,2122563365,v1r_vis_s1_l3_transport_moving_05_state,v1r_vis_s1_l3_transport_moving_05_points128,25,20,0.6,transport_moving,primary_task_object,precomputed_reference_mask_sequence,mask_1_3_transport_moving_05,test,E10_ORACLE_HIDDEN_GT,True,5,0.25
1,v1r_vis_s1_l3_transport_moving_05,3,transport_moving,bowl_on_plate,2122563365,v1r_vis_s1_l3_transport_moving_05_state,v1r_vis_s1_l3_transport_moving_05_points128,25,20,0.6,transport_moving,primary_task_object,precomputed_reference_mask_sequence,mask_1_3_transport_moving_05,test,E10,False,10,0.5
1,v1r_vis_s1_l3_transport_moving_05,3,transport_moving,bowl_on_plate,2122563365,v1r_vis_s1_l3_transport_moving_05_state,v1r_vis_s1_l3_transport_moving_05_points128,25,20,0.6,transport_moving,primary_task_object,precomputed_reference_mask_sequence,mask_1_3_transport_moving_05,test,E10_ORACLE_HIDDEN_GT,True,10,0.5
1,v1r_vis_s1_l3_transport_moving_05,3,transport_moving,bowl_on_plate,2122563365,v1r_vis_s1_l3_transport_moving_05_state,v1r_vis_s1_l3_transport_moving_05_points128,25,20,0.6,transport_moving,primary_task_object,precomputed_reference_mask_sequence,mask_1_3_transport_moving_05,test,E10,False,20,1.0
1,v1r_vis_s1_l3_transport_moving_05,3,transport_moving,bowl_on_plate,2122563365,v1r_vis_s1_l3_transport_moving_05_state,v1r_vis_s1_l3_transport_moving_05_points128,25,20,0.6,transport_moving,primary_task_object,precomputed_reference_mask_sequence,mask_1_3_transport_moving_05,test,E10_ORACLE_HIDDEN_GT,True,20,1.0
1,v1r_vis_s1_l3_transport_moving_06,3,transport_moving,bowl_on_plate,2988410175,v1r_vis_s1_l3_transport_moving_06_state,v1r_vis_s1_l3_transport_moving_06_points128,30,20,0.6,transport_moving,primary_task_object,precomputed_reference_mask_sequence,mask_1_3_transport_moving_06,test,E00_CLEAN,False,0,0.0
1,v1r_vis_s1_l3_transport_moving_06,3,transport_moving,bowl_on_plate,2988410175,v1r_vis_s1_l3_transport_moving_06_state,v1r_vis_s1_l3_transport_moving_06_points128,30,20,0.6,transport_moving,primary_task_object,precomputed_reference_mask_sequence,mask_1_3_transport_moving_06,test,E10,False,5,0.25
1,v1r_vis_s1_l3_transport_moving_06,3,transport_moving,bowl_on_plate,2988410175,v1r_vis_s1_l3_transport_moving_06_state,v1r_vis_s1_l3_transport_moving_06_points128,30,20,0.6,transport_moving,primary_task_object,precomputed_reference_mask_sequence,mask_1_3_transport_moving_06,test,E10_ORACLE_HIDDEN_GT,True,5,0.25
1,v1r_vis_s1_l3_transport_moving_06,3,transport_moving,bowl_on_plate,2988410175,v1r_vis_s1_l3_transport_moving_06_state,v1r_vis_s1_l3_transport_moving_06_points128,30,20,0.6,transport_moving,primary_task_object,precomputed_reference_mask_sequence,mask_1_3_transport_moving_06,test,E10,False,10,0.5
1,v1r_vis_s1_l3_transport_moving_06,3,transport_moving,bowl_on_plate,2988410175,v1r_vis_s1_l3_transport_moving_06_state,v1r_vis_s1_l3_transport_moving_06_points128,30,20,0.6,transport_moving,primary_task_object,precomputed_reference_mask_sequence,mask_1_3_transport_moving_06,test,E10_ORACLE_HIDDEN_GT,True,10,0.5
1,v1r_vis_s1_l3_transport_moving_06,3,transport_moving,bowl_on_plate,2988410175,v1r_vis_s1_l3_transport_moving_06_state,v1r_vis_s1_l3_transport_moving_06_points128,30,20,0.6,transport_moving,primary_task_object,precomputed_reference_mask_sequence,mask_1_3_transport_moving_06,test,E10,False,20,1.0
1,v1r_vis_s1_l3_transport_moving_06,3,transport_moving,bowl_on_plate,2988410175,v1r_vis_s1_l3_transport_moving_06_state,v1r_vis_s1_l3_transport_moving_06_points128,30,20,0.6,transport_moving,primary_task_object,precomputed_reference_mask_sequence,mask_1_3_transport_moving_06,test,E10_ORACLE_HIDDEN_GT,True,20,1.0
1,v1r_vis_s1_l3_transport_moving_07,3,transport_moving,bowl_on_plate,2713478000,v1r_vis_s1_l3_transport_moving_07_state,v1r_vis_s1_l3_transport_moving_07_points128,35,20,0.6,transport_moving,primary_task_object,precomputed_reference_mask_sequence,mask_1_3_transport_moving_07,test,E00_CLEAN,False,0,0.0
1,v1r_vis_s1_l3_transport_moving_07,3,transport_moving,bowl_on_plate,2713478000,v1r_vis_s1_l3_transport_moving_07_state,v1r_vis_s1_l3_transport_moving_07_points128,35,20,0.6,transport_moving,primary_task_object,precomputed_reference_mask_sequence,mask_1_3_transport_moving_07,test,E10,False,5,0.25
1,v1r_vis_s1_l3_transport_moving_07,3,transport_moving,bowl_on_plate,2713478000,v1r_vis_s1_l3_transport_moving_07_state,v1r_vis_s1_l3_transport_moving_07_points128,35,20,0.6,transport_moving,primary_task_object,precomputed_reference_mask_sequence,mask_1_3_transport_moving_07,test,E10_ORACLE_HIDDEN_GT,True,5,0.25
1,v1r_vis_s1_l3_transport_moving_07,3,transport_moving,bowl_on_plate,2713478000,v1r_vis_s1_l3_transport_moving_07_state,v1r_vis_s1_l3_transport_moving_07_points128,35,20,0.6,transport_moving,primary_task_object,precomputed_reference_mask_sequence,mask_1_3_transport_moving_07,test,E10,False,10,0.5
1,v1r_vis_s1_l3_transport_moving_07,3,transport_moving,bowl_on_plate,2713478000,v1r_vis_s1_l3_transport_moving_07_state,v1r_vis_s1_l3_transport_moving_07_points128,35,20,0.6,transport_moving,primary_task_object,precomputed_reference_mask_sequence,mask_1_3_transport_moving_07,test,E10_ORACLE_HIDDEN_GT,True,10,0.5
1,v1r_vis_s1_l3_transport_moving_07,3,transport_moving,bowl_on_plate,2713478000,v1r_vis_s1_l3_transport_moving_07_state,v1r_vis_s1_l3_transport_moving_07_points128,35,20,0.6,transport_moving,primary_task_object,precomputed_reference_mask_sequence,mask_1_3_transport_moving_07,test,E10,False,20,1.0
1,v1r_vis_s1_l3_transport_moving_07,3,transport_moving,bowl_on_plate,2713478000,v1r_vis_s1_l3_transport_moving_07_state,v1r_vis_s1_l3_transport_moving_07_points128,35,20,0.6,transport_moving,primary_task_object,precomputed_reference_mask_sequence,mask_1_3_transport_moving_07,test,E10_ORACLE_HIDDEN_GT,True,20,1.0
1,v1r_vis_s1_l3_transport_moving_08,3,transport_moving,bowl_on_plate,1589582755,v1r_vis_s1_l3_transport_moving_08_state,v1r_vis_s1_l3_transport_moving_08_points128,20,20,0.6,transport_moving,primary_task_object,precomputed_reference_mask_sequence,mask_1_3_transport_moving_08,test,E00_CLEAN,False,0,0.0
1,v1r_vis_s1_l3_transport_moving_08,3,transport_moving,bowl_on_plate,1589582755,v1r_vis_s1_l3_transport_moving_08_state,v1r_vis_s1_l3_transport_moving_08_points128,20,20,0.6,transport_moving,primary_task_object,precomputed_reference_mask_sequence,mask_1_3_transport_moving_08,test,E10,False,5,0.25
1,v1r_vis_s1_l3_transport_moving_08,3,transport_moving,bowl_on_plate,1589582755,v1r_vis_s1_l3_transport_moving_08_state,v1r_vis_s1_l3_transport_moving_08_points128,20,20,0.6,transport_moving,primary_task_object,precomputed_reference_mask_sequence,mask_1_3_transport_moving_08,test,E10_ORACLE_HIDDEN_GT,True,5,0.25
1,v1r_vis_s1_l3_transport_moving_08,3,transport_moving,bowl_on_plate,1589582755,v1r_vis_s1_l3_transport_moving_08_state,v1r_vis_s1_l3_transport_moving_08_points128,20,20,0.6,transport_moving,primary_task_object,precomputed_reference_mask_sequence,mask_1_3_transport_moving_08,test,E10,False,10,0.5
1,v1r_vis_s1_l3_transport_moving_08,3,transport_moving,bowl_on_plate,1589582755,v1r_vis_s1_l3_transport_moving_08_state,v1r_vis_s1_l3_transport_moving_08_points128,20,20,0.6,transport_moving,primary_task_object,precomputed_reference_mask_sequence,mask_1_3_transport_moving_08,test,E10_ORACLE_HIDDEN_GT,True,10,0.5
1,v1r_vis_s1_l3_transport_moving_08,3,transport_moving,bowl_on_plate,1589582755,v1r_vis_s1_l3_transport_moving_08_state,v1r_vis_s1_l3_transport_moving_08_points128,20,20,0.6,transport_moving,primary_task_object,precomputed_reference_mask_sequence,mask_1_3_transport_moving_08,test,E10,False,20,1.0
1,v1r_vis_s1_l3_transport_moving_08,3,transport_moving,bowl_on_plate,1589582755,v1r_vis_s1_l3_transport_moving_08_state,v1r_vis_s1_l3_transport_moving_08_points128,20,20,0.6,transport_moving,primary_task_object,precomputed_reference_mask_sequence,mask_1_3_transport_moving_08,test,E10_ORACLE_HIDDEN_GT,True,20,1.0
1,v1r_vis_s1_l3_transport_moving_09,3,transport_moving,bowl_on_plate,3718196822,v1r_vis_s1_l3_transport_moving_09_state,v1r_vis_s1_l3_transport_moving_09_points128,25,20,0.6,transport_moving,primary_task_object,precomputed_reference_mask_sequence,mask_1_3_transport_moving_09,test,E00_CLEAN,False,0,0.0
1,v1r_vis_s1_l3_transport_moving_09,3,transport_moving,bowl_on_plate,3718196822,v1r_vis_s1_l3_transport_moving_09_state,v1r_vis_s1_l3_transport_moving_09_points128,25,20,0.6,transport_moving,primary_task_object,precomputed_reference_mask_sequence,mask_1_3_transport_moving_09,test,E10,False,5,0.25
1,v1r_vis_s1_l3_transport_moving_09,3,transport_moving,bowl_on_plate,3718196822,v1r_vis_s1_l3_transport_moving_09_state,v1r_vis_s1_l3_transport_moving_09_points128,25,20,0.6,transport_moving,primary_task_object,precomputed_reference_mask_sequence,mask_1_3_transport_moving_09,test,E10_ORACLE_HIDDEN_GT,True,5,0.25
1,v1r_vis_s1_l3_transport_moving_09,3,transport_moving,bowl_on_plate,3718196822,v1r_vis_s1_l3_transport_moving_09_state,v1r_vis_s1_l3_transport_moving_09_points128,25,20,0.6,transport_moving,primary_task_object,precomputed_reference_mask_sequence,mask_1_3_transport_moving_09,test,E10,False,10,0.5
1,v1r_vis_s1_l3_transport_moving_09,3,transport_moving,bowl_on_plate,3718196822,v1r_vis_s1_l3_transport_moving_09_state,v1r_vis_s1_l3_transport_moving_09_points128,25,20,0.6,transport_moving,primary_task_object,precomputed_reference_mask_sequence,mask_1_3_transport_moving_09,test,E10_ORACLE_HIDDEN_GT,True,10,0.5
1,v1r_vis_s1_l3_transport_moving_09,3,transport_moving,bowl_on_plate,3718196822,v1r_vis_s1_l3_transport_moving_09_state,v1r_vis_s1_l3_transport_moving_09_points128,25,20,0.6,transport_moving,primary_task_object,precomputed_reference_mask_sequence,mask_1_3_transport_moving_09,test,E10,False,20,1.0
1,v1r_vis_s1_l3_transport_moving_09,3,transport_moving,bowl_on_plate,3718196822,v1r_vis_s1_l3_transport_moving_09_state,v1r_vis_s1_l3_transport_moving_09_points128,25,20,0.6,transport_moving,primary_task_object,precomputed_reference_mask_sequence,mask_1_3_transport_moving_09,test,E10_ORACLE_HIDDEN_GT,True,20,1.0
1,v1r_vis_s1_l4_pregrasp_static_00,4,pregrasp_static,bowl_on_plate,862097555,v1r_vis_s1_l4_pregrasp_static_00_state,v1r_vis_s1_l4_pregrasp_static_00_points128,20,20,0.6,pregrasp_static,primary_task_object,precomputed_reference_mask_sequence,mask_1_4_pregrasp_static_00,test,E00_CLEAN,False,0,0.0
1,v1r_vis_s1_l4_pregrasp_static_00,4,pregrasp_static,bowl_on_plate,862097555,v1r_vis_s1_l4_pregrasp_static_00_state,v1r_vis_s1_l4_pregrasp_static_00_points128,20,20,0.6,pregrasp_static,primary_task_object,precomputed_reference_mask_sequence,mask_1_4_pregrasp_static_00,test,E10,False,5,0.25
1,v1r_vis_s1_l4_pregrasp_static_00,4,pregrasp_static,bowl_on_plate,862097555,v1r_vis_s1_l4_pregrasp_static_00_state,v1r_vis_s1_l4_pregrasp_static_00_points128,20,20,0.6,pregrasp_static,primary_task_object,precomputed_reference_mask_sequence,mask_1_4_pregrasp_static_00,test,E10_ORACLE_HIDDEN_GT,True,5,0.25
1,v1r_vis_s1_l4_pregrasp_static_00,4,pregrasp_static,bowl_on_plate,862097555,v1r_vis_s1_l4_pregrasp_static_00_state,v1r_vis_s1_l4_pregrasp_static_00_points128,20,20,0.6,pregrasp_static,primary_task_object,precomputed_reference_mask_sequence,mask_1_4_pregrasp_static_00,test,E10,False,10,0.5
1,v1r_vis_s1_l4_pregrasp_static_00,4,pregrasp_static,bowl_on_plate,862097555,v1r_vis_s1_l4_pregrasp_static_00_state,v1r_vis_s1_l4_pregrasp_static_00_points128,20,20,0.6,pregrasp_static,primary_task_object,precomputed_reference_mask_sequence,mask_1_4_pregrasp_static_00,test,E10_ORACLE_HIDDEN_GT,True,10,0.5
1,v1r_vis_s1_l4_pregrasp_static_00,4,pregrasp_static,bowl_on_plate,862097555,v1r_vis_s1_l4_pregrasp_static_00_state,v1r_vis_s1_l4_pregrasp_static_00_points128,20,20,0.6,pregrasp_static,primary_task_object,precomputed_reference_mask_sequence,mask_1_4_pregrasp_static_00,test,E10,False,20,1.0
1,v1r_vis_s1_l4_pregrasp_static_00,4,pregrasp_static,bowl_on_plate,862097555,v1r_vis_s1_l4_pregrasp_static_00_state,v1r_vis_s1_l4_pregrasp_static_00_points128,20,20,0.6,pregrasp_static,primary_task_object,precomputed_reference_mask_sequence,mask_1_4_pregrasp_static_00,test,E10_ORACLE_HIDDEN_GT,True,20,1.0
1,v1r_vis_s1_l4_pregrasp_static_01,4,pregrasp_static,bowl_on_plate,1917279930,v1r_vis_s1_l4_pregrasp_static_01_state,v1r_vis_s1_l4_pregrasp_static_01_points128,25,20,0.6,pregrasp_static,primary_task_object,precomputed_reference_mask_sequence,mask_1_4_pregrasp_static_01,test,E00_CLEAN,False,0,0.0
1,v1r_vis_s1_l4_pregrasp_static_01,4,pregrasp_static,bowl_on_plate,1917279930,v1r_vis_s1_l4_pregrasp_static_01_state,v1r_vis_s1_l4_pregrasp_static_01_points128,25,20,0.6,pregrasp_static,primary_task_object,precomputed_reference_mask_sequence,mask_1_4_pregrasp_static_01,test,E10,False,5,0.25
1,v1r_vis_s1_l4_pregrasp_static_01,4,pregrasp_static,bowl_on_plate,1917279930,v1r_vis_s1_l4_pregrasp_static_01_state,v1r_vis_s1_l4_pregrasp_static_01_points128,25,20,0.6,pregrasp_static,primary_task_object,precomputed_reference_mask_sequence,mask_1_4_pregrasp_static_01,test,E10_ORACLE_HIDDEN_GT,True,5,0.25
1,v1r_vis_s1_l4_pregrasp_static_01,4,pregrasp_static,bowl_on_plate,1917279930,v1r_vis_s1_l4_pregrasp_static_01_state,v1r_vis_s1_l4_pregrasp_static_01_points128,25,20,0.6,pregrasp_static,primary_task_object,precomputed_reference_mask_sequence,mask_1_4_pregrasp_static_01,test,E10,False,10,0.5
1,v1r_vis_s1_l4_pregrasp_static_01,4,pregrasp_static,bowl_on_plate,1917279930,v1r_vis_s1_l4_pregrasp_static_01_state,v1r_vis_s1_l4_pregrasp_static_01_points128,25,20,0.6,pregrasp_static,primary_task_object,precomputed_reference_mask_sequence,mask_1_4_pregrasp_static_01,test,E10_ORACLE_HIDDEN_GT,True,10,0.5
1,v1r_vis_s1_l4_pregrasp_static_01,4,pregrasp_static,bowl_on_plate,1917279930,v1r_vis_s1_l4_pregrasp_static_01_state,v1r_vis_s1_l4_pregrasp_static_01_points128,25,20,0.6,pregrasp_static,primary_task_object,precomputed_reference_mask_sequence,mask_1_4_pregrasp_static_01,test,E10,False,20,1.0
1,v1r_vis_s1_l4_pregrasp_static_01,4,pregrasp_static,bowl_on_plate,1917279930,v1r_vis_s1_l4_pregrasp_static_01_state,v1r_vis_s1_l4_pregrasp_static_01_points128,25,20,0.6,pregrasp_static,primary_task_object,precomputed_reference_mask_sequence,mask_1_4_pregrasp_static_01,test,E10_ORACLE_HIDDEN_GT,True,20,1.0
1,v1r_vis_s1_l4_pregrasp_static_02,4,pregrasp_static,bowl_on_plate,551962062,v1r_vis_s1_l4_pregrasp_static_02_state,v1r_vis_s1_l4_pregrasp_static_02_points128,30,20,0.6,pregrasp_static,primary_task_object,precomputed_reference_mask_sequence,mask_1_4_pregrasp_static_02,test,E00_CLEAN,False,0,0.0
1,v1r_vis_s1_l4_pregrasp_static_02,4,pregrasp_static,bowl_on_plate,551962062,v1r_vis_s1_l4_pregrasp_static_02_state,v1r_vis_s1_l4_pregrasp_static_02_points128,30,20,0.6,pregrasp_static,primary_task_object,precomputed_reference_mask_sequence,mask_1_4_pregrasp_static_02,test,E10,False,5,0.25
1,v1r_vis_s1_l4_pregrasp_static_02,4,pregrasp_static,bowl_on_plate,551962062,v1r_vis_s1_l4_pregrasp_static_02_state,v1r_vis_s1_l4_pregrasp_static_02_points128,30,20,0.6,pregrasp_static,primary_task_object,precomputed_reference_mask_sequence,mask_1_4_pregrasp_static_02,test,E10_ORACLE_HIDDEN_GT,True,5,0.25
1,v1r_vis_s1_l4_pregrasp_static_02,4,pregrasp_static,bowl_on_plate,551962062,v1r_vis_s1_l4_pregrasp_static_02_state,v1r_vis_s1_l4_pregrasp_static_02_points128,30,20,0.6,pregrasp_static,primary_task_object,precomputed_reference_mask_sequence,mask_1_4_pregrasp_static_02,test,E10,False,10,0.5
1,v1r_vis_s1_l4_pregrasp_static_02,4,pregrasp_static,bowl_on_plate,551962062,v1r_vis_s1_l4_pregrasp_static_02_state,v1r_vis_s1_l4_pregrasp_static_02_points128,30,20,0.6,pregrasp_static,primary_task_object,precomputed_reference_mask_sequence,mask_1_4_pregrasp_static_02,test,E10_ORACLE_HIDDEN_GT,True,10,0.5
1,v1r_vis_s1_l4_pregrasp_static_02,4,pregrasp_static,bowl_on_plate,551962062,v1r_vis_s1_l4_pregrasp_static_02_state,v1r_vis_s1_l4_pregrasp_static_02_points128,30,20,0.6,pregrasp_static,primary_task_object,precomputed_reference_mask_sequence,mask_1_4_pregrasp_static_02,test,E10,False,20,1.0
1,v1r_vis_s1_l4_pregrasp_static_02,4,pregrasp_static,bowl_on_plate,551962062,v1r_vis_s1_l4_pregrasp_static_02_state,v1r_vis_s1_l4_pregrasp_static_02_points128,30,20,0.6,pregrasp_static,primary_task_object,precomputed_reference_mask_sequence,mask_1_4_pregrasp_static_02,test,E10_ORACLE_HIDDEN_GT,True,20,1.0
1,v1r_vis_s1_l4_pregrasp_static_03,4,pregrasp_static,bowl_on_plate,3852822754,v1r_vis_s1_l4_pregrasp_static_03_state,v1r_vis_s1_l4_pregrasp_static_03_points128,35,20,0.6,pregrasp_static,primary_task_object,precomputed_reference_mask_sequence,mask_1_4_pregrasp_static_03,test,E00_CLEAN,False,0,0.0
1,v1r_vis_s1_l4_pregrasp_static_03,4,pregrasp_static,bowl_on_plate,3852822754,v1r_vis_s1_l4_pregrasp_static_03_state,v1r_vis_s1_l4_pregrasp_static_03_points128,35,20,0.6,pregrasp_static,primary_task_object,precomputed_reference_mask_sequence,mask_1_4_pregrasp_static_03,test,E10,False,5,0.25
1,v1r_vis_s1_l4_pregrasp_static_03,4,pregrasp_static,bowl_on_plate,3852822754,v1r_vis_s1_l4_pregrasp_static_03_state,v1r_vis_s1_l4_pregrasp_static_03_points128,35,20,0.6,pregrasp_static,primary_task_object,precomputed_reference_mask_sequence,mask_1_4_pregrasp_static_03,test,E10_ORACLE_HIDDEN_GT,True,5,0.25
1,v1r_vis_s1_l4_pregrasp_static_03,4,pregrasp_static,bowl_on_plate,3852822754,v1r_vis_s1_l4_pregrasp_static_03_state,v1r_vis_s1_l4_pregrasp_static_03_points128,35,20,0.6,pregrasp_static,primary_task_object,precomputed_reference_mask_sequence,mask_1_4_pregrasp_static_03,test,E10,False,10,0.5
1,v1r_vis_s1_l4_pregrasp_static_03,4,pregrasp_static,bowl_on_plate,3852822754,v1r_vis_s1_l4_pregrasp_static_03_state,v1r_vis_s1_l4_pregrasp_static_03_points128,35,20,0.6,pregrasp_static,primary_task_object,precomputed_reference_mask_sequence,mask_1_4_pregrasp_static_03,test,E10_ORACLE_HIDDEN_GT,True,10,0.5
1,v1r_vis_s1_l4_pregrasp_static_03,4,pregrasp_static,bowl_on_plate,3852822754,v1r_vis_s1_l4_pregrasp_static_03_state,v1r_vis_s1_l4_pregrasp_static_03_points128,35,20,0.6,pregrasp_static,primary_task_object,precomputed_reference_mask_sequence,mask_1_4_pregrasp_static_03,test,E10,False,20,1.0
1,v1r_vis_s1_l4_pregrasp_static_03,4,pregrasp_static,bowl_on_plate,3852822754,v1r_vis_s1_l4_pregrasp_static_03_state,v1r_vis_s1_l4_pregrasp_static_03_points128,35,20,0.6,pregrasp_static,primary_task_object,precomputed_reference_mask_sequence,mask_1_4_pregrasp_static_03,test,E10_ORACLE_HIDDEN_GT,True,20,1.0
1,v1r_vis_s1_l4_pregrasp_static_04,4,pregrasp_static,bowl_on_plate,3840899794,v1r_vis_s1_l4_pregrasp_static_04_state,v1r_vis_s1_l4_pregrasp_static_04_points128,20,20,0.6,pregrasp_static,primary_task_object,precomputed_reference_mask_sequence,mask_1_4_pregrasp_static_04,test,E00_CLEAN,False,0,0.0
1,v1r_vis_s1_l4_pregrasp_static_04,4,pregrasp_static,bowl_on_plate,3840899794,v1r_vis_s1_l4_pregrasp_static_04_state,v1r_vis_s1_l4_pregrasp_static_04_points128,20,20,0.6,pregrasp_static,primary_task_object,precomputed_reference_mask_sequence,mask_1_4_pregrasp_static_04,test,E10,False,5,0.25
1,v1r_vis_s1_l4_pregrasp_static_04,4,pregrasp_static,bowl_on_plate,3840899794,v1r_vis_s1_l4_pregrasp_static_04_state,v1r_vis_s1_l4_pregrasp_static_04_points128,20,20,0.6,pregrasp_static,primary_task_object,precomputed_reference_mask_sequence,mask_1_4_pregrasp_static_04,test,E10_ORACLE_HIDDEN_GT,True,5,0.25
1,v1r_vis_s1_l4_pregrasp_static_04,4,pregrasp_static,bowl_on_plate,3840899794,v1r_vis_s1_l4_pregrasp_static_04_state,v1r_vis_s1_l4_pregrasp_static_04_points128,20,20,0.6,pregrasp_static,primary_task_object,precomputed_reference_mask_sequence,mask_1_4_pregrasp_static_04,test,E10,False,10,0.5
1,v1r_vis_s1_l4_pregrasp_static_04,4,pregrasp_static,bowl_on_plate,3840899794,v1r_vis_s1_l4_pregrasp_static_04_state,v1r_vis_s1_l4_pregrasp_static_04_points128,20,20,0.6,pregrasp_static,primary_task_object,precomputed_reference_mask_sequence,mask_1_4_pregrasp_static_04,test,E10_ORACLE_HIDDEN_GT,True,10,0.5
1,v1r_vis_s1_l4_pregrasp_static_04,4,pregrasp_static,bowl_on_plate,3840899794,v1r_vis_s1_l4_pregrasp_static_04_state,v1r_vis_s1_l4_pregrasp_static_04_points128,20,20,0.6,pregrasp_static,primary_task_object,precomputed_reference_mask_sequence,mask_1_4_pregrasp_static_04,test,E10,False,20,1.0
1,v1r_vis_s1_l4_pregrasp_static_04,4,pregrasp_static,bowl_on_plate,3840899794,v1r_vis_s1_l4_pregrasp_static_04_state,v1r_vis_s1_l4_pregrasp_static_04_points128,20,20,0.6,pregrasp_static,primary_task_object,precomputed_reference_mask_sequence,mask_1_4_pregrasp_static_04,test,E10_ORACLE_HIDDEN_GT,True,20,1.0
1,v1r_vis_s1_l4_pregrasp_static_05,4,pregrasp_static,bowl_on_plate,37867165,v1r_vis_s1_l4_pregrasp_static_05_state,v1r_vis_s1_l4_pregrasp_static_05_points128,25,20,0.6,pregrasp_static,primary_task_object,precomputed_reference_mask_sequence,mask_1_4_pregrasp_static_05,test,E00_CLEAN,False,0,0.0
1,v1r_vis_s1_l4_pregrasp_static_05,4,pregrasp_static,bowl_on_plate,37867165,v1r_vis_s1_l4_pregrasp_static_05_state,v1r_vis_s1_l4_pregrasp_static_05_points128,25,20,0.6,pregrasp_static,primary_task_object,precomputed_reference_mask_sequence,mask_1_4_pregrasp_static_05,test,E10,False,5,0.25
1,v1r_vis_s1_l4_pregrasp_static_05,4,pregrasp_static,bowl_on_plate,37867165,v1r_vis_s1_l4_pregrasp_static_05_state,v1r_vis_s1_l4_pregrasp_static_05_points128,25,20,0.6,pregrasp_static,primary_task_object,precomputed_reference_mask_sequence,mask_1_4_pregrasp_static_05,test,E10_ORACLE_HIDDEN_GT,True,5,0.25
1,v1r_vis_s1_l4_pregrasp_static_05,4,pregrasp_static,bowl_on_plate,37867165,v1r_vis_s1_l4_pregrasp_static_05_state,v1r_vis_s1_l4_pregrasp_static_05_points128,25,20,0.6,pregrasp_static,primary_task_object,precomputed_reference_mask_sequence,mask_1_4_pregrasp_static_05,test,E10,False,10,0.5
1,v1r_vis_s1_l4_pregrasp_static_05,4,pregrasp_static,bowl_on_plate,37867165,v1r_vis_s1_l4_pregrasp_static_05_state,v1r_vis_s1_l4_pregrasp_static_05_points128,25,20,0.6,pregrasp_static,primary_task_object,precomputed_reference_mask_sequence,mask_1_4_pregrasp_static_05,test,E10_ORACLE_HIDDEN_GT,True,10,0.5
1,v1r_vis_s1_l4_pregrasp_static_05,4,pregrasp_static,bowl_on_plate,37867165,v1r_vis_s1_l4_pregrasp_static_05_state,v1r_vis_s1_l4_pregrasp_static_05_points128,25,20,0.6,pregrasp_static,primary_task_object,precomputed_reference_mask_sequence,mask_1_4_pregrasp_static_05,test,E10,False,20,1.0
1,v1r_vis_s1_l4_pregrasp_static_05,4,pregrasp_static,bowl_on_plate,37867165,v1r_vis_s1_l4_pregrasp_static_05_state,v1r_vis_s1_l4_pregrasp_static_05_points128,25,20,0.6,pregrasp_static,primary_task_object,precomputed_reference_mask_sequence,mask_1_4_pregrasp_static_05,test,E10_ORACLE_HIDDEN_GT,True,20,1.0
1,v1r_vis_s1_l4_pregrasp_static_06,4,pregrasp_static,bowl_on_plate,2994802664,v1r_vis_s1_l4_pregrasp_static_06_state,v1r_vis_s1_l4_pregrasp_static_06_points128,30,20,0.6,pregrasp_static,primary_task_object,precomputed_reference_mask_sequence,mask_1_4_pregrasp_static_06,test,E00_CLEAN,False,0,0.0
1,v1r_vis_s1_l4_pregrasp_static_06,4,pregrasp_static,bowl_on_plate,2994802664,v1r_vis_s1_l4_pregrasp_static_06_state,v1r_vis_s1_l4_pregrasp_static_06_points128,30,20,0.6,pregrasp_static,primary_task_object,precomputed_reference_mask_sequence,mask_1_4_pregrasp_static_06,test,E10,False,5,0.25
1,v1r_vis_s1_l4_pregrasp_static_06,4,pregrasp_static,bowl_on_plate,2994802664,v1r_vis_s1_l4_pregrasp_static_06_state,v1r_vis_s1_l4_pregrasp_static_06_points128,30,20,0.6,pregrasp_static,primary_task_object,precomputed_reference_mask_sequence,mask_1_4_pregrasp_static_06,test,E10_ORACLE_HIDDEN_GT,True,5,0.25
1,v1r_vis_s1_l4_pregrasp_static_06,4,pregrasp_static,bowl_on_plate,2994802664,v1r_vis_s1_l4_pregrasp_static_06_state,v1r_vis_s1_l4_pregrasp_static_06_points128,30,20,0.6,pregrasp_static,primary_task_object,precomputed_reference_mask_sequence,mask_1_4_pregrasp_static_06,test,E10,False,10,0.5
1,v1r_vis_s1_l4_pregrasp_static_06,4,pregrasp_static,bowl_on_plate,2994802664,v1r_vis_s1_l4_pregrasp_static_06_state,v1r_vis_s1_l4_pregrasp_static_06_points128,30,20,0.6,pregrasp_static,primary_task_object,precomputed_reference_mask_sequence,mask_1_4_pregrasp_static_06,test,E10_ORACLE_HIDDEN_GT,True,10,0.5
1,v1r_vis_s1_l4_pregrasp_static_06,4,pregrasp_static,bowl_on_plate,2994802664,v1r_vis_s1_l4_pregrasp_static_06_state,v1r_vis_s1_l4_pregrasp_static_06_points128,30,20,0.6,pregrasp_static,primary_task_object,precomputed_reference_mask_sequence,mask_1_4_pregrasp_static_06,test,E10,False,20,1.0
1,v1r_vis_s1_l4_pregrasp_static_06,4,pregrasp_static,bowl_on_plate,2994802664,v1r_vis_s1_l4_pregrasp_static_06_state,v1r_vis_s1_l4_pregrasp_static_06_points128,30,20,0.6,pregrasp_static,primary_task_object,precomputed_reference_mask_sequence,mask_1_4_pregrasp_static_06,test,E10_ORACLE_HIDDEN_GT,True,20,1.0
1,v1r_vis_s1_l4_pregrasp_static_07,4,pregrasp_static,bowl_on_plate,3214439264,v1r_vis_s1_l4_pregrasp_static_07_state,v1r_vis_s1_l4_pregrasp_static_07_points128,35,20,0.6,pregrasp_static,primary_task_object,precomputed_reference_mask_sequence,mask_1_4_pregrasp_static_07,test,E00_CLEAN,False,0,0.0
1,v1r_vis_s1_l4_pregrasp_static_07,4,pregrasp_static,bowl_on_plate,3214439264,v1r_vis_s1_l4_pregrasp_static_07_state,v1r_vis_s1_l4_pregrasp_static_07_points128,35,20,0.6,pregrasp_static,primary_task_object,precomputed_reference_mask_sequence,mask_1_4_pregrasp_static_07,test,E10,False,5,0.25
1,v1r_vis_s1_l4_pregrasp_static_07,4,pregrasp_static,bowl_on_plate,3214439264,v1r_vis_s1_l4_pregrasp_static_07_state,v1r_vis_s1_l4_pregrasp_static_07_points128,35,20,0.6,pregrasp_static,primary_task_object,precomputed_reference_mask_sequence,mask_1_4_pregrasp_static_07,test,E10_ORACLE_HIDDEN_GT,True,5,0.25
1,v1r_vis_s1_l4_pregrasp_static_07,4,pregrasp_static,bowl_on_plate,3214439264,v1r_vis_s1_l4_pregrasp_static_07_state,v1r_vis_s1_l4_pregrasp_static_07_points128,35,20,0.6,pregrasp_static,primary_task_object,precomputed_reference_mask_sequence,mask_1_4_pregrasp_static_07,test,E10,False,10,0.5
1,v1r_vis_s1_l4_pregrasp_static_07,4,pregrasp_static,bowl_on_plate,3214439264,v1r_vis_s1_l4_pregrasp_static_07_state,v1r_vis_s1_l4_pregrasp_static_07_points128,35,20,0.6,pregrasp_static,primary_task_object,precomputed_reference_mask_sequence,mask_1_4_pregrasp_static_07,test,E10_ORACLE_HIDDEN_GT,True,10,0.5
1,v1r_vis_s1_l4_pregrasp_static_07,4,pregrasp_static,bowl_on_plate,3214439264,v1r_vis_s1_l4_pregrasp_static_07_state,v1r_vis_s1_l4_pregrasp_static_07_points128,35,20,0.6,pregrasp_static,primary_task_object,precomputed_reference_mask_sequence,mask_1_4_pregrasp_static_07,test,E10,False,20,1.0
1,v1r_vis_s1_l4_pregrasp_static_07,4,pregrasp_static,bowl_on_plate,3214439264,v1r_vis_s1_l4_pregrasp_static_07_state,v1r_vis_s1_l4_pregrasp_static_07_points128,35,20,0.6,pregrasp_static,primary_task_object,precomputed_reference_mask_sequence,mask_1_4_pregrasp_static_07,test,E10_ORACLE_HIDDEN_GT,True,20,1.0
1,v1r_vis_s1_l4_pregrasp_static_08,4,pregrasp_static,bowl_on_plate,3790704978,v1r_vis_s1_l4_pregrasp_static_08_state,v1r_vis_s1_l4_pregrasp_static_08_points128,20,20,0.6,pregrasp_static,primary_task_object,precomputed_reference_mask_sequence,mask_1_4_pregrasp_static_08,test,E00_CLEAN,False,0,0.0
1,v1r_vis_s1_l4_pregrasp_static_08,4,pregrasp_static,bowl_on_plate,3790704978,v1r_vis_s1_l4_pregrasp_static_08_state,v1r_vis_s1_l4_pregrasp_static_08_points128,20,20,0.6,pregrasp_static,primary_task_object,precomputed_reference_mask_sequence,mask_1_4_pregrasp_static_08,test,E10,False,5,0.25
1,v1r_vis_s1_l4_pregrasp_static_08,4,pregrasp_static,bowl_on_plate,3790704978,v1r_vis_s1_l4_pregrasp_static_08_state,v1r_vis_s1_l4_pregrasp_static_08_points128,20,20,0.6,pregrasp_static,primary_task_object,precomputed_reference_mask_sequence,mask_1_4_pregrasp_static_08,test,E10_ORACLE_HIDDEN_GT,True,5,0.25
1,v1r_vis_s1_l4_pregrasp_static_08,4,pregrasp_static,bowl_on_plate,3790704978,v1r_vis_s1_l4_pregrasp_static_08_state,v1r_vis_s1_l4_pregrasp_static_08_points128,20,20,0.6,pregrasp_static,primary_task_object,precomputed_reference_mask_sequence,mask_1_4_pregrasp_static_08,test,E10,False,10,0.5
1,v1r_vis_s1_l4_pregrasp_static_08,4,pregrasp_static,bowl_on_plate,3790704978,v1r_vis_s1_l4_pregrasp_static_08_state,v1r_vis_s1_l4_pregrasp_static_08_points128,20,20,0.6,pregrasp_static,primary_task_object,precomputed_reference_mask_sequence,mask_1_4_pregrasp_static_08,test,E10_ORACLE_HIDDEN_GT,True,10,0.5
1,v1r_vis_s1_l4_pregrasp_static_08,4,pregrasp_static,bowl_on_plate,3790704978,v1r_vis_s1_l4_pregrasp_static_08_state,v1r_vis_s1_l4_pregrasp_static_08_points128,20,20,0.6,pregrasp_static,primary_task_object,precomputed_reference_mask_sequence,mask_1_4_pregrasp_static_08,test,E10,False,20,1.0
1,v1r_vis_s1_l4_pregrasp_static_08,4,pregrasp_static,bowl_on_plate,3790704978,v1r_vis_s1_l4_pregrasp_static_08_state,v1r_vis_s1_l4_pregrasp_static_08_points128,20,20,0.6,pregrasp_static,primary_task_object,precomputed_reference_mask_sequence,mask_1_4_pregrasp_static_08,test,E10_ORACLE_HIDDEN_GT,True,20,1.0
1,v1r_vis_s1_l4_pregrasp_static_09,4,pregrasp_static,bowl_on_plate,4141661316,v1r_vis_s1_l4_pregrasp_static_09_state,v1r_vis_s1_l4_pregrasp_static_09_points128,25,20,0.6,pregrasp_static,primary_task_object,precomputed_reference_mask_sequence,mask_1_4_pregrasp_static_09,test,E00_CLEAN,False,0,0.0
1,v1r_vis_s1_l4_pregrasp_static_09,4,pregrasp_static,bowl_on_plate,4141661316,v1r_vis_s1_l4_pregrasp_static_09_state,v1r_vis_s1_l4_pregrasp_static_09_points128,25,20,0.6,pregrasp_static,primary_task_object,precomputed_reference_mask_sequence,mask_1_4_pregrasp_static_09,test,E10,False,5,0.25
1,v1r_vis_s1_l4_pregrasp_static_09,4,pregrasp_static,bowl_on_plate,4141661316,v1r_vis_s1_l4_pregrasp_static_09_state,v1r_vis_s1_l4_pregrasp_static_09_points128,25,20,0.6,pregrasp_static,primary_task_object,precomputed_reference_mask_sequence,mask_1_4_pregrasp_static_09,test,E10_ORACLE_HIDDEN_GT,True,5,0.25
1,v1r_vis_s1_l4_pregrasp_static_09,4,pregrasp_static,bowl_on_plate,4141661316,v1r_vis_s1_l4_pregrasp_static_09_state,v1r_vis_s1_l4_pregrasp_static_09_points128,25,20,0.6,pregrasp_static,primary_task_object,precomputed_reference_mask_sequence,mask_1_4_pregrasp_static_09,test,E10,False,10,0.5
1,v1r_vis_s1_l4_pregrasp_static_09,4,pregrasp_static,bowl_on_plate,4141661316,v1r_vis_s1_l4_pregrasp_static_09_state,v1r_vis_s1_l4_pregrasp_static_09_points128,25,20,0.6,pregrasp_static,primary_task_object,precomputed_reference_mask_sequence,mask_1_4_pregrasp_static_09,test,E10_ORACLE_HIDDEN_GT,True,10,0.5
1,v1r_vis_s1_l4_pregrasp_static_09,4,pregrasp_static,bowl_on_plate,4141661316,v1r_vis_s1_l4_pregrasp_static_09_state,v1r_vis_s1_l4_pregrasp_static_09_points128,25,20,0.6,pregrasp_static,primary_task_object,precomputed_reference_mask_sequence,mask_1_4_pregrasp_static_09,test,E10,False,20,1.0
1,v1r_vis_s1_l4_pregrasp_static_09,4,pregrasp_static,bowl_on_plate,4141661316,v1r_vis_s1_l4_pregrasp_static_09_state,v1r_vis_s1_l4_pregrasp_static_09_points128,25,20,0.6,pregrasp_static,primary_task_object,precomputed_reference_mask_sequence,mask_1_4_pregrasp_static_09,test,E10_ORACLE_HIDDEN_GT,True,20,1.0
1,v1r_vis_s1_l4_transport_moving_00,4,transport_moving,bowl_on_plate,3061364576,v1r_vis_s1_l4_transport_moving_00_state,v1r_vis_s1_l4_transport_moving_00_points128,25,20,0.6,transport_moving,primary_task_object,precomputed_reference_mask_sequence,mask_1_4_transport_moving_00,test,E00_CLEAN,False,0,0.0
1,v1r_vis_s1_l4_transport_moving_00,4,transport_moving,bowl_on_plate,3061364576,v1r_vis_s1_l4_transport_moving_00_state,v1r_vis_s1_l4_transport_moving_00_points128,25,20,0.6,transport_moving,primary_task_object,precomputed_reference_mask_sequence,mask_1_4_transport_moving_00,test,E10,False,5,0.25
1,v1r_vis_s1_l4_transport_moving_00,4,transport_moving,bowl_on_plate,3061364576,v1r_vis_s1_l4_transport_moving_00_state,v1r_vis_s1_l4_transport_moving_00_points128,25,20,0.6,transport_moving,primary_task_object,precomputed_reference_mask_sequence,mask_1_4_transport_moving_00,test,E10_ORACLE_HIDDEN_GT,True,5,0.25
1,v1r_vis_s1_l4_transport_moving_00,4,transport_moving,bowl_on_plate,3061364576,v1r_vis_s1_l4_transport_moving_00_state,v1r_vis_s1_l4_transport_moving_00_points128,25,20,0.6,transport_moving,primary_task_object,precomputed_reference_mask_sequence,mask_1_4_transport_moving_00,test,E10,False,10,0.5
1,v1r_vis_s1_l4_transport_moving_00,4,transport_moving,bowl_on_plate,3061364576,v1r_vis_s1_l4_transport_moving_00_state,v1r_vis_s1_l4_transport_moving_00_points128,25,20,0.6,transport_moving,primary_task_object,precomputed_reference_mask_sequence,mask_1_4_transport_moving_00,test,E10_ORACLE_HIDDEN_GT,True,10,0.5
1,v1r_vis_s1_l4_transport_moving_00,4,transport_moving,bowl_on_plate,3061364576,v1r_vis_s1_l4_transport_moving_00_state,v1r_vis_s1_l4_transport_moving_00_points128,25,20,0.6,transport_moving,primary_task_object,precomputed_reference_mask_sequence,mask_1_4_transport_moving_00,test,E10,False,20,1.0
1,v1r_vis_s1_l4_transport_moving_00,4,transport_moving,bowl_on_plate,3061364576,v1r_vis_s1_l4_transport_moving_00_state,v1r_vis_s1_l4_transport_moving_00_points128,25,20,0.6,transport_moving,primary_task_object,precomputed_reference_mask_sequence,mask_1_4_transport_moving_00,test,E10_ORACLE_HIDDEN_GT,True,20,1.0
1,v1r_vis_s1_l4_transport_moving_01,4,transport_moving,bowl_on_plate,2552173966,v1r_vis_s1_l4_transport_moving_01_state,v1r_vis_s1_l4_transport_moving_01_points128,30,20,0.6,transport_moving,primary_task_object,precomputed_reference_mask_sequence,mask_1_4_transport_moving_01,test,E00_CLEAN,False,0,0.0
1,v1r_vis_s1_l4_transport_moving_01,4,transport_moving,bowl_on_plate,2552173966,v1r_vis_s1_l4_transport_moving_01_state,v1r_vis_s1_l4_transport_moving_01_points128,30,20,0.6,transport_moving,primary_task_object,precomputed_reference_mask_sequence,mask_1_4_transport_moving_01,test,E10,False,5,0.25
1,v1r_vis_s1_l4_transport_moving_01,4,transport_moving,bowl_on_plate,2552173966,v1r_vis_s1_l4_transport_moving_01_state,v1r_vis_s1_l4_transport_moving_01_points128,30,20,0.6,transport_moving,primary_task_object,precomputed_reference_mask_sequence,mask_1_4_transport_moving_01,test,E10_ORACLE_HIDDEN_GT,True,5,0.25
1,v1r_vis_s1_l4_transport_moving_01,4,transport_moving,bowl_on_plate,2552173966,v1r_vis_s1_l4_transport_moving_01_state,v1r_vis_s1_l4_transport_moving_01_points128,30,20,0.6,transport_moving,primary_task_object,precomputed_reference_mask_sequence,mask_1_4_transport_moving_01,test,E10,False,10,0.5
1,v1r_vis_s1_l4_transport_moving_01,4,transport_moving,bowl_on_plate,2552173966,v1r_vis_s1_l4_transport_moving_01_state,v1r_vis_s1_l4_transport_moving_01_points128,30,20,0.6,transport_moving,primary_task_object,precomputed_reference_mask_sequence,mask_1_4_transport_moving_01,test,E10_ORACLE_HIDDEN_GT,True,10,0.5
1,v1r_vis_s1_l4_transport_moving_01,4,transport_moving,bowl_on_plate,2552173966,v1r_vis_s1_l4_transport_moving_01_state,v1r_vis_s1_l4_transport_moving_01_points128,30,20,0.6,transport_moving,primary_task_object,precomputed_reference_mask_sequence,mask_1_4_transport_moving_01,test,E10,False,20,1.0
1,v1r_vis_s1_l4_transport_moving_01,4,transport_moving,bowl_on_plate,2552173966,v1r_vis_s1_l4_transport_moving_01_state,v1r_vis_s1_l4_transport_moving_01_points128,30,20,0.6,transport_moving,primary_task_object,precomputed_reference_mask_sequence,mask_1_4_transport_moving_01,test,E10_ORACLE_HIDDEN_GT,True,20,1.0
1,v1r_vis_s1_l4_transport_moving_02,4,transport_moving,bowl_on_plate,2455280781,v1r_vis_s1_l4_transport_moving_02_state,v1r_vis_s1_l4_transport_moving_02_points128,35,20,0.6,transport_moving,primary_task_object,precomputed_reference_mask_sequence,mask_1_4_transport_moving_02,test,E00_CLEAN,False,0,0.0
1,v1r_vis_s1_l4_transport_moving_02,4,transport_moving,bowl_on_plate,2455280781,v1r_vis_s1_l4_transport_moving_02_state,v1r_vis_s1_l4_transport_moving_02_points128,35,20,0.6,transport_moving,primary_task_object,precomputed_reference_mask_sequence,mask_1_4_transport_moving_02,test,E10,False,5,0.25
1,v1r_vis_s1_l4_transport_moving_02,4,transport_moving,bowl_on_plate,2455280781,v1r_vis_s1_l4_transport_moving_02_state,v1r_vis_s1_l4_transport_moving_02_points128,35,20,0.6,transport_moving,primary_task_object,precomputed_reference_mask_sequence,mask_1_4_transport_moving_02,test,E10_ORACLE_HIDDEN_GT,True,5,0.25
1,v1r_vis_s1_l4_transport_moving_02,4,transport_moving,bowl_on_plate,2455280781,v1r_vis_s1_l4_transport_moving_02_state,v1r_vis_s1_l4_transport_moving_02_points128,35,20,0.6,transport_moving,primary_task_object,precomputed_reference_mask_sequence,mask_1_4_transport_moving_02,test,E10,False,10,0.5
1,v1r_vis_s1_l4_transport_moving_02,4,transport_moving,bowl_on_plate,2455280781,v1r_vis_s1_l4_transport_moving_02_state,v1r_vis_s1_l4_transport_moving_02_points128,35,20,0.6,transport_moving,primary_task_object,precomputed_reference_mask_sequence,mask_1_4_transport_moving_02,test,E10_ORACLE_HIDDEN_GT,True,10,0.5
1,v1r_vis_s1_l4_transport_moving_02,4,transport_moving,bowl_on_plate,2455280781,v1r_vis_s1_l4_transport_moving_02_state,v1r_vis_s1_l4_transport_moving_02_points128,35,20,0.6,transport_moving,primary_task_object,precomputed_reference_mask_sequence,mask_1_4_transport_moving_02,test,E10,False,20,1.0
1,v1r_vis_s1_l4_transport_moving_02,4,transport_moving,bowl_on_plate,2455280781,v1r_vis_s1_l4_transport_moving_02_state,v1r_vis_s1_l4_transport_moving_02_points128,35,20,0.6,transport_moving,primary_task_object,precomputed_reference_mask_sequence,mask_1_4_transport_moving_02,test,E10_ORACLE_HIDDEN_GT,True,20,1.0
1,v1r_vis_s1_l4_transport_moving_03,4,transport_moving,bowl_on_plate,358771689,v1r_vis_s1_l4_transport_moving_03_state,v1r_vis_s1_l4_transport_moving_03_points128,20,20,0.6,transport_moving,primary_task_object,precomputed_reference_mask_sequence,mask_1_4_transport_moving_03,test,E00_CLEAN,False,0,0.0
1,v1r_vis_s1_l4_transport_moving_03,4,transport_moving,bowl_on_plate,358771689,v1r_vis_s1_l4_transport_moving_03_state,v1r_vis_s1_l4_transport_moving_03_points128,20,20,0.6,transport_moving,primary_task_object,precomputed_reference_mask_sequence,mask_1_4_transport_moving_03,test,E10,False,5,0.25
1,v1r_vis_s1_l4_transport_moving_03,4,transport_moving,bowl_on_plate,358771689,v1r_vis_s1_l4_transport_moving_03_state,v1r_vis_s1_l4_transport_moving_03_points128,20,20,0.6,transport_moving,primary_task_object,precomputed_reference_mask_sequence,mask_1_4_transport_moving_03,test,E10_ORACLE_HIDDEN_GT,True,5,0.25
1,v1r_vis_s1_l4_transport_moving_03,4,transport_moving,bowl_on_plate,358771689,v1r_vis_s1_l4_transport_moving_03_state,v1r_vis_s1_l4_transport_moving_03_points128,20,20,0.6,transport_moving,primary_task_object,precomputed_reference_mask_sequence,mask_1_4_transport_moving_03,test,E10,False,10,0.5
1,v1r_vis_s1_l4_transport_moving_03,4,transport_moving,bowl_on_plate,358771689,v1r_vis_s1_l4_transport_moving_03_state,v1r_vis_s1_l4_transport_moving_03_points128,20,20,0.6,transport_moving,primary_task_object,precomputed_reference_mask_sequence,mask_1_4_transport_moving_03,test,E10_ORACLE_HIDDEN_GT,True,10,0.5
1,v1r_vis_s1_l4_transport_moving_03,4,transport_moving,bowl_on_plate,358771689,v1r_vis_s1_l4_transport_moving_03_state,v1r_vis_s1_l4_transport_moving_03_points128,20,20,0.6,transport_moving,primary_task_object,precomputed_reference_mask_sequence,mask_1_4_transport_moving_03,test,E10,False,20,1.0
1,v1r_vis_s1_l4_transport_moving_03,4,transport_moving,bowl_on_plate,358771689,v1r_vis_s1_l4_transport_moving_03_state,v1r_vis_s1_l4_transport_moving_03_points128,20,20,0.6,transport_moving,primary_task_object,precomputed_reference_mask_sequence,mask_1_4_transport_moving_03,test,E10_ORACLE_HIDDEN_GT,True,20,1.0
1,v1r_vis_s1_l4_transport_moving_04,4,transport_moving,bowl_on_plate,218551325,v1r_vis_s1_l4_transport_moving_04_state,v1r_vis_s1_l4_transport_moving_04_points128,25,20,0.6,transport_moving,primary_task_object,precomputed_reference_mask_sequence,mask_1_4_transport_moving_04,test,E00_CLEAN,False,0,0.0
1,v1r_vis_s1_l4_transport_moving_04,4,transport_moving,bowl_on_plate,218551325,v1r_vis_s1_l4_transport_moving_04_state,v1r_vis_s1_l4_transport_moving_04_points128,25,20,0.6,transport_moving,primary_task_object,precomputed_reference_mask_sequence,mask_1_4_transport_moving_04,test,E10,False,5,0.25
1,v1r_vis_s1_l4_transport_moving_04,4,transport_moving,bowl_on_plate,218551325,v1r_vis_s1_l4_transport_moving_04_state,v1r_vis_s1_l4_transport_moving_04_points128,25,20,0.6,transport_moving,primary_task_object,precomputed_reference_mask_sequence,mask_1_4_transport_moving_04,test,E10_ORACLE_HIDDEN_GT,True,5,0.25
1,v1r_vis_s1_l4_transport_moving_04,4,transport_moving,bowl_on_plate,218551325,v1r_vis_s1_l4_transport_moving_04_state,v1r_vis_s1_l4_transport_moving_04_points128,25,20,0.6,transport_moving,primary_task_object,precomputed_reference_mask_sequence,mask_1_4_transport_moving_04,test,E10,False,10,0.5
1,v1r_vis_s1_l4_transport_moving_04,4,transport_moving,bowl_on_plate,218551325,v1r_vis_s1_l4_transport_moving_04_state,v1r_vis_s1_l4_transport_moving_04_points128,25,20,0.6,transport_moving,primary_task_object,precomputed_reference_mask_sequence,mask_1_4_transport_moving_04,test,E10_ORACLE_HIDDEN_GT,True,10,0.5
1,v1r_vis_s1_l4_transport_moving_04,4,transport_moving,bowl_on_plate,218551325,v1r_vis_s1_l4_transport_moving_04_state,v1r_vis_s1_l4_transport_moving_04_points128,25,20,0.6,transport_moving,primary_task_object,precomputed_reference_mask_sequence,mask_1_4_transport_moving_04,test,E10,False,20,1.0
1,v1r_vis_s1_l4_transport_moving_04,4,transport_moving,bowl_on_plate,218551325,v1r_vis_s1_l4_transport_moving_04_state,v1r_vis_s1_l4_transport_moving_04_points128,25,20,0.6,transport_moving,primary_task_object,precomputed_reference_mask_sequence,mask_1_4_transport_moving_04,test,E10_ORACLE_HIDDEN_GT,True,20,1.0
1,v1r_vis_s1_l4_transport_moving_05,4,transport_moving,bowl_on_plate,2567143233,v1r_vis_s1_l4_transport_moving_05_state,v1r_vis_s1_l4_transport_moving_05_points128,30,20,0.6,transport_moving,primary_task_object,precomputed_reference_mask_sequence,mask_1_4_transport_moving_05,test,E00_CLEAN,False,0,0.0
1,v1r_vis_s1_l4_transport_moving_05,4,transport_moving,bowl_on_plate,2567143233,v1r_vis_s1_l4_transport_moving_05_state,v1r_vis_s1_l4_transport_moving_05_points128,30,20,0.6,transport_moving,primary_task_object,precomputed_reference_mask_sequence,mask_1_4_transport_moving_05,test,E10,False,5,0.25
1,v1r_vis_s1_l4_transport_moving_05,4,transport_moving,bowl_on_plate,2567143233,v1r_vis_s1_l4_transport_moving_05_state,v1r_vis_s1_l4_transport_moving_05_points128,30,20,0.6,transport_moving,primary_task_object,precomputed_reference_mask_sequence,mask_1_4_transport_moving_05,test,E10_ORACLE_HIDDEN_GT,True,5,0.25
1,v1r_vis_s1_l4_transport_moving_05,4,transport_moving,bowl_on_plate,2567143233,v1r_vis_s1_l4_transport_moving_05_state,v1r_vis_s1_l4_transport_moving_05_points128,30,20,0.6,transport_moving,primary_task_object,precomputed_reference_mask_sequence,mask_1_4_transport_moving_05,test,E10,False,10,0.5
1,v1r_vis_s1_l4_transport_moving_05,4,transport_moving,bowl_on_plate,2567143233,v1r_vis_s1_l4_transport_moving_05_state,v1r_vis_s1_l4_transport_moving_05_points128,30,20,0.6,transport_moving,primary_task_object,precomputed_reference_mask_sequence,mask_1_4_transport_moving_05,test,E10_ORACLE_HIDDEN_GT,True,10,0.5
1,v1r_vis_s1_l4_transport_moving_05,4,transport_moving,bowl_on_plate,2567143233,v1r_vis_s1_l4_transport_moving_05_state,v1r_vis_s1_l4_transport_moving_05_points128,30,20,0.6,transport_moving,primary_task_object,precomputed_reference_mask_sequence,mask_1_4_transport_moving_05,test,E10,False,20,1.0
1,v1r_vis_s1_l4_transport_moving_05,4,transport_moving,bowl_on_plate,2567143233,v1r_vis_s1_l4_transport_moving_05_state,v1r_vis_s1_l4_transport_moving_05_points128,30,20,0.6,transport_moving,primary_task_object,precomputed_reference_mask_sequence,mask_1_4_transport_moving_05,test,E10_ORACLE_HIDDEN_GT,True,20,1.0
1,v1r_vis_s1_l4_transport_moving_06,4,transport_moving,bowl_on_plate,2137540974,v1r_vis_s1_l4_transport_moving_06_state,v1r_vis_s1_l4_transport_moving_06_points128,35,20,0.6,transport_moving,primary_task_object,precomputed_reference_mask_sequence,mask_1_4_transport_moving_06,test,E00_CLEAN,False,0,0.0
1,v1r_vis_s1_l4_transport_moving_06,4,transport_moving,bowl_on_plate,2137540974,v1r_vis_s1_l4_transport_moving_06_state,v1r_vis_s1_l4_transport_moving_06_points128,35,20,0.6,transport_moving,primary_task_object,precomputed_reference_mask_sequence,mask_1_4_transport_moving_06,test,E10,False,5,0.25
1,v1r_vis_s1_l4_transport_moving_06,4,transport_moving,bowl_on_plate,2137540974,v1r_vis_s1_l4_transport_moving_06_state,v1r_vis_s1_l4_transport_moving_06_points128,35,20,0.6,transport_moving,primary_task_object,precomputed_reference_mask_sequence,mask_1_4_transport_moving_06,test,E10_ORACLE_HIDDEN_GT,True,5,0.25
1,v1r_vis_s1_l4_transport_moving_06,4,transport_moving,bowl_on_plate,2137540974,v1r_vis_s1_l4_transport_moving_06_state,v1r_vis_s1_l4_transport_moving_06_points128,35,20,0.6,transport_moving,primary_task_object,precomputed_reference_mask_sequence,mask_1_4_transport_moving_06,test,E10,False,10,0.5
1,v1r_vis_s1_l4_transport_moving_06,4,transport_moving,bowl_on_plate,2137540974,v1r_vis_s1_l4_transport_moving_06_state,v1r_vis_s1_l4_transport_moving_06_points128,35,20,0.6,transport_moving,primary_task_object,precomputed_reference_mask_sequence,mask_1_4_transport_moving_06,test,E10_ORACLE_HIDDEN_GT,True,10,0.5
1,v1r_vis_s1_l4_transport_moving_06,4,transport_moving,bowl_on_plate,2137540974,v1r_vis_s1_l4_transport_moving_06_state,v1r_vis_s1_l4_transport_moving_06_points128,35,20,0.6,transport_moving,primary_task_object,precomputed_reference_mask_sequence,mask_1_4_transport_moving_06,test,E10,False,20,1.0
1,v1r_vis_s1_l4_transport_moving_06,4,transport_moving,bowl_on_plate,2137540974,v1r_vis_s1_l4_transport_moving_06_state,v1r_vis_s1_l4_transport_moving_06_points128,35,20,0.6,transport_moving,primary_task_object,precomputed_reference_mask_sequence,mask_1_4_transport_moving_06,test,E10_ORACLE_HIDDEN_GT,True,20,1.0
1,v1r_vis_s1_l4_transport_moving_07,4,transport_moving,bowl_on_plate,2501091219,v1r_vis_s1_l4_transport_moving_07_state,v1r_vis_s1_l4_transport_moving_07_points128,20,20,0.6,transport_moving,primary_task_object,precomputed_reference_mask_sequence,mask_1_4_transport_moving_07,test,E00_CLEAN,False,0,0.0
1,v1r_vis_s1_l4_transport_moving_07,4,transport_moving,bowl_on_plate,2501091219,v1r_vis_s1_l4_transport_moving_07_state,v1r_vis_s1_l4_transport_moving_07_points128,20,20,0.6,transport_moving,primary_task_object,precomputed_reference_mask_sequence,mask_1_4_transport_moving_07,test,E10,False,5,0.25
1,v1r_vis_s1_l4_transport_moving_07,4,transport_moving,bowl_on_plate,2501091219,v1r_vis_s1_l4_transport_moving_07_state,v1r_vis_s1_l4_transport_moving_07_points128,20,20,0.6,transport_moving,primary_task_object,precomputed_reference_mask_sequence,mask_1_4_transport_moving_07,test,E10_ORACLE_HIDDEN_GT,True,5,0.25
1,v1r_vis_s1_l4_transport_moving_07,4,transport_moving,bowl_on_plate,2501091219,v1r_vis_s1_l4_transport_moving_07_state,v1r_vis_s1_l4_transport_moving_07_points128,20,20,0.6,transport_moving,primary_task_object,precomputed_reference_mask_sequence,mask_1_4_transport_moving_07,test,E10,False,10,0.5
1,v1r_vis_s1_l4_transport_moving_07,4,transport_moving,bowl_on_plate,2501091219,v1r_vis_s1_l4_transport_moving_07_state,v1r_vis_s1_l4_transport_moving_07_points128,20,20,0.6,transport_moving,primary_task_object,precomputed_reference_mask_sequence,mask_1_4_transport_moving_07,test,E10_ORACLE_HIDDEN_GT,True,10,0.5
1,v1r_vis_s1_l4_transport_moving_07,4,transport_moving,bowl_on_plate,2501091219,v1r_vis_s1_l4_transport_moving_07_state,v1r_vis_s1_l4_transport_moving_07_points128,20,20,0.6,transport_moving,primary_task_object,precomputed_reference_mask_sequence,mask_1_4_transport_moving_07,test,E10,False,20,1.0
1,v1r_vis_s1_l4_transport_moving_07,4,transport_moving,bowl_on_plate,2501091219,v1r_vis_s1_l4_transport_moving_07_state,v1r_vis_s1_l4_transport_moving_07_points128,20,20,0.6,transport_moving,primary_task_object,precomputed_reference_mask_sequence,mask_1_4_transport_moving_07,test,E10_ORACLE_HIDDEN_GT,True,20,1.0
1,v1r_vis_s1_l4_transport_moving_08,4,transport_moving,bowl_on_plate,1460990543,v1r_vis_s1_l4_transport_moving_08_state,v1r_vis_s1_l4_transport_moving_08_points128,25,20,0.6,transport_moving,primary_task_object,precomputed_reference_mask_sequence,mask_1_4_transport_moving_08,test,E00_CLEAN,False,0,0.0
1,v1r_vis_s1_l4_transport_moving_08,4,transport_moving,bowl_on_plate,1460990543,v1r_vis_s1_l4_transport_moving_08_state,v1r_vis_s1_l4_transport_moving_08_points128,25,20,0.6,transport_moving,primary_task_object,precomputed_reference_mask_sequence,mask_1_4_transport_moving_08,test,E10,False,5,0.25
1,v1r_vis_s1_l4_transport_moving_08,4,transport_moving,bowl_on_plate,1460990543,v1r_vis_s1_l4_transport_moving_08_state,v1r_vis_s1_l4_transport_moving_08_points128,25,20,0.6,transport_moving,primary_task_object,precomputed_reference_mask_sequence,mask_1_4_transport_moving_08,test,E10_ORACLE_HIDDEN_GT,True,5,0.25
1,v1r_vis_s1_l4_transport_moving_08,4,transport_moving,bowl_on_plate,1460990543,v1r_vis_s1_l4_transport_moving_08_state,v1r_vis_s1_l4_transport_moving_08_points128,25,20,0.6,transport_moving,primary_task_object,precomputed_reference_mask_sequence,mask_1_4_transport_moving_08,test,E10,False,10,0.5
1,v1r_vis_s1_l4_transport_moving_08,4,transport_moving,bowl_on_plate,1460990543,v1r_vis_s1_l4_transport_moving_08_state,v1r_vis_s1_l4_transport_moving_08_points128,25,20,0.6,transport_moving,primary_task_object,precomputed_reference_mask_sequence,mask_1_4_transport_moving_08,test,E10_ORACLE_HIDDEN_GT,True,10,0.5
1,v1r_vis_s1_l4_transport_moving_08,4,transport_moving,bowl_on_plate,1460990543,v1r_vis_s1_l4_transport_moving_08_state,v1r_vis_s1_l4_transport_moving_08_points128,25,20,0.6,transport_moving,primary_task_object,precomputed_reference_mask_sequence,mask_1_4_transport_moving_08,test,E10,False,20,1.0
1,v1r_vis_s1_l4_transport_moving_08,4,transport_moving,bowl_on_plate,1460990543,v1r_vis_s1_l4_transport_moving_08_state,v1r_vis_s1_l4_transport_moving_08_points128,25,20,0.6,transport_moving,primary_task_object,precomputed_reference_mask_sequence,mask_1_4_transport_moving_08,test,E10_ORACLE_HIDDEN_GT,True,20,1.0
1,v1r_vis_s1_l4_transport_moving_09,4,transport_moving,bowl_on_plate,3570384143,v1r_vis_s1_l4_transport_moving_09_state,v1r_vis_s1_l4_transport_moving_09_points128,30,20,0.6,transport_moving,primary_task_object,precomputed_reference_mask_sequence,mask_1_4_transport_moving_09,test,E00_CLEAN,False,0,0.0
1,v1r_vis_s1_l4_transport_moving_09,4,transport_moving,bowl_on_plate,3570384143,v1r_vis_s1_l4_transport_moving_09_state,v1r_vis_s1_l4_transport_moving_09_points128,30,20,0.6,transport_moving,primary_task_object,precomputed_reference_mask_sequence,mask_1_4_transport_moving_09,test,E10,False,5,0.25
1,v1r_vis_s1_l4_transport_moving_09,4,transport_moving,bowl_on_plate,3570384143,v1r_vis_s1_l4_transport_moving_09_state,v1r_vis_s1_l4_transport_moving_09_points128,30,20,0.6,transport_moving,primary_task_object,precomputed_reference_mask_sequence,mask_1_4_transport_moving_09,test,E10_ORACLE_HIDDEN_GT,True,5,0.25
1,v1r_vis_s1_l4_transport_moving_09,4,transport_moving,bowl_on_plate,3570384143,v1r_vis_s1_l4_transport_moving_09_state,v1r_vis_s1_l4_transport_moving_09_points128,30,20,0.6,transport_moving,primary_task_object,precomputed_reference_mask_sequence,mask_1_4_transport_moving_09,test,E10,False,10,0.5
1,v1r_vis_s1_l4_transport_moving_09,4,transport_moving,bowl_on_plate,3570384143,v1r_vis_s1_l4_transport_moving_09_state,v1r_vis_s1_l4_transport_moving_09_points128,30,20,0.6,transport_moving,primary_task_object,precomputed_reference_mask_sequence,mask_1_4_transport_moving_09,test,E10_ORACLE_HIDDEN_GT,True,10,0.5
1,v1r_vis_s1_l4_transport_moving_09,4,transport_moving,bowl_on_plate,3570384143,v1r_vis_s1_l4_transport_moving_09_state,v1r_vis_s1_l4_transport_moving_09_points128,30,20,0.6,transport_moving,primary_task_object,precomputed_reference_mask_sequence,mask_1_4_transport_moving_09,test,E10,False,20,1.0
1,v1r_vis_s1_l4_transport_moving_09,4,transport_moving,bowl_on_plate,3570384143,v1r_vis_s1_l4_transport_moving_09_state,v1r_vis_s1_l4_transport_moving_09_points128,30,20,0.6,transport_moving,primary_task_object,precomputed_reference_mask_sequence,mask_1_4_transport_moving_09,test,E10_ORACLE_HIDDEN_GT,True,20,1.0
2,v1r_vis_s2_l1_pregrasp_static_00,1,pregrasp_static,bowl_on_plate,2190282555,v1r_vis_s2_l1_pregrasp_static_00_state,v1r_vis_s2_l1_pregrasp_static_00_points128,25,20,0.6,pregrasp_static,primary_task_object,precomputed_reference_mask_sequence,mask_2_1_pregrasp_static_00,test,E00_CLEAN,False,0,0.0
2,v1r_vis_s2_l1_pregrasp_static_00,1,pregrasp_static,bowl_on_plate,2190282555,v1r_vis_s2_l1_pregrasp_static_00_state,v1r_vis_s2_l1_pregrasp_static_00_points128,25,20,0.6,pregrasp_static,primary_task_object,precomputed_reference_mask_sequence,mask_2_1_pregrasp_static_00,test,E10,False,5,0.25
2,v1r_vis_s2_l1_pregrasp_static_00,1,pregrasp_static,bowl_on_plate,2190282555,v1r_vis_s2_l1_pregrasp_static_00_state,v1r_vis_s2_l1_pregrasp_static_00_points128,25,20,0.6,pregrasp_static,primary_task_object,precomputed_reference_mask_sequence,mask_2_1_pregrasp_static_00,test,E10_ORACLE_HIDDEN_GT,True,5,0.25
2,v1r_vis_s2_l1_pregrasp_static_00,1,pregrasp_static,bowl_on_plate,2190282555,v1r_vis_s2_l1_pregrasp_static_00_state,v1r_vis_s2_l1_pregrasp_static_00_points128,25,20,0.6,pregrasp_static,primary_task_object,precomputed_reference_mask_sequence,mask_2_1_pregrasp_static_00,test,E10,False,10,0.5
2,v1r_vis_s2_l1_pregrasp_static_00,1,pregrasp_static,bowl_on_plate,2190282555,v1r_vis_s2_l1_pregrasp_static_00_state,v1r_vis_s2_l1_pregrasp_static_00_points128,25,20,0.6,pregrasp_static,primary_task_object,precomputed_reference_mask_sequence,mask_2_1_pregrasp_static_00,test,E10_ORACLE_HIDDEN_GT,True,10,0.5
2,v1r_vis_s2_l1_pregrasp_static_00,1,pregrasp_static,bowl_on_plate,2190282555,v1r_vis_s2_l1_pregrasp_static_00_state,v1r_vis_s2_l1_pregrasp_static_00_points128,25,20,0.6,pregrasp_static,primary_task_object,precomputed_reference_mask_sequence,mask_2_1_pregrasp_static_00,test,E10,False,20,1.0
2,v1r_vis_s2_l1_pregrasp_static_00,1,pregrasp_static,bowl_on_plate,2190282555,v1r_vis_s2_l1_pregrasp_static_00_state,v1r_vis_s2_l1_pregrasp_static_00_points128,25,20,0.6,pregrasp_static,primary_task_object,precomputed_reference_mask_sequence,mask_2_1_pregrasp_static_00,test,E10_ORACLE_HIDDEN_GT,True,20,1.0
2,v1r_vis_s2_l1_pregrasp_static_01,1,pregrasp_static,bowl_on_plate,4249836573,v1r_vis_s2_l1_pregrasp_static_01_state,v1r_vis_s2_l1_pregrasp_static_01_points128,30,20,0.6,pregrasp_static,primary_task_object,precomputed_reference_mask_sequence,mask_2_1_pregrasp_static_01,test,E00_CLEAN,False,0,0.0
2,v1r_vis_s2_l1_pregrasp_static_01,1,pregrasp_static,bowl_on_plate,4249836573,v1r_vis_s2_l1_pregrasp_static_01_state,v1r_vis_s2_l1_pregrasp_static_01_points128,30,20,0.6,pregrasp_static,primary_task_object,precomputed_reference_mask_sequence,mask_2_1_pregrasp_static_01,test,E10,False,5,0.25
2,v1r_vis_s2_l1_pregrasp_static_01,1,pregrasp_static,bowl_on_plate,4249836573,v1r_vis_s2_l1_pregrasp_static_01_state,v1r_vis_s2_l1_pregrasp_static_01_points128,30,20,0.6,pregrasp_static,primary_task_object,precomputed_reference_mask_sequence,mask_2_1_pregrasp_static_01,test,E10_ORACLE_HIDDEN_GT,True,5,0.25
2,v1r_vis_s2_l1_pregrasp_static_01,1,pregrasp_static,bowl_on_plate,4249836573,v1r_vis_s2_l1_pregrasp_static_01_state,v1r_vis_s2_l1_pregrasp_static_01_points128,30,20,0.6,pregrasp_static,primary_task_object,precomputed_reference_mask_sequence,mask_2_1_pregrasp_static_01,test,E10,False,10,0.5
2,v1r_vis_s2_l1_pregrasp_static_01,1,pregrasp_static,bowl_on_plate,4249836573,v1r_vis_s2_l1_pregrasp_static_01_state,v1r_vis_s2_l1_pregrasp_static_01_points128,30,20,0.6,pregrasp_static,primary_task_object,precomputed_reference_mask_sequence,mask_2_1_pregrasp_static_01,test,E10_ORACLE_HIDDEN_GT,True,10,0.5
2,v1r_vis_s2_l1_pregrasp_static_01,1,pregrasp_static,bowl_on_plate,4249836573,v1r_vis_s2_l1_pregrasp_static_01_state,v1r_vis_s2_l1_pregrasp_static_01_points128,30,20,0.6,pregrasp_static,primary_task_object,precomputed_reference_mask_sequence,mask_2_1_pregrasp_static_01,test,E10,False,20,1.0
2,v1r_vis_s2_l1_pregrasp_static_01,1,pregrasp_static,bowl_on_plate,4249836573,v1r_vis_s2_l1_pregrasp_static_01_state,v1r_vis_s2_l1_pregrasp_static_01_points128,30,20,0.6,pregrasp_static,primary_task_object,precomputed_reference_mask_sequence,mask_2_1_pregrasp_static_01,test,E10_ORACLE_HIDDEN_GT,True,20,1.0
2,v1r_vis_s2_l1_pregrasp_static_02,1,pregrasp_static,bowl_on_plate,2433744141,v1r_vis_s2_l1_pregrasp_static_02_state,v1r_vis_s2_l1_pregrasp_static_02_points128,35,20,0.6,pregrasp_static,primary_task_object,precomputed_reference_mask_sequence,mask_2_1_pregrasp_static_02,test,E00_CLEAN,False,0,0.0
2,v1r_vis_s2_l1_pregrasp_static_02,1,pregrasp_static,bowl_on_plate,2433744141,v1r_vis_s2_l1_pregrasp_static_02_state,v1r_vis_s2_l1_pregrasp_static_02_points128,35,20,0.6,pregrasp_static,primary_task_object,precomputed_reference_mask_sequence,mask_2_1_pregrasp_static_02,test,E10,False,5,0.25
2,v1r_vis_s2_l1_pregrasp_static_02,1,pregrasp_static,bowl_on_plate,2433744141,v1r_vis_s2_l1_pregrasp_static_02_state,v1r_vis_s2_l1_pregrasp_static_02_points128,35,20,0.6,pregrasp_static,primary_task_object,precomputed_reference_mask_sequence,mask_2_1_pregrasp_static_02,test,E10_ORACLE_HIDDEN_GT,True,5,0.25
2,v1r_vis_s2_l1_pregrasp_static_02,1,pregrasp_static,bowl_on_plate,2433744141,v1r_vis_s2_l1_pregrasp_static_02_state,v1r_vis_s2_l1_pregrasp_static_02_points128,35,20,0.6,pregrasp_static,primary_task_object,precomputed_reference_mask_sequence,mask_2_1_pregrasp_static_02,test,E10,False,10,0.5
2,v1r_vis_s2_l1_pregrasp_static_02,1,pregrasp_static,bowl_on_plate,2433744141,v1r_vis_s2_l1_pregrasp_static_02_state,v1r_vis_s2_l1_pregrasp_static_02_points128,35,20,0.6,pregrasp_static,primary_task_object,precomputed_reference_mask_sequence,mask_2_1_pregrasp_static_02,test,E10_ORACLE_HIDDEN_GT,True,10,0.5
2,v1r_vis_s2_l1_pregrasp_static_02,1,pregrasp_static,bowl_on_plate,2433744141,v1r_vis_s2_l1_pregrasp_static_02_state,v1r_vis_s2_l1_pregrasp_static_02_points128,35,20,0.6,pregrasp_static,primary_task_object,precomputed_reference_mask_sequence,mask_2_1_pregrasp_static_02,test,E10,False,20,1.0
2,v1r_vis_s2_l1_pregrasp_static_02,1,pregrasp_static,bowl_on_plate,2433744141,v1r_vis_s2_l1_pregrasp_static_02_state,v1r_vis_s2_l1_pregrasp_static_02_points128,35,20,0.6,pregrasp_static,primary_task_object,precomputed_reference_mask_sequence,mask_2_1_pregrasp_static_02,test,E10_ORACLE_HIDDEN_GT,True,20,1.0
2,v1r_vis_s2_l1_pregrasp_static_03,1,pregrasp_static,bowl_on_plate,3480247771,v1r_vis_s2_l1_pregrasp_static_03_state,v1r_vis_s2_l1_pregrasp_static_03_points128,20,20,0.6,pregrasp_static,primary_task_object,precomputed_reference_mask_sequence,mask_2_1_pregrasp_static_03,test,E00_CLEAN,False,0,0.0
2,v1r_vis_s2_l1_pregrasp_static_03,1,pregrasp_static,bowl_on_plate,3480247771,v1r_vis_s2_l1_pregrasp_static_03_state,v1r_vis_s2_l1_pregrasp_static_03_points128,20,20,0.6,pregrasp_static,primary_task_object,precomputed_reference_mask_sequence,mask_2_1_pregrasp_static_03,test,E10,False,5,0.25
2,v1r_vis_s2_l1_pregrasp_static_03,1,pregrasp_static,bowl_on_plate,3480247771,v1r_vis_s2_l1_pregrasp_static_03_state,v1r_vis_s2_l1_pregrasp_static_03_points128,20,20,0.6,pregrasp_static,primary_task_object,precomputed_reference_mask_sequence,mask_2_1_pregrasp_static_03,test,E10_ORACLE_HIDDEN_GT,True,5,0.25
2,v1r_vis_s2_l1_pregrasp_static_03,1,pregrasp_static,bowl_on_plate,3480247771,v1r_vis_s2_l1_pregrasp_static_03_state,v1r_vis_s2_l1_pregrasp_static_03_points128,20,20,0.6,pregrasp_static,primary_task_object,precomputed_reference_mask_sequence,mask_2_1_pregrasp_static_03,test,E10,False,10,0.5
2,v1r_vis_s2_l1_pregrasp_static_03,1,pregrasp_static,bowl_on_plate,3480247771,v1r_vis_s2_l1_pregrasp_static_03_state,v1r_vis_s2_l1_pregrasp_static_03_points128,20,20,0.6,pregrasp_static,primary_task_object,precomputed_reference_mask_sequence,mask_2_1_pregrasp_static_03,test,E10_ORACLE_HIDDEN_GT,True,10,0.5
2,v1r_vis_s2_l1_pregrasp_static_03,1,pregrasp_static,bowl_on_plate,3480247771,v1r_vis_s2_l1_pregrasp_static_03_state,v1r_vis_s2_l1_pregrasp_static_03_points128,20,20,0.6,pregrasp_static,primary_task_object,precomputed_reference_mask_sequence,mask_2_1_pregrasp_static_03,test,E10,False,20,1.0
2,v1r_vis_s2_l1_pregrasp_static_03,1,pregrasp_static,bowl_on_plate,3480247771,v1r_vis_s2_l1_pregrasp_static_03_state,v1r_vis_s2_l1_pregrasp_static_03_points128,20,20,0.6,pregrasp_static,primary_task_object,precomputed_reference_mask_sequence,mask_2_1_pregrasp_static_03,test,E10_ORACLE_HIDDEN_GT,True,20,1.0
2,v1r_vis_s2_l1_pregrasp_static_04,1,pregrasp_static,bowl_on_plate,2805796579,v1r_vis_s2_l1_pregrasp_static_04_state,v1r_vis_s2_l1_pregrasp_static_04_points128,25,20,0.6,pregrasp_static,primary_task_object,precomputed_reference_mask_sequence,mask_2_1_pregrasp_static_04,test,E00_CLEAN,False,0,0.0
2,v1r_vis_s2_l1_pregrasp_static_04,1,pregrasp_static,bowl_on_plate,2805796579,v1r_vis_s2_l1_pregrasp_static_04_state,v1r_vis_s2_l1_pregrasp_static_04_points128,25,20,0.6,pregrasp_static,primary_task_object,precomputed_reference_mask_sequence,mask_2_1_pregrasp_static_04,test,E10,False,5,0.25
2,v1r_vis_s2_l1_pregrasp_static_04,1,pregrasp_static,bowl_on_plate,2805796579,v1r_vis_s2_l1_pregrasp_static_04_state,v1r_vis_s2_l1_pregrasp_static_04_points128,25,20,0.6,pregrasp_static,primary_task_object,precomputed_reference_mask_sequence,mask_2_1_pregrasp_static_04,test,E10_ORACLE_HIDDEN_GT,True,5,0.25
2,v1r_vis_s2_l1_pregrasp_static_04,1,pregrasp_static,bowl_on_plate,2805796579,v1r_vis_s2_l1_pregrasp_static_04_state,v1r_vis_s2_l1_pregrasp_static_04_points128,25,20,0.6,pregrasp_static,primary_task_object,precomputed_reference_mask_sequence,mask_2_1_pregrasp_static_04,test,E10,False,10,0.5
2,v1r_vis_s2_l1_pregrasp_static_04,1,pregrasp_static,bowl_on_plate,2805796579,v1r_vis_s2_l1_pregrasp_static_04_state,v1r_vis_s2_l1_pregrasp_static_04_points128,25,20,0.6,pregrasp_static,primary_task_object,precomputed_reference_mask_sequence,mask_2_1_pregrasp_static_04,test,E10_ORACLE_HIDDEN_GT,True,10,0.5
2,v1r_vis_s2_l1_pregrasp_static_04,1,pregrasp_static,bowl_on_plate,2805796579,v1r_vis_s2_l1_pregrasp_static_04_state,v1r_vis_s2_l1_pregrasp_static_04_points128,25,20,0.6,pregrasp_static,primary_task_object,precomputed_reference_mask_sequence,mask_2_1_pregrasp_static_04,test,E10,False,20,1.0
2,v1r_vis_s2_l1_pregrasp_static_04,1,pregrasp_static,bowl_on_plate,2805796579,v1r_vis_s2_l1_pregrasp_static_04_state,v1r_vis_s2_l1_pregrasp_static_04_points128,25,20,0.6,pregrasp_static,primary_task_object,precomputed_reference_mask_sequence,mask_2_1_pregrasp_static_04,test,E10_ORACLE_HIDDEN_GT,True,20,1.0
2,v1r_vis_s2_l1_pregrasp_static_05,1,pregrasp_static,bowl_on_plate,2923968529,v1r_vis_s2_l1_pregrasp_static_05_state,v1r_vis_s2_l1_pregrasp_static_05_points128,30,20,0.6,pregrasp_static,primary_task_object,precomputed_reference_mask_sequence,mask_2_1_pregrasp_static_05,test,E00_CLEAN,False,0,0.0
2,v1r_vis_s2_l1_pregrasp_static_05,1,pregrasp_static,bowl_on_plate,2923968529,v1r_vis_s2_l1_pregrasp_static_05_state,v1r_vis_s2_l1_pregrasp_static_05_points128,30,20,0.6,pregrasp_static,primary_task_object,precomputed_reference_mask_sequence,mask_2_1_pregrasp_static_05,test,E10,False,5,0.25
2,v1r_vis_s2_l1_pregrasp_static_05,1,pregrasp_static,bowl_on_plate,2923968529,v1r_vis_s2_l1_pregrasp_static_05_state,v1r_vis_s2_l1_pregrasp_static_05_points128,30,20,0.6,pregrasp_static,primary_task_object,precomputed_reference_mask_sequence,mask_2_1_pregrasp_static_05,test,E10_ORACLE_HIDDEN_GT,True,5,0.25
2,v1r_vis_s2_l1_pregrasp_static_05,1,pregrasp_static,bowl_on_plate,2923968529,v1r_vis_s2_l1_pregrasp_static_05_state,v1r_vis_s2_l1_pregrasp_static_05_points128,30,20,0.6,pregrasp_static,primary_task_object,precomputed_reference_mask_sequence,mask_2_1_pregrasp_static_05,test,E10,False,10,0.5
2,v1r_vis_s2_l1_pregrasp_static_05,1,pregrasp_static,bowl_on_plate,2923968529,v1r_vis_s2_l1_pregrasp_static_05_state,v1r_vis_s2_l1_pregrasp_static_05_points128,30,20,0.6,pregrasp_static,primary_task_object,precomputed_reference_mask_sequence,mask_2_1_pregrasp_static_05,test,E10_ORACLE_HIDDEN_GT,True,10,0.5
2,v1r_vis_s2_l1_pregrasp_static_05,1,pregrasp_static,bowl_on_plate,2923968529,v1r_vis_s2_l1_pregrasp_static_05_state,v1r_vis_s2_l1_pregrasp_static_05_points128,30,20,0.6,pregrasp_static,primary_task_object,precomputed_reference_mask_sequence,mask_2_1_pregrasp_static_05,test,E10,False,20,1.0
2,v1r_vis_s2_l1_pregrasp_static_05,1,pregrasp_static,bowl_on_plate,2923968529,v1r_vis_s2_l1_pregrasp_static_05_state,v1r_vis_s2_l1_pregrasp_static_05_points128,30,20,0.6,pregrasp_static,primary_task_object,precomputed_reference_mask_sequence,mask_2_1_pregrasp_static_05,test,E10_ORACLE_HIDDEN_GT,True,20,1.0
2,v1r_vis_s2_l1_pregrasp_static_06,1,pregrasp_static,bowl_on_plate,400724630,v1r_vis_s2_l1_pregrasp_static_06_state,v1r_vis_s2_l1_pregrasp_static_06_points128,35,20,0.6,pregrasp_static,primary_task_object,precomputed_reference_mask_sequence,mask_2_1_pregrasp_static_06,test,E00_CLEAN,False,0,0.0
2,v1r_vis_s2_l1_pregrasp_static_06,1,pregrasp_static,bowl_on_plate,400724630,v1r_vis_s2_l1_pregrasp_static_06_state,v1r_vis_s2_l1_pregrasp_static_06_points128,35,20,0.6,pregrasp_static,primary_task_object,precomputed_reference_mask_sequence,mask_2_1_pregrasp_static_06,test,E10,False,5,0.25
2,v1r_vis_s2_l1_pregrasp_static_06,1,pregrasp_static,bowl_on_plate,400724630,v1r_vis_s2_l1_pregrasp_static_06_state,v1r_vis_s2_l1_pregrasp_static_06_points128,35,20,0.6,pregrasp_static,primary_task_object,precomputed_reference_mask_sequence,mask_2_1_pregrasp_static_06,test,E10_ORACLE_HIDDEN_GT,True,5,0.25
2,v1r_vis_s2_l1_pregrasp_static_06,1,pregrasp_static,bowl_on_plate,400724630,v1r_vis_s2_l1_pregrasp_static_06_state,v1r_vis_s2_l1_pregrasp_static_06_points128,35,20,0.6,pregrasp_static,primary_task_object,precomputed_reference_mask_sequence,mask_2_1_pregrasp_static_06,test,E10,False,10,0.5
2,v1r_vis_s2_l1_pregrasp_static_06,1,pregrasp_static,bowl_on_plate,400724630,v1r_vis_s2_l1_pregrasp_static_06_state,v1r_vis_s2_l1_pregrasp_static_06_points128,35,20,0.6,pregrasp_static,primary_task_object,precomputed_reference_mask_sequence,mask_2_1_pregrasp_static_06,test,E10_ORACLE_HIDDEN_GT,True,10,0.5
2,v1r_vis_s2_l1_pregrasp_static_06,1,pregrasp_static,bowl_on_plate,400724630,v1r_vis_s2_l1_pregrasp_static_06_state,v1r_vis_s2_l1_pregrasp_static_06_points128,35,20,0.6,pregrasp_static,primary_task_object,precomputed_reference_mask_sequence,mask_2_1_pregrasp_static_06,test,E10,False,20,1.0
2,v1r_vis_s2_l1_pregrasp_static_06,1,pregrasp_static,bowl_on_plate,400724630,v1r_vis_s2_l1_pregrasp_static_06_state,v1r_vis_s2_l1_pregrasp_static_06_points128,35,20,0.6,pregrasp_static,primary_task_object,precomputed_reference_mask_sequence,mask_2_1_pregrasp_static_06,test,E10_ORACLE_HIDDEN_GT,True,20,1.0
2,v1r_vis_s2_l1_pregrasp_static_07,1,pregrasp_static,bowl_on_plate,579400267,v1r_vis_s2_l1_pregrasp_static_07_state,v1r_vis_s2_l1_pregrasp_static_07_points128,20,20,0.6,pregrasp_static,primary_task_object,precomputed_reference_mask_sequence,mask_2_1_pregrasp_static_07,test,E00_CLEAN,False,0,0.0
2,v1r_vis_s2_l1_pregrasp_static_07,1,pregrasp_static,bowl_on_plate,579400267,v1r_vis_s2_l1_pregrasp_static_07_state,v1r_vis_s2_l1_pregrasp_static_07_points128,20,20,0.6,pregrasp_static,primary_task_object,precomputed_reference_mask_sequence,mask_2_1_pregrasp_static_07,test,E10,False,5,0.25
2,v1r_vis_s2_l1_pregrasp_static_07,1,pregrasp_static,bowl_on_plate,579400267,v1r_vis_s2_l1_pregrasp_static_07_state,v1r_vis_s2_l1_pregrasp_static_07_points128,20,20,0.6,pregrasp_static,primary_task_object,precomputed_reference_mask_sequence,mask_2_1_pregrasp_static_07,test,E10_ORACLE_HIDDEN_GT,True,5,0.25
2,v1r_vis_s2_l1_pregrasp_static_07,1,pregrasp_static,bowl_on_plate,579400267,v1r_vis_s2_l1_pregrasp_static_07_state,v1r_vis_s2_l1_pregrasp_static_07_points128,20,20,0.6,pregrasp_static,primary_task_object,precomputed_reference_mask_sequence,mask_2_1_pregrasp_static_07,test,E10,False,10,0.5
2,v1r_vis_s2_l1_pregrasp_static_07,1,pregrasp_static,bowl_on_plate,579400267,v1r_vis_s2_l1_pregrasp_static_07_state,v1r_vis_s2_l1_pregrasp_static_07_points128,20,20,0.6,pregrasp_static,primary_task_object,precomputed_reference_mask_sequence,mask_2_1_pregrasp_static_07,test,E10_ORACLE_HIDDEN_GT,True,10,0.5
2,v1r_vis_s2_l1_pregrasp_static_07,1,pregrasp_static,bowl_on_plate,579400267,v1r_vis_s2_l1_pregrasp_static_07_state,v1r_vis_s2_l1_pregrasp_static_07_points128,20,20,0.6,pregrasp_static,primary_task_object,precomputed_reference_mask_sequence,mask_2_1_pregrasp_static_07,test,E10,False,20,1.0
2,v1r_vis_s2_l1_pregrasp_static_07,1,pregrasp_static,bowl_on_plate,579400267,v1r_vis_s2_l1_pregrasp_static_07_state,v1r_vis_s2_l1_pregrasp_static_07_points128,20,20,0.6,pregrasp_static,primary_task_object,precomputed_reference_mask_sequence,mask_2_1_pregrasp_static_07,test,E10_ORACLE_HIDDEN_GT,True,20,1.0
2,v1r_vis_s2_l1_pregrasp_static_08,1,pregrasp_static,bowl_on_plate,509293952,v1r_vis_s2_l1_pregrasp_static_08_state,v1r_vis_s2_l1_pregrasp_static_08_points128,25,20,0.6,pregrasp_static,primary_task_object,precomputed_reference_mask_sequence,mask_2_1_pregrasp_static_08,test,E00_CLEAN,False,0,0.0
2,v1r_vis_s2_l1_pregrasp_static_08,1,pregrasp_static,bowl_on_plate,509293952,v1r_vis_s2_l1_pregrasp_static_08_state,v1r_vis_s2_l1_pregrasp_static_08_points128,25,20,0.6,pregrasp_static,primary_task_object,precomputed_reference_mask_sequence,mask_2_1_pregrasp_static_08,test,E10,False,5,0.25
2,v1r_vis_s2_l1_pregrasp_static_08,1,pregrasp_static,bowl_on_plate,509293952,v1r_vis_s2_l1_pregrasp_static_08_state,v1r_vis_s2_l1_pregrasp_static_08_points128,25,20,0.6,pregrasp_static,primary_task_object,precomputed_reference_mask_sequence,mask_2_1_pregrasp_static_08,test,E10_ORACLE_HIDDEN_GT,True,5,0.25
2,v1r_vis_s2_l1_pregrasp_static_08,1,pregrasp_static,bowl_on_plate,509293952,v1r_vis_s2_l1_pregrasp_static_08_state,v1r_vis_s2_l1_pregrasp_static_08_points128,25,20,0.6,pregrasp_static,primary_task_object,precomputed_reference_mask_sequence,mask_2_1_pregrasp_static_08,test,E10,False,10,0.5
2,v1r_vis_s2_l1_pregrasp_static_08,1,pregrasp_static,bowl_on_plate,509293952,v1r_vis_s2_l1_pregrasp_static_08_state,v1r_vis_s2_l1_pregrasp_static_08_points128,25,20,0.6,pregrasp_static,primary_task_object,precomputed_reference_mask_sequence,mask_2_1_pregrasp_static_08,test,E10_ORACLE_HIDDEN_GT,True,10,0.5
2,v1r_vis_s2_l1_pregrasp_static_08,1,pregrasp_static,bowl_on_plate,509293952,v1r_vis_s2_l1_pregrasp_static_08_state,v1r_vis_s2_l1_pregrasp_static_08_points128,25,20,0.6,pregrasp_static,primary_task_object,precomputed_reference_mask_sequence,mask_2_1_pregrasp_static_08,test,E10,False,20,1.0
2,v1r_vis_s2_l1_pregrasp_static_08,1,pregrasp_static,bowl_on_plate,509293952,v1r_vis_s2_l1_pregrasp_static_08_state,v1r_vis_s2_l1_pregrasp_static_08_points128,25,20,0.6,pregrasp_static,primary_task_object,precomputed_reference_mask_sequence,mask_2_1_pregrasp_static_08,test,E10_ORACLE_HIDDEN_GT,True,20,1.0
2,v1r_vis_s2_l1_pregrasp_static_09,1,pregrasp_static,bowl_on_plate,1959053988,v1r_vis_s2_l1_pregrasp_static_09_state,v1r_vis_s2_l1_pregrasp_static_09_points128,30,20,0.6,pregrasp_static,primary_task_object,precomputed_reference_mask_sequence,mask_2_1_pregrasp_static_09,test,E00_CLEAN,False,0,0.0
2,v1r_vis_s2_l1_pregrasp_static_09,1,pregrasp_static,bowl_on_plate,1959053988,v1r_vis_s2_l1_pregrasp_static_09_state,v1r_vis_s2_l1_pregrasp_static_09_points128,30,20,0.6,pregrasp_static,primary_task_object,precomputed_reference_mask_sequence,mask_2_1_pregrasp_static_09,test,E10,False,5,0.25
2,v1r_vis_s2_l1_pregrasp_static_09,1,pregrasp_static,bowl_on_plate,1959053988,v1r_vis_s2_l1_pregrasp_static_09_state,v1r_vis_s2_l1_pregrasp_static_09_points128,30,20,0.6,pregrasp_static,primary_task_object,precomputed_reference_mask_sequence,mask_2_1_pregrasp_static_09,test,E10_ORACLE_HIDDEN_GT,True,5,0.25
2,v1r_vis_s2_l1_pregrasp_static_09,1,pregrasp_static,bowl_on_plate,1959053988,v1r_vis_s2_l1_pregrasp_static_09_state,v1r_vis_s2_l1_pregrasp_static_09_points128,30,20,0.6,pregrasp_static,primary_task_object,precomputed_reference_mask_sequence,mask_2_1_pregrasp_static_09,test,E10,False,10,0.5
2,v1r_vis_s2_l1_pregrasp_static_09,1,pregrasp_static,bowl_on_plate,1959053988,v1r_vis_s2_l1_pregrasp_static_09_state,v1r_vis_s2_l1_pregrasp_static_09_points128,30,20,0.6,pregrasp_static,primary_task_object,precomputed_reference_mask_sequence,mask_2_1_pregrasp_static_09,test,E10_ORACLE_HIDDEN_GT,True,10,0.5
2,v1r_vis_s2_l1_pregrasp_static_09,1,pregrasp_static,bowl_on_plate,1959053988,v1r_vis_s2_l1_pregrasp_static_09_state,v1r_vis_s2_l1_pregrasp_static_09_points128,30,20,0.6,pregrasp_static,primary_task_object,precomputed_reference_mask_sequence,mask_2_1_pregrasp_static_09,test,E10,False,20,1.0
2,v1r_vis_s2_l1_pregrasp_static_09,1,pregrasp_static,bowl_on_plate,1959053988,v1r_vis_s2_l1_pregrasp_static_09_state,v1r_vis_s2_l1_pregrasp_static_09_points128,30,20,0.6,pregrasp_static,primary_task_object,precomputed_reference_mask_sequence,mask_2_1_pregrasp_static_09,test,E10_ORACLE_HIDDEN_GT,True,20,1.0
2,v1r_vis_s2_l1_transport_moving_00,1,transport_moving,bowl_on_plate,2977775781,v1r_vis_s2_l1_transport_moving_00_state,v1r_vis_s2_l1_transport_moving_00_points128,30,20,0.6,transport_moving,primary_task_object,precomputed_reference_mask_sequence,mask_2_1_transport_moving_00,test,E00_CLEAN,False,0,0.0
2,v1r_vis_s2_l1_transport_moving_00,1,transport_moving,bowl_on_plate,2977775781,v1r_vis_s2_l1_transport_moving_00_state,v1r_vis_s2_l1_transport_moving_00_points128,30,20,0.6,transport_moving,primary_task_object,precomputed_reference_mask_sequence,mask_2_1_transport_moving_00,test,E10,False,5,0.25
2,v1r_vis_s2_l1_transport_moving_00,1,transport_moving,bowl_on_plate,2977775781,v1r_vis_s2_l1_transport_moving_00_state,v1r_vis_s2_l1_transport_moving_00_points128,30,20,0.6,transport_moving,primary_task_object,precomputed_reference_mask_sequence,mask_2_1_transport_moving_00,test,E10_ORACLE_HIDDEN_GT,True,5,0.25
2,v1r_vis_s2_l1_transport_moving_00,1,transport_moving,bowl_on_plate,2977775781,v1r_vis_s2_l1_transport_moving_00_state,v1r_vis_s2_l1_transport_moving_00_points128,30,20,0.6,transport_moving,primary_task_object,precomputed_reference_mask_sequence,mask_2_1_transport_moving_00,test,E10,False,10,0.5
2,v1r_vis_s2_l1_transport_moving_00,1,transport_moving,bowl_on_plate,2977775781,v1r_vis_s2_l1_transport_moving_00_state,v1r_vis_s2_l1_transport_moving_00_points128,30,20,0.6,transport_moving,primary_task_object,precomputed_reference_mask_sequence,mask_2_1_transport_moving_00,test,E10_ORACLE_HIDDEN_GT,True,10,0.5
2,v1r_vis_s2_l1_transport_moving_00,1,transport_moving,bowl_on_plate,2977775781,v1r_vis_s2_l1_transport_moving_00_state,v1r_vis_s2_l1_transport_moving_00_points128,30,20,0.6,transport_moving,primary_task_object,precomputed_reference_mask_sequence,mask_2_1_transport_moving_00,test,E10,False,20,1.0
2,v1r_vis_s2_l1_transport_moving_00,1,transport_moving,bowl_on_plate,2977775781,v1r_vis_s2_l1_transport_moving_00_state,v1r_vis_s2_l1_transport_moving_00_points128,30,20,0.6,transport_moving,primary_task_object,precomputed_reference_mask_sequence,mask_2_1_transport_moving_00,test,E10_ORACLE_HIDDEN_GT,True,20,1.0
2,v1r_vis_s2_l1_transport_moving_01,1,transport_moving,bowl_on_plate,3926231359,v1r_vis_s2_l1_transport_moving_01_state,v1r_vis_s2_l1_transport_moving_01_points128,35,20,0.6,transport_moving,primary_task_object,precomputed_reference_mask_sequence,mask_2_1_transport_moving_01,test,E00_CLEAN,False,0,0.0
2,v1r_vis_s2_l1_transport_moving_01,1,transport_moving,bowl_on_plate,3926231359,v1r_vis_s2_l1_transport_moving_01_state,v1r_vis_s2_l1_transport_moving_01_points128,35,20,0.6,transport_moving,primary_task_object,precomputed_reference_mask_sequence,mask_2_1_transport_moving_01,test,E10,False,5,0.25
2,v1r_vis_s2_l1_transport_moving_01,1,transport_moving,bowl_on_plate,3926231359,v1r_vis_s2_l1_transport_moving_01_state,v1r_vis_s2_l1_transport_moving_01_points128,35,20,0.6,transport_moving,primary_task_object,precomputed_reference_mask_sequence,mask_2_1_transport_moving_01,test,E10_ORACLE_HIDDEN_GT,True,5,0.25
2,v1r_vis_s2_l1_transport_moving_01,1,transport_moving,bowl_on_plate,3926231359,v1r_vis_s2_l1_transport_moving_01_state,v1r_vis_s2_l1_transport_moving_01_points128,35,20,0.6,transport_moving,primary_task_object,precomputed_reference_mask_sequence,mask_2_1_transport_moving_01,test,E10,False,10,0.5
2,v1r_vis_s2_l1_transport_moving_01,1,transport_moving,bowl_on_plate,3926231359,v1r_vis_s2_l1_transport_moving_01_state,v1r_vis_s2_l1_transport_moving_01_points128,35,20,0.6,transport_moving,primary_task_object,precomputed_reference_mask_sequence,mask_2_1_transport_moving_01,test,E10_ORACLE_HIDDEN_GT,True,10,0.5
2,v1r_vis_s2_l1_transport_moving_01,1,transport_moving,bowl_on_plate,3926231359,v1r_vis_s2_l1_transport_moving_01_state,v1r_vis_s2_l1_transport_moving_01_points128,35,20,0.6,transport_moving,primary_task_object,precomputed_reference_mask_sequence,mask_2_1_transport_moving_01,test,E10,False,20,1.0
2,v1r_vis_s2_l1_transport_moving_01,1,transport_moving,bowl_on_plate,3926231359,v1r_vis_s2_l1_transport_moving_01_state,v1r_vis_s2_l1_transport_moving_01_points128,35,20,0.6,transport_moving,primary_task_object,precomputed_reference_mask_sequence,mask_2_1_transport_moving_01,test,E10_ORACLE_HIDDEN_GT,True,20,1.0
2,v1r_vis_s2_l1_transport_moving_02,1,transport_moving,bowl_on_plate,1984326127,v1r_vis_s2_l1_transport_moving_02_state,v1r_vis_s2_l1_transport_moving_02_points128,20,20,0.6,transport_moving,primary_task_object,precomputed_reference_mask_sequence,mask_2_1_transport_moving_02,test,E00_CLEAN,False,0,0.0
2,v1r_vis_s2_l1_transport_moving_02,1,transport_moving,bowl_on_plate,1984326127,v1r_vis_s2_l1_transport_moving_02_state,v1r_vis_s2_l1_transport_moving_02_points128,20,20,0.6,transport_moving,primary_task_object,precomputed_reference_mask_sequence,mask_2_1_transport_moving_02,test,E10,False,5,0.25
2,v1r_vis_s2_l1_transport_moving_02,1,transport_moving,bowl_on_plate,1984326127,v1r_vis_s2_l1_transport_moving_02_state,v1r_vis_s2_l1_transport_moving_02_points128,20,20,0.6,transport_moving,primary_task_object,precomputed_reference_mask_sequence,mask_2_1_transport_moving_02,test,E10_ORACLE_HIDDEN_GT,True,5,0.25
2,v1r_vis_s2_l1_transport_moving_02,1,transport_moving,bowl_on_plate,1984326127,v1r_vis_s2_l1_transport_moving_02_state,v1r_vis_s2_l1_transport_moving_02_points128,20,20,0.6,transport_moving,primary_task_object,precomputed_reference_mask_sequence,mask_2_1_transport_moving_02,test,E10,False,10,0.5
2,v1r_vis_s2_l1_transport_moving_02,1,transport_moving,bowl_on_plate,1984326127,v1r_vis_s2_l1_transport_moving_02_state,v1r_vis_s2_l1_transport_moving_02_points128,20,20,0.6,transport_moving,primary_task_object,precomputed_reference_mask_sequence,mask_2_1_transport_moving_02,test,E10_ORACLE_HIDDEN_GT,True,10,0.5
2,v1r_vis_s2_l1_transport_moving_02,1,transport_moving,bowl_on_plate,1984326127,v1r_vis_s2_l1_transport_moving_02_state,v1r_vis_s2_l1_transport_moving_02_points128,20,20,0.6,transport_moving,primary_task_object,precomputed_reference_mask_sequence,mask_2_1_transport_moving_02,test,E10,False,20,1.0
2,v1r_vis_s2_l1_transport_moving_02,1,transport_moving,bowl_on_plate,1984326127,v1r_vis_s2_l1_transport_moving_02_state,v1r_vis_s2_l1_transport_moving_02_points128,20,20,0.6,transport_moving,primary_task_object,precomputed_reference_mask_sequence,mask_2_1_transport_moving_02,test,E10_ORACLE_HIDDEN_GT,True,20,1.0
2,v1r_vis_s2_l1_transport_moving_03,1,transport_moving,bowl_on_plate,2664409276,v1r_vis_s2_l1_transport_moving_03_state,v1r_vis_s2_l1_transport_moving_03_points128,25,20,0.6,transport_moving,primary_task_object,precomputed_reference_mask_sequence,mask_2_1_transport_moving_03,test,E00_CLEAN,False,0,0.0
2,v1r_vis_s2_l1_transport_moving_03,1,transport_moving,bowl_on_plate,2664409276,v1r_vis_s2_l1_transport_moving_03_state,v1r_vis_s2_l1_transport_moving_03_points128,25,20,0.6,transport_moving,primary_task_object,precomputed_reference_mask_sequence,mask_2_1_transport_moving_03,test,E10,False,5,0.25
2,v1r_vis_s2_l1_transport_moving_03,1,transport_moving,bowl_on_plate,2664409276,v1r_vis_s2_l1_transport_moving_03_state,v1r_vis_s2_l1_transport_moving_03_points128,25,20,0.6,transport_moving,primary_task_object,precomputed_reference_mask_sequence,mask_2_1_transport_moving_03,test,E10_ORACLE_HIDDEN_GT,True,5,0.25
2,v1r_vis_s2_l1_transport_moving_03,1,transport_moving,bowl_on_plate,2664409276,v1r_vis_s2_l1_transport_moving_03_state,v1r_vis_s2_l1_transport_moving_03_points128,25,20,0.6,transport_moving,primary_task_object,precomputed_reference_mask_sequence,mask_2_1_transport_moving_03,test,E10,False,10,0.5
2,v1r_vis_s2_l1_transport_moving_03,1,transport_moving,bowl_on_plate,2664409276,v1r_vis_s2_l1_transport_moving_03_state,v1r_vis_s2_l1_transport_moving_03_points128,25,20,0.6,transport_moving,primary_task_object,precomputed_reference_mask_sequence,mask_2_1_transport_moving_03,test,E10_ORACLE_HIDDEN_GT,True,10,0.5
2,v1r_vis_s2_l1_transport_moving_03,1,transport_moving,bowl_on_plate,2664409276,v1r_vis_s2_l1_transport_moving_03_state,v1r_vis_s2_l1_transport_moving_03_points128,25,20,0.6,transport_moving,primary_task_object,precomputed_reference_mask_sequence,mask_2_1_transport_moving_03,test,E10,False,20,1.0
2,v1r_vis_s2_l1_transport_moving_03,1,transport_moving,bowl_on_plate,2664409276,v1r_vis_s2_l1_transport_moving_03_state,v1r_vis_s2_l1_transport_moving_03_points128,25,20,0.6,transport_moving,primary_task_object,precomputed_reference_mask_sequence,mask_2_1_transport_moving_03,test,E10_ORACLE_HIDDEN_GT,True,20,1.0
2,v1r_vis_s2_l1_transport_moving_04,1,transport_moving,bowl_on_plate,3892700153,v1r_vis_s2_l1_transport_moving_04_state,v1r_vis_s2_l1_transport_moving_04_points128,30,20,0.6,transport_moving,primary_task_object,precomputed_reference_mask_sequence,mask_2_1_transport_moving_04,test,E00_CLEAN,False,0,0.0
2,v1r_vis_s2_l1_transport_moving_04,1,transport_moving,bowl_on_plate,3892700153,v1r_vis_s2_l1_transport_moving_04_state,v1r_vis_s2_l1_transport_moving_04_points128,30,20,0.6,transport_moving,primary_task_object,precomputed_reference_mask_sequence,mask_2_1_transport_moving_04,test,E10,False,5,0.25
2,v1r_vis_s2_l1_transport_moving_04,1,transport_moving,bowl_on_plate,3892700153,v1r_vis_s2_l1_transport_moving_04_state,v1r_vis_s2_l1_transport_moving_04_points128,30,20,0.6,transport_moving,primary_task_object,precomputed_reference_mask_sequence,mask_2_1_transport_moving_04,test,E10_ORACLE_HIDDEN_GT,True,5,0.25
2,v1r_vis_s2_l1_transport_moving_04,1,transport_moving,bowl_on_plate,3892700153,v1r_vis_s2_l1_transport_moving_04_state,v1r_vis_s2_l1_transport_moving_04_points128,30,20,0.6,transport_moving,primary_task_object,precomputed_reference_mask_sequence,mask_2_1_transport_moving_04,test,E10,False,10,0.5
2,v1r_vis_s2_l1_transport_moving_04,1,transport_moving,bowl_on_plate,3892700153,v1r_vis_s2_l1_transport_moving_04_state,v1r_vis_s2_l1_transport_moving_04_points128,30,20,0.6,transport_moving,primary_task_object,precomputed_reference_mask_sequence,mask_2_1_transport_moving_04,test,E10_ORACLE_HIDDEN_GT,True,10,0.5
2,v1r_vis_s2_l1_transport_moving_04,1,transport_moving,bowl_on_plate,3892700153,v1r_vis_s2_l1_transport_moving_04_state,v1r_vis_s2_l1_transport_moving_04_points128,30,20,0.6,transport_moving,primary_task_object,precomputed_reference_mask_sequence,mask_2_1_transport_moving_04,test,E10,False,20,1.0
2,v1r_vis_s2_l1_transport_moving_04,1,transport_moving,bowl_on_plate,3892700153,v1r_vis_s2_l1_transport_moving_04_state,v1r_vis_s2_l1_transport_moving_04_points128,30,20,0.6,transport_moving,primary_task_object,precomputed_reference_mask_sequence,mask_2_1_transport_moving_04,test,E10_ORACLE_HIDDEN_GT,True,20,1.0
2,v1r_vis_s2_l1_transport_moving_05,1,transport_moving,bowl_on_plate,1113673905,v1r_vis_s2_l1_transport_moving_05_state,v1r_vis_s2_l1_transport_moving_05_points128,35,20,0.6,transport_moving,primary_task_object,precomputed_reference_mask_sequence,mask_2_1_transport_moving_05,test,E00_CLEAN,False,0,0.0
2,v1r_vis_s2_l1_transport_moving_05,1,transport_moving,bowl_on_plate,1113673905,v1r_vis_s2_l1_transport_moving_05_state,v1r_vis_s2_l1_transport_moving_05_points128,35,20,0.6,transport_moving,primary_task_object,precomputed_reference_mask_sequence,mask_2_1_transport_moving_05,test,E10,False,5,0.25
2,v1r_vis_s2_l1_transport_moving_05,1,transport_moving,bowl_on_plate,1113673905,v1r_vis_s2_l1_transport_moving_05_state,v1r_vis_s2_l1_transport_moving_05_points128,35,20,0.6,transport_moving,primary_task_object,precomputed_reference_mask_sequence,mask_2_1_transport_moving_05,test,E10_ORACLE_HIDDEN_GT,True,5,0.25
2,v1r_vis_s2_l1_transport_moving_05,1,transport_moving,bowl_on_plate,1113673905,v1r_vis_s2_l1_transport_moving_05_state,v1r_vis_s2_l1_transport_moving_05_points128,35,20,0.6,transport_moving,primary_task_object,precomputed_reference_mask_sequence,mask_2_1_transport_moving_05,test,E10,False,10,0.5
2,v1r_vis_s2_l1_transport_moving_05,1,transport_moving,bowl_on_plate,1113673905,v1r_vis_s2_l1_transport_moving_05_state,v1r_vis_s2_l1_transport_moving_05_points128,35,20,0.6,transport_moving,primary_task_object,precomputed_reference_mask_sequence,mask_2_1_transport_moving_05,test,E10_ORACLE_HIDDEN_GT,True,10,0.5
2,v1r_vis_s2_l1_transport_moving_05,1,transport_moving,bowl_on_plate,1113673905,v1r_vis_s2_l1_transport_moving_05_state,v1r_vis_s2_l1_transport_moving_05_points128,35,20,0.6,transport_moving,primary_task_object,precomputed_reference_mask_sequence,mask_2_1_transport_moving_05,test,E10,False,20,1.0
2,v1r_vis_s2_l1_transport_moving_05,1,transport_moving,bowl_on_plate,1113673905,v1r_vis_s2_l1_transport_moving_05_state,v1r_vis_s2_l1_transport_moving_05_points128,35,20,0.6,transport_moving,primary_task_object,precomputed_reference_mask_sequence,mask_2_1_transport_moving_05,test,E10_ORACLE_HIDDEN_GT,True,20,1.0
2,v1r_vis_s2_l1_transport_moving_06,1,transport_moving,bowl_on_plate,744501346,v1r_vis_s2_l1_transport_moving_06_state,v1r_vis_s2_l1_transport_moving_06_points128,20,20,0.6,transport_moving,primary_task_object,precomputed_reference_mask_sequence,mask_2_1_transport_moving_06,test,E00_CLEAN,False,0,0.0
2,v1r_vis_s2_l1_transport_moving_06,1,transport_moving,bowl_on_plate,744501346,v1r_vis_s2_l1_transport_moving_06_state,v1r_vis_s2_l1_transport_moving_06_points128,20,20,0.6,transport_moving,primary_task_object,precomputed_reference_mask_sequence,mask_2_1_transport_moving_06,test,E10,False,5,0.25
2,v1r_vis_s2_l1_transport_moving_06,1,transport_moving,bowl_on_plate,744501346,v1r_vis_s2_l1_transport_moving_06_state,v1r_vis_s2_l1_transport_moving_06_points128,20,20,0.6,transport_moving,primary_task_object,precomputed_reference_mask_sequence,mask_2_1_transport_moving_06,test,E10_ORACLE_HIDDEN_GT,True,5,0.25
2,v1r_vis_s2_l1_transport_moving_06,1,transport_moving,bowl_on_plate,744501346,v1r_vis_s2_l1_transport_moving_06_state,v1r_vis_s2_l1_transport_moving_06_points128,20,20,0.6,transport_moving,primary_task_object,precomputed_reference_mask_sequence,mask_2_1_transport_moving_06,test,E10,False,10,0.5
2,v1r_vis_s2_l1_transport_moving_06,1,transport_moving,bowl_on_plate,744501346,v1r_vis_s2_l1_transport_moving_06_state,v1r_vis_s2_l1_transport_moving_06_points128,20,20,0.6,transport_moving,primary_task_object,precomputed_reference_mask_sequence,mask_2_1_transport_moving_06,test,E10_ORACLE_HIDDEN_GT,True,10,0.5
2,v1r_vis_s2_l1_transport_moving_06,1,transport_moving,bowl_on_plate,744501346,v1r_vis_s2_l1_transport_moving_06_state,v1r_vis_s2_l1_transport_moving_06_points128,20,20,0.6,transport_moving,primary_task_object,precomputed_reference_mask_sequence,mask_2_1_transport_moving_06,test,E10,False,20,1.0
2,v1r_vis_s2_l1_transport_moving_06,1,transport_moving,bowl_on_plate,744501346,v1r_vis_s2_l1_transport_moving_06_state,v1r_vis_s2_l1_transport_moving_06_points128,20,20,0.6,transport_moving,primary_task_object,precomputed_reference_mask_sequence,mask_2_1_transport_moving_06,test,E10_ORACLE_HIDDEN_GT,True,20,1.0
2,v1r_vis_s2_l1_transport_moving_07,1,transport_moving,bowl_on_plate,3096890585,v1r_vis_s2_l1_transport_moving_07_state,v1r_vis_s2_l1_transport_moving_07_points128,25,20,0.6,transport_moving,primary_task_object,precomputed_reference_mask_sequence,mask_2_1_transport_moving_07,test,E00_CLEAN,False,0,0.0
2,v1r_vis_s2_l1_transport_moving_07,1,transport_moving,bowl_on_plate,3096890585,v1r_vis_s2_l1_transport_moving_07_state,v1r_vis_s2_l1_transport_moving_07_points128,25,20,0.6,transport_moving,primary_task_object,precomputed_reference_mask_sequence,mask_2_1_transport_moving_07,test,E10,False,5,0.25
2,v1r_vis_s2_l1_transport_moving_07,1,transport_moving,bowl_on_plate,3096890585,v1r_vis_s2_l1_transport_moving_07_state,v1r_vis_s2_l1_transport_moving_07_points128,25,20,0.6,transport_moving,primary_task_object,precomputed_reference_mask_sequence,mask_2_1_transport_moving_07,test,E10_ORACLE_HIDDEN_GT,True,5,0.25
2,v1r_vis_s2_l1_transport_moving_07,1,transport_moving,bowl_on_plate,3096890585,v1r_vis_s2_l1_transport_moving_07_state,v1r_vis_s2_l1_transport_moving_07_points128,25,20,0.6,transport_moving,primary_task_object,precomputed_reference_mask_sequence,mask_2_1_transport_moving_07,test,E10,False,10,0.5
2,v1r_vis_s2_l1_transport_moving_07,1,transport_moving,bowl_on_plate,3096890585,v1r_vis_s2_l1_transport_moving_07_state,v1r_vis_s2_l1_transport_moving_07_points128,25,20,0.6,transport_moving,primary_task_object,precomputed_reference_mask_sequence,mask_2_1_transport_moving_07,test,E10_ORACLE_HIDDEN_GT,True,10,0.5
2,v1r_vis_s2_l1_transport_moving_07,1,transport_moving,bowl_on_plate,3096890585,v1r_vis_s2_l1_transport_moving_07_state,v1r_vis_s2_l1_transport_moving_07_points128,25,20,0.6,transport_moving,primary_task_object,precomputed_reference_mask_sequence,mask_2_1_transport_moving_07,test,E10,False,20,1.0
2,v1r_vis_s2_l1_transport_moving_07,1,transport_moving,bowl_on_plate,3096890585,v1r_vis_s2_l1_transport_moving_07_state,v1r_vis_s2_l1_transport_moving_07_points128,25,20,0.6,transport_moving,primary_task_object,precomputed_reference_mask_sequence,mask_2_1_transport_moving_07,test,E10_ORACLE_HIDDEN_GT,True,20,1.0
2,v1r_vis_s2_l1_transport_moving_08,1,transport_moving,bowl_on_plate,2594019533,v1r_vis_s2_l1_transport_moving_08_state,v1r_vis_s2_l1_transport_moving_08_points128,30,20,0.6,transport_moving,primary_task_object,precomputed_reference_mask_sequence,mask_2_1_transport_moving_08,test,E00_CLEAN,False,0,0.0
2,v1r_vis_s2_l1_transport_moving_08,1,transport_moving,bowl_on_plate,2594019533,v1r_vis_s2_l1_transport_moving_08_state,v1r_vis_s2_l1_transport_moving_08_points128,30,20,0.6,transport_moving,primary_task_object,precomputed_reference_mask_sequence,mask_2_1_transport_moving_08,test,E10,False,5,0.25
2,v1r_vis_s2_l1_transport_moving_08,1,transport_moving,bowl_on_plate,2594019533,v1r_vis_s2_l1_transport_moving_08_state,v1r_vis_s2_l1_transport_moving_08_points128,30,20,0.6,transport_moving,primary_task_object,precomputed_reference_mask_sequence,mask_2_1_transport_moving_08,test,E10_ORACLE_HIDDEN_GT,True,5,0.25
2,v1r_vis_s2_l1_transport_moving_08,1,transport_moving,bowl_on_plate,2594019533,v1r_vis_s2_l1_transport_moving_08_state,v1r_vis_s2_l1_transport_moving_08_points128,30,20,0.6,transport_moving,primary_task_object,precomputed_reference_mask_sequence,mask_2_1_transport_moving_08,test,E10,False,10,0.5
2,v1r_vis_s2_l1_transport_moving_08,1,transport_moving,bowl_on_plate,2594019533,v1r_vis_s2_l1_transport_moving_08_state,v1r_vis_s2_l1_transport_moving_08_points128,30,20,0.6,transport_moving,primary_task_object,precomputed_reference_mask_sequence,mask_2_1_transport_moving_08,test,E10_ORACLE_HIDDEN_GT,True,10,0.5
2,v1r_vis_s2_l1_transport_moving_08,1,transport_moving,bowl_on_plate,2594019533,v1r_vis_s2_l1_transport_moving_08_state,v1r_vis_s2_l1_transport_moving_08_points128,30,20,0.6,transport_moving,primary_task_object,precomputed_reference_mask_sequence,mask_2_1_transport_moving_08,test,E10,False,20,1.0
2,v1r_vis_s2_l1_transport_moving_08,1,transport_moving,bowl_on_plate,2594019533,v1r_vis_s2_l1_transport_moving_08_state,v1r_vis_s2_l1_transport_moving_08_points128,30,20,0.6,transport_moving,primary_task_object,precomputed_reference_mask_sequence,mask_2_1_transport_moving_08,test,E10_ORACLE_HIDDEN_GT,True,20,1.0
2,v1r_vis_s2_l1_transport_moving_09,1,transport_moving,bowl_on_plate,1542140541,v1r_vis_s2_l1_transport_moving_09_state,v1r_vis_s2_l1_transport_moving_09_points128,35,20,0.6,transport_moving,primary_task_object,precomputed_reference_mask_sequence,mask_2_1_transport_moving_09,test,E00_CLEAN,False,0,0.0
2,v1r_vis_s2_l1_transport_moving_09,1,transport_moving,bowl_on_plate,1542140541,v1r_vis_s2_l1_transport_moving_09_state,v1r_vis_s2_l1_transport_moving_09_points128,35,20,0.6,transport_moving,primary_task_object,precomputed_reference_mask_sequence,mask_2_1_transport_moving_09,test,E10,False,5,0.25
2,v1r_vis_s2_l1_transport_moving_09,1,transport_moving,bowl_on_plate,1542140541,v1r_vis_s2_l1_transport_moving_09_state,v1r_vis_s2_l1_transport_moving_09_points128,35,20,0.6,transport_moving,primary_task_object,precomputed_reference_mask_sequence,mask_2_1_transport_moving_09,test,E10_ORACLE_HIDDEN_GT,True,5,0.25
2,v1r_vis_s2_l1_transport_moving_09,1,transport_moving,bowl_on_plate,1542140541,v1r_vis_s2_l1_transport_moving_09_state,v1r_vis_s2_l1_transport_moving_09_points128,35,20,0.6,transport_moving,primary_task_object,precomputed_reference_mask_sequence,mask_2_1_transport_moving_09,test,E10,False,10,0.5
2,v1r_vis_s2_l1_transport_moving_09,1,transport_moving,bowl_on_plate,1542140541,v1r_vis_s2_l1_transport_moving_09_state,v1r_vis_s2_l1_transport_moving_09_points128,35,20,0.6,transport_moving,primary_task_object,precomputed_reference_mask_sequence,mask_2_1_transport_moving_09,test,E10_ORACLE_HIDDEN_GT,True,10,0.5
2,v1r_vis_s2_l1_transport_moving_09,1,transport_moving,bowl_on_plate,1542140541,v1r_vis_s2_l1_transport_moving_09_state,v1r_vis_s2_l1_transport_moving_09_points128,35,20,0.6,transport_moving,primary_task_object,precomputed_reference_mask_sequence,mask_2_1_transport_moving_09,test,E10,False,20,1.0
2,v1r_vis_s2_l1_transport_moving_09,1,transport_moving,bowl_on_plate,1542140541,v1r_vis_s2_l1_transport_moving_09_state,v1r_vis_s2_l1_transport_moving_09_points128,35,20,0.6,transport_moving,primary_task_object,precomputed_reference_mask_sequence,mask_2_1_transport_moving_09,test,E10_ORACLE_HIDDEN_GT,True,20,1.0
2,v1r_vis_s2_l2_pregrasp_static_00,2,pregrasp_static,bowl_on_plate,2566467871,v1r_vis_s2_l2_pregrasp_static_00_state,v1r_vis_s2_l2_pregrasp_static_00_points128,30,20,0.6,pregrasp_static,primary_task_object,precomputed_reference_mask_sequence,mask_2_2_pregrasp_static_00,test,E00_CLEAN,False,0,0.0
2,v1r_vis_s2_l2_pregrasp_static_00,2,pregrasp_static,bowl_on_plate,2566467871,v1r_vis_s2_l2_pregrasp_static_00_state,v1r_vis_s2_l2_pregrasp_static_00_points128,30,20,0.6,pregrasp_static,primary_task_object,precomputed_reference_mask_sequence,mask_2_2_pregrasp_static_00,test,E10,False,5,0.25
2,v1r_vis_s2_l2_pregrasp_static_00,2,pregrasp_static,bowl_on_plate,2566467871,v1r_vis_s2_l2_pregrasp_static_00_state,v1r_vis_s2_l2_pregrasp_static_00_points128,30,20,0.6,pregrasp_static,primary_task_object,precomputed_reference_mask_sequence,mask_2_2_pregrasp_static_00,test,E10_ORACLE_HIDDEN_GT,True,5,0.25
2,v1r_vis_s2_l2_pregrasp_static_00,2,pregrasp_static,bowl_on_plate,2566467871,v1r_vis_s2_l2_pregrasp_static_00_state,v1r_vis_s2_l2_pregrasp_static_00_points128,30,20,0.6,pregrasp_static,primary_task_object,precomputed_reference_mask_sequence,mask_2_2_pregrasp_static_00,test,E10,False,10,0.5
2,v1r_vis_s2_l2_pregrasp_static_00,2,pregrasp_static,bowl_on_plate,2566467871,v1r_vis_s2_l2_pregrasp_static_00_state,v1r_vis_s2_l2_pregrasp_static_00_points128,30,20,0.6,pregrasp_static,primary_task_object,precomputed_reference_mask_sequence,mask_2_2_pregrasp_static_00,test,E10_ORACLE_HIDDEN_GT,True,10,0.5
2,v1r_vis_s2_l2_pregrasp_static_00,2,pregrasp_static,bowl_on_plate,2566467871,v1r_vis_s2_l2_pregrasp_static_00_state,v1r_vis_s2_l2_pregrasp_static_00_points128,30,20,0.6,pregrasp_static,primary_task_object,precomputed_reference_mask_sequence,mask_2_2_pregrasp_static_00,test,E10,False,20,1.0
2,v1r_vis_s2_l2_pregrasp_static_00,2,pregrasp_static,bowl_on_plate,2566467871,v1r_vis_s2_l2_pregrasp_static_00_state,v1r_vis_s2_l2_pregrasp_static_00_points128,30,20,0.6,pregrasp_static,primary_task_object,precomputed_reference_mask_sequence,mask_2_2_pregrasp_static_00,test,E10_ORACLE_HIDDEN_GT,True,20,1.0
2,v1r_vis_s2_l2_pregrasp_static_01,2,pregrasp_static,bowl_on_plate,2030871881,v1r_vis_s2_l2_pregrasp_static_01_state,v1r_vis_s2_l2_pregrasp_static_01_points128,35,20,0.6,pregrasp_static,primary_task_object,precomputed_reference_mask_sequence,mask_2_2_pregrasp_static_01,test,E00_CLEAN,False,0,0.0
2,v1r_vis_s2_l2_pregrasp_static_01,2,pregrasp_static,bowl_on_plate,2030871881,v1r_vis_s2_l2_pregrasp_static_01_state,v1r_vis_s2_l2_pregrasp_static_01_points128,35,20,0.6,pregrasp_static,primary_task_object,precomputed_reference_mask_sequence,mask_2_2_pregrasp_static_01,test,E10,False,5,0.25
2,v1r_vis_s2_l2_pregrasp_static_01,2,pregrasp_static,bowl_on_plate,2030871881,v1r_vis_s2_l2_pregrasp_static_01_state,v1r_vis_s2_l2_pregrasp_static_01_points128,35,20,0.6,pregrasp_static,primary_task_object,precomputed_reference_mask_sequence,mask_2_2_pregrasp_static_01,test,E10_ORACLE_HIDDEN_GT,True,5,0.25
2,v1r_vis_s2_l2_pregrasp_static_01,2,pregrasp_static,bowl_on_plate,2030871881,v1r_vis_s2_l2_pregrasp_static_01_state,v1r_vis_s2_l2_pregrasp_static_01_points128,35,20,0.6,pregrasp_static,primary_task_object,precomputed_reference_mask_sequence,mask_2_2_pregrasp_static_01,test,E10,False,10,0.5
2,v1r_vis_s2_l2_pregrasp_static_01,2,pregrasp_static,bowl_on_plate,2030871881,v1r_vis_s2_l2_pregrasp_static_01_state,v1r_vis_s2_l2_pregrasp_static_01_points128,35,20,0.6,pregrasp_static,primary_task_object,precomputed_reference_mask_sequence,mask_2_2_pregrasp_static_01,test,E10_ORACLE_HIDDEN_GT,True,10,0.5
2,v1r_vis_s2_l2_pregrasp_static_01,2,pregrasp_static,bowl_on_plate,2030871881,v1r_vis_s2_l2_pregrasp_static_01_state,v1r_vis_s2_l2_pregrasp_static_01_points128,35,20,0.6,pregrasp_static,primary_task_object,precomputed_reference_mask_sequence,mask_2_2_pregrasp_static_01,test,E10,False,20,1.0
2,v1r_vis_s2_l2_pregrasp_static_01,2,pregrasp_static,bowl_on_plate,2030871881,v1r_vis_s2_l2_pregrasp_static_01_state,v1r_vis_s2_l2_pregrasp_static_01_points128,35,20,0.6,pregrasp_static,primary_task_object,precomputed_reference_mask_sequence,mask_2_2_pregrasp_static_01,test,E10_ORACLE_HIDDEN_GT,True,20,1.0
2,v1r_vis_s2_l2_pregrasp_static_02,2,pregrasp_static,bowl_on_plate,415527131,v1r_vis_s2_l2_pregrasp_static_02_state,v1r_vis_s2_l2_pregrasp_static_02_points128,20,20,0.6,pregrasp_static,primary_task_object,precomputed_reference_mask_sequence,mask_2_2_pregrasp_static_02,test,E00_CLEAN,False,0,0.0
2,v1r_vis_s2_l2_pregrasp_static_02,2,pregrasp_static,bowl_on_plate,415527131,v1r_vis_s2_l2_pregrasp_static_02_state,v1r_vis_s2_l2_pregrasp_static_02_points128,20,20,0.6,pregrasp_static,primary_task_object,precomputed_reference_mask_sequence,mask_2_2_pregrasp_static_02,test,E10,False,5,0.25
2,v1r_vis_s2_l2_pregrasp_static_02,2,pregrasp_static,bowl_on_plate,415527131,v1r_vis_s2_l2_pregrasp_static_02_state,v1r_vis_s2_l2_pregrasp_static_02_points128,20,20,0.6,pregrasp_static,primary_task_object,precomputed_reference_mask_sequence,mask_2_2_pregrasp_static_02,test,E10_ORACLE_HIDDEN_GT,True,5,0.25
2,v1r_vis_s2_l2_pregrasp_static_02,2,pregrasp_static,bowl_on_plate,415527131,v1r_vis_s2_l2_pregrasp_static_02_state,v1r_vis_s2_l2_pregrasp_static_02_points128,20,20,0.6,pregrasp_static,primary_task_object,precomputed_reference_mask_sequence,mask_2_2_pregrasp_static_02,test,E10,False,10,0.5
2,v1r_vis_s2_l2_pregrasp_static_02,2,pregrasp_static,bowl_on_plate,415527131,v1r_vis_s2_l2_pregrasp_static_02_state,v1r_vis_s2_l2_pregrasp_static_02_points128,20,20,0.6,pregrasp_static,primary_task_object,precomputed_reference_mask_sequence,mask_2_2_pregrasp_static_02,test,E10_ORACLE_HIDDEN_GT,True,10,0.5
2,v1r_vis_s2_l2_pregrasp_static_02,2,pregrasp_static,bowl_on_plate,415527131,v1r_vis_s2_l2_pregrasp_static_02_state,v1r_vis_s2_l2_pregrasp_static_02_points128,20,20,0.6,pregrasp_static,primary_task_object,precomputed_reference_mask_sequence,mask_2_2_pregrasp_static_02,test,E10,False,20,1.0
2,v1r_vis_s2_l2_pregrasp_static_02,2,pregrasp_static,bowl_on_plate,415527131,v1r_vis_s2_l2_pregrasp_static_02_state,v1r_vis_s2_l2_pregrasp_static_02_points128,20,20,0.6,pregrasp_static,primary_task_object,precomputed_reference_mask_sequence,mask_2_2_pregrasp_static_02,test,E10_ORACLE_HIDDEN_GT,True,20,1.0
2,v1r_vis_s2_l2_pregrasp_static_03,2,pregrasp_static,bowl_on_plate,2597451514,v1r_vis_s2_l2_pregrasp_static_03_state,v1r_vis_s2_l2_pregrasp_static_03_points128,25,20,0.6,pregrasp_static,primary_task_object,precomputed_reference_mask_sequence,mask_2_2_pregrasp_static_03,test,E00_CLEAN,False,0,0.0
2,v1r_vis_s2_l2_pregrasp_static_03,2,pregrasp_static,bowl_on_plate,2597451514,v1r_vis_s2_l2_pregrasp_static_03_state,v1r_vis_s2_l2_pregrasp_static_03_points128,25,20,0.6,pregrasp_static,primary_task_object,precomputed_reference_mask_sequence,mask_2_2_pregrasp_static_03,test,E10,False,5,0.25
2,v1r_vis_s2_l2_pregrasp_static_03,2,pregrasp_static,bowl_on_plate,2597451514,v1r_vis_s2_l2_pregrasp_static_03_state,v1r_vis_s2_l2_pregrasp_static_03_points128,25,20,0.6,pregrasp_static,primary_task_object,precomputed_reference_mask_sequence,mask_2_2_pregrasp_static_03,test,E10_ORACLE_HIDDEN_GT,True,5,0.25
2,v1r_vis_s2_l2_pregrasp_static_03,2,pregrasp_static,bowl_on_plate,2597451514,v1r_vis_s2_l2_pregrasp_static_03_state,v1r_vis_s2_l2_pregrasp_static_03_points128,25,20,0.6,pregrasp_static,primary_task_object,precomputed_reference_mask_sequence,mask_2_2_pregrasp_static_03,test,E10,False,10,0.5
2,v1r_vis_s2_l2_pregrasp_static_03,2,pregrasp_static,bowl_on_plate,2597451514,v1r_vis_s2_l2_pregrasp_static_03_state,v1r_vis_s2_l2_pregrasp_static_03_points128,25,20,0.6,pregrasp_static,primary_task_object,precomputed_reference_mask_sequence,mask_2_2_pregrasp_static_03,test,E10_ORACLE_HIDDEN_GT,True,10,0.5
2,v1r_vis_s2_l2_pregrasp_static_03,2,pregrasp_static,bowl_on_plate,2597451514,v1r_vis_s2_l2_pregrasp_static_03_state,v1r_vis_s2_l2_pregrasp_static_03_points128,25,20,0.6,pregrasp_static,primary_task_object,precomputed_reference_mask_sequence,mask_2_2_pregrasp_static_03,test,E10,False,20,1.0
2,v1r_vis_s2_l2_pregrasp_static_03,2,pregrasp_static,bowl_on_plate,2597451514,v1r_vis_s2_l2_pregrasp_static_03_state,v1r_vis_s2_l2_pregrasp_static_03_points128,25,20,0.6,pregrasp_static,primary_task_object,precomputed_reference_mask_sequence,mask_2_2_pregrasp_static_03,test,E10_ORACLE_HIDDEN_GT,True,20,1.0
2,v1r_vis_s2_l2_pregrasp_static_04,2,pregrasp_static,bowl_on_plate,4176749380,v1r_vis_s2_l2_pregrasp_static_04_state,v1r_vis_s2_l2_pregrasp_static_04_points128,30,20,0.6,pregrasp_static,primary_task_object,precomputed_reference_mask_sequence,mask_2_2_pregrasp_static_04,test,E00_CLEAN,False,0,0.0
2,v1r_vis_s2_l2_pregrasp_static_04,2,pregrasp_static,bowl_on_plate,4176749380,v1r_vis_s2_l2_pregrasp_static_04_state,v1r_vis_s2_l2_pregrasp_static_04_points128,30,20,0.6,pregrasp_static,primary_task_object,precomputed_reference_mask_sequence,mask_2_2_pregrasp_static_04,test,E10,False,5,0.25
2,v1r_vis_s2_l2_pregrasp_static_04,2,pregrasp_static,bowl_on_plate,4176749380,v1r_vis_s2_l2_pregrasp_static_04_state,v1r_vis_s2_l2_pregrasp_static_04_points128,30,20,0.6,pregrasp_static,primary_task_object,precomputed_reference_mask_sequence,mask_2_2_pregrasp_static_04,test,E10_ORACLE_HIDDEN_GT,True,5,0.25
2,v1r_vis_s2_l2_pregrasp_static_04,2,pregrasp_static,bowl_on_plate,4176749380,v1r_vis_s2_l2_pregrasp_static_04_state,v1r_vis_s2_l2_pregrasp_static_04_points128,30,20,0.6,pregrasp_static,primary_task_object,precomputed_reference_mask_sequence,mask_2_2_pregrasp_static_04,test,E10,False,10,0.5
2,v1r_vis_s2_l2_pregrasp_static_04,2,pregrasp_static,bowl_on_plate,4176749380,v1r_vis_s2_l2_pregrasp_static_04_state,v1r_vis_s2_l2_pregrasp_static_04_points128,30,20,0.6,pregrasp_static,primary_task_object,precomputed_reference_mask_sequence,mask_2_2_pregrasp_static_04,test,E10_ORACLE_HIDDEN_GT,True,10,0.5
2,v1r_vis_s2_l2_pregrasp_static_04,2,pregrasp_static,bowl_on_plate,4176749380,v1r_vis_s2_l2_pregrasp_static_04_state,v1r_vis_s2_l2_pregrasp_static_04_points128,30,20,0.6,pregrasp_static,primary_task_object,precomputed_reference_mask_sequence,mask_2_2_pregrasp_static_04,test,E10,False,20,1.0
2,v1r_vis_s2_l2_pregrasp_static_04,2,pregrasp_static,bowl_on_plate,4176749380,v1r_vis_s2_l2_pregrasp_static_04_state,v1r_vis_s2_l2_pregrasp_static_04_points128,30,20,0.6,pregrasp_static,primary_task_object,precomputed_reference_mask_sequence,mask_2_2_pregrasp_static_04,test,E10_ORACLE_HIDDEN_GT,True,20,1.0
2,v1r_vis_s2_l2_pregrasp_static_05,2,pregrasp_static,bowl_on_plate,4244131257,v1r_vis_s2_l2_pregrasp_static_05_state,v1r_vis_s2_l2_pregrasp_static_05_points128,35,20,0.6,pregrasp_static,primary_task_object,precomputed_reference_mask_sequence,mask_2_2_pregrasp_static_05,test,E00_CLEAN,False,0,0.0
2,v1r_vis_s2_l2_pregrasp_static_05,2,pregrasp_static,bowl_on_plate,4244131257,v1r_vis_s2_l2_pregrasp_static_05_state,v1r_vis_s2_l2_pregrasp_static_05_points128,35,20,0.6,pregrasp_static,primary_task_object,precomputed_reference_mask_sequence,mask_2_2_pregrasp_static_05,test,E10,False,5,0.25
2,v1r_vis_s2_l2_pregrasp_static_05,2,pregrasp_static,bowl_on_plate,4244131257,v1r_vis_s2_l2_pregrasp_static_05_state,v1r_vis_s2_l2_pregrasp_static_05_points128,35,20,0.6,pregrasp_static,primary_task_object,precomputed_reference_mask_sequence,mask_2_2_pregrasp_static_05,test,E10_ORACLE_HIDDEN_GT,True,5,0.25
2,v1r_vis_s2_l2_pregrasp_static_05,2,pregrasp_static,bowl_on_plate,4244131257,v1r_vis_s2_l2_pregrasp_static_05_state,v1r_vis_s2_l2_pregrasp_static_05_points128,35,20,0.6,pregrasp_static,primary_task_object,precomputed_reference_mask_sequence,mask_2_2_pregrasp_static_05,test,E10,False,10,0.5
2,v1r_vis_s2_l2_pregrasp_static_05,2,pregrasp_static,bowl_on_plate,4244131257,v1r_vis_s2_l2_pregrasp_static_05_state,v1r_vis_s2_l2_pregrasp_static_05_points128,35,20,0.6,pregrasp_static,primary_task_object,precomputed_reference_mask_sequence,mask_2_2_pregrasp_static_05,test,E10_ORACLE_HIDDEN_GT,True,10,0.5
2,v1r_vis_s2_l2_pregrasp_static_05,2,pregrasp_static,bowl_on_plate,4244131257,v1r_vis_s2_l2_pregrasp_static_05_state,v1r_vis_s2_l2_pregrasp_static_05_points128,35,20,0.6,pregrasp_static,primary_task_object,precomputed_reference_mask_sequence,mask_2_2_pregrasp_static_05,test,E10,False,20,1.0
2,v1r_vis_s2_l2_pregrasp_static_05,2,pregrasp_static,bowl_on_plate,4244131257,v1r_vis_s2_l2_pregrasp_static_05_state,v1r_vis_s2_l2_pregrasp_static_05_points128,35,20,0.6,pregrasp_static,primary_task_object,precomputed_reference_mask_sequence,mask_2_2_pregrasp_static_05,test,E10_ORACLE_HIDDEN_GT,True,20,1.0
2,v1r_vis_s2_l2_pregrasp_static_06,2,pregrasp_static,bowl_on_plate,3471049674,v1r_vis_s2_l2_pregrasp_static_06_state,v1r_vis_s2_l2_pregrasp_static_06_points128,20,20,0.6,pregrasp_static,primary_task_object,precomputed_reference_mask_sequence,mask_2_2_pregrasp_static_06,test,E00_CLEAN,False,0,0.0
2,v1r_vis_s2_l2_pregrasp_static_06,2,pregrasp_static,bowl_on_plate,3471049674,v1r_vis_s2_l2_pregrasp_static_06_state,v1r_vis_s2_l2_pregrasp_static_06_points128,20,20,0.6,pregrasp_static,primary_task_object,precomputed_reference_mask_sequence,mask_2_2_pregrasp_static_06,test,E10,False,5,0.25
2,v1r_vis_s2_l2_pregrasp_static_06,2,pregrasp_static,bowl_on_plate,3471049674,v1r_vis_s2_l2_pregrasp_static_06_state,v1r_vis_s2_l2_pregrasp_static_06_points128,20,20,0.6,pregrasp_static,primary_task_object,precomputed_reference_mask_sequence,mask_2_2_pregrasp_static_06,test,E10_ORACLE_HIDDEN_GT,True,5,0.25
2,v1r_vis_s2_l2_pregrasp_static_06,2,pregrasp_static,bowl_on_plate,3471049674,v1r_vis_s2_l2_pregrasp_static_06_state,v1r_vis_s2_l2_pregrasp_static_06_points128,20,20,0.6,pregrasp_static,primary_task_object,precomputed_reference_mask_sequence,mask_2_2_pregrasp_static_06,test,E10,False,10,0.5
2,v1r_vis_s2_l2_pregrasp_static_06,2,pregrasp_static,bowl_on_plate,3471049674,v1r_vis_s2_l2_pregrasp_static_06_state,v1r_vis_s2_l2_pregrasp_static_06_points128,20,20,0.6,pregrasp_static,primary_task_object,precomputed_reference_mask_sequence,mask_2_2_pregrasp_static_06,test,E10_ORACLE_HIDDEN_GT,True,10,0.5
2,v1r_vis_s2_l2_pregrasp_static_06,2,pregrasp_static,bowl_on_plate,3471049674,v1r_vis_s2_l2_pregrasp_static_06_state,v1r_vis_s2_l2_pregrasp_static_06_points128,20,20,0.6,pregrasp_static,primary_task_object,precomputed_reference_mask_sequence,mask_2_2_pregrasp_static_06,test,E10,False,20,1.0
2,v1r_vis_s2_l2_pregrasp_static_06,2,pregrasp_static,bowl_on_plate,3471049674,v1r_vis_s2_l2_pregrasp_static_06_state,v1r_vis_s2_l2_pregrasp_static_06_points128,20,20,0.6,pregrasp_static,primary_task_object,precomputed_reference_mask_sequence,mask_2_2_pregrasp_static_06,test,E10_ORACLE_HIDDEN_GT,True,20,1.0
2,v1r_vis_s2_l2_pregrasp_static_07,2,pregrasp_static,bowl_on_plate,3229312052,v1r_vis_s2_l2_pregrasp_static_07_state,v1r_vis_s2_l2_pregrasp_static_07_points128,25,20,0.6,pregrasp_static,primary_task_object,precomputed_reference_mask_sequence,mask_2_2_pregrasp_static_07,test,E00_CLEAN,False,0,0.0
2,v1r_vis_s2_l2_pregrasp_static_07,2,pregrasp_static,bowl_on_plate,3229312052,v1r_vis_s2_l2_pregrasp_static_07_state,v1r_vis_s2_l2_pregrasp_static_07_points128,25,20,0.6,pregrasp_static,primary_task_object,precomputed_reference_mask_sequence,mask_2_2_pregrasp_static_07,test,E10,False,5,0.25
2,v1r_vis_s2_l2_pregrasp_static_07,2,pregrasp_static,bowl_on_plate,3229312052,v1r_vis_s2_l2_pregrasp_static_07_state,v1r_vis_s2_l2_pregrasp_static_07_points128,25,20,0.6,pregrasp_static,primary_task_object,precomputed_reference_mask_sequence,mask_2_2_pregrasp_static_07,test,E10_ORACLE_HIDDEN_GT,True,5,0.25
2,v1r_vis_s2_l2_pregrasp_static_07,2,pregrasp_static,bowl_on_plate,3229312052,v1r_vis_s2_l2_pregrasp_static_07_state,v1r_vis_s2_l2_pregrasp_static_07_points128,25,20,0.6,pregrasp_static,primary_task_object,precomputed_reference_mask_sequence,mask_2_2_pregrasp_static_07,test,E10,False,10,0.5
2,v1r_vis_s2_l2_pregrasp_static_07,2,pregrasp_static,bowl_on_plate,3229312052,v1r_vis_s2_l2_pregrasp_static_07_state,v1r_vis_s2_l2_pregrasp_static_07_points128,25,20,0.6,pregrasp_static,primary_task_object,precomputed_reference_mask_sequence,mask_2_2_pregrasp_static_07,test,E10_ORACLE_HIDDEN_GT,True,10,0.5
2,v1r_vis_s2_l2_pregrasp_static_07,2,pregrasp_static,bowl_on_plate,3229312052,v1r_vis_s2_l2_pregrasp_static_07_state,v1r_vis_s2_l2_pregrasp_static_07_points128,25,20,0.6,pregrasp_static,primary_task_object,precomputed_reference_mask_sequence,mask_2_2_pregrasp_static_07,test,E10,False,20,1.0
2,v1r_vis_s2_l2_pregrasp_static_07,2,pregrasp_static,bowl_on_plate,3229312052,v1r_vis_s2_l2_pregrasp_static_07_state,v1r_vis_s2_l2_pregrasp_static_07_points128,25,20,0.6,pregrasp_static,primary_task_object,precomputed_reference_mask_sequence,mask_2_2_pregrasp_static_07,test,E10_ORACLE_HIDDEN_GT,True,20,1.0
2,v1r_vis_s2_l2_pregrasp_static_08,2,pregrasp_static,bowl_on_plate,1025101825,v1r_vis_s2_l2_pregrasp_static_08_state,v1r_vis_s2_l2_pregrasp_static_08_points128,30,20,0.6,pregrasp_static,primary_task_object,precomputed_reference_mask_sequence,mask_2_2_pregrasp_static_08,test,E00_CLEAN,False,0,0.0
2,v1r_vis_s2_l2_pregrasp_static_08,2,pregrasp_static,bowl_on_plate,1025101825,v1r_vis_s2_l2_pregrasp_static_08_state,v1r_vis_s2_l2_pregrasp_static_08_points128,30,20,0.6,pregrasp_static,primary_task_object,precomputed_reference_mask_sequence,mask_2_2_pregrasp_static_08,test,E10,False,5,0.25
2,v1r_vis_s2_l2_pregrasp_static_08,2,pregrasp_static,bowl_on_plate,1025101825,v1r_vis_s2_l2_pregrasp_static_08_state,v1r_vis_s2_l2_pregrasp_static_08_points128,30,20,0.6,pregrasp_static,primary_task_object,precomputed_reference_mask_sequence,mask_2_2_pregrasp_static_08,test,E10_ORACLE_HIDDEN_GT,True,5,0.25
2,v1r_vis_s2_l2_pregrasp_static_08,2,pregrasp_static,bowl_on_plate,1025101825,v1r_vis_s2_l2_pregrasp_static_08_state,v1r_vis_s2_l2_pregrasp_static_08_points128,30,20,0.6,pregrasp_static,primary_task_object,precomputed_reference_mask_sequence,mask_2_2_pregrasp_static_08,test,E10,False,10,0.5
2,v1r_vis_s2_l2_pregrasp_static_08,2,pregrasp_static,bowl_on_plate,1025101825,v1r_vis_s2_l2_pregrasp_static_08_state,v1r_vis_s2_l2_pregrasp_static_08_points128,30,20,0.6,pregrasp_static,primary_task_object,precomputed_reference_mask_sequence,mask_2_2_pregrasp_static_08,test,E10_ORACLE_HIDDEN_GT,True,10,0.5
2,v1r_vis_s2_l2_pregrasp_static_08,2,pregrasp_static,bowl_on_plate,1025101825,v1r_vis_s2_l2_pregrasp_static_08_state,v1r_vis_s2_l2_pregrasp_static_08_points128,30,20,0.6,pregrasp_static,primary_task_object,precomputed_reference_mask_sequence,mask_2_2_pregrasp_static_08,test,E10,False,20,1.0
2,v1r_vis_s2_l2_pregrasp_static_08,2,pregrasp_static,bowl_on_plate,1025101825,v1r_vis_s2_l2_pregrasp_static_08_state,v1r_vis_s2_l2_pregrasp_static_08_points128,30,20,0.6,pregrasp_static,primary_task_object,precomputed_reference_mask_sequence,mask_2_2_pregrasp_static_08,test,E10_ORACLE_HIDDEN_GT,True,20,1.0
2,v1r_vis_s2_l2_pregrasp_static_09,2,pregrasp_static,bowl_on_plate,3071515695,v1r_vis_s2_l2_pregrasp_static_09_state,v1r_vis_s2_l2_pregrasp_static_09_points128,35,20,0.6,pregrasp_static,primary_task_object,precomputed_reference_mask_sequence,mask_2_2_pregrasp_static_09,test,E00_CLEAN,False,0,0.0
2,v1r_vis_s2_l2_pregrasp_static_09,2,pregrasp_static,bowl_on_plate,3071515695,v1r_vis_s2_l2_pregrasp_static_09_state,v1r_vis_s2_l2_pregrasp_static_09_points128,35,20,0.6,pregrasp_static,primary_task_object,precomputed_reference_mask_sequence,mask_2_2_pregrasp_static_09,test,E10,False,5,0.25
2,v1r_vis_s2_l2_pregrasp_static_09,2,pregrasp_static,bowl_on_plate,3071515695,v1r_vis_s2_l2_pregrasp_static_09_state,v1r_vis_s2_l2_pregrasp_static_09_points128,35,20,0.6,pregrasp_static,primary_task_object,precomputed_reference_mask_sequence,mask_2_2_pregrasp_static_09,test,E10_ORACLE_HIDDEN_GT,True,5,0.25
2,v1r_vis_s2_l2_pregrasp_static_09,2,pregrasp_static,bowl_on_plate,3071515695,v1r_vis_s2_l2_pregrasp_static_09_state,v1r_vis_s2_l2_pregrasp_static_09_points128,35,20,0.6,pregrasp_static,primary_task_object,precomputed_reference_mask_sequence,mask_2_2_pregrasp_static_09,test,E10,False,10,0.5
2,v1r_vis_s2_l2_pregrasp_static_09,2,pregrasp_static,bowl_on_plate,3071515695,v1r_vis_s2_l2_pregrasp_static_09_state,v1r_vis_s2_l2_pregrasp_static_09_points128,35,20,0.6,pregrasp_static,primary_task_object,precomputed_reference_mask_sequence,mask_2_2_pregrasp_static_09,test,E10_ORACLE_HIDDEN_GT,True,10,0.5
2,v1r_vis_s2_l2_pregrasp_static_09,2,pregrasp_static,bowl_on_plate,3071515695,v1r_vis_s2_l2_pregrasp_static_09_state,v1r_vis_s2_l2_pregrasp_static_09_points128,35,20,0.6,pregrasp_static,primary_task_object,precomputed_reference_mask_sequence,mask_2_2_pregrasp_static_09,test,E10,False,20,1.0
2,v1r_vis_s2_l2_pregrasp_static_09,2,pregrasp_static,bowl_on_plate,3071515695,v1r_vis_s2_l2_pregrasp_static_09_state,v1r_vis_s2_l2_pregrasp_static_09_points128,35,20,0.6,pregrasp_static,primary_task_object,precomputed_reference_mask_sequence,mask_2_2_pregrasp_static_09,test,E10_ORACLE_HIDDEN_GT,True,20,1.0
2,v1r_vis_s2_l2_transport_moving_00,2,transport_moving,bowl_on_plate,1982863973,v1r_vis_s2_l2_transport_moving_00_state,v1r_vis_s2_l2_transport_moving_00_points128,35,20,0.6,transport_moving,primary_task_object,precomputed_reference_mask_sequence,mask_2_2_transport_moving_00,test,E00_CLEAN,False,0,0.0
2,v1r_vis_s2_l2_transport_moving_00,2,transport_moving,bowl_on_plate,1982863973,v1r_vis_s2_l2_transport_moving_00_state,v1r_vis_s2_l2_transport_moving_00_points128,35,20,0.6,transport_moving,primary_task_object,precomputed_reference_mask_sequence,mask_2_2_transport_moving_00,test,E10,False,5,0.25
2,v1r_vis_s2_l2_transport_moving_00,2,transport_moving,bowl_on_plate,1982863973,v1r_vis_s2_l2_transport_moving_00_state,v1r_vis_s2_l2_transport_moving_00_points128,35,20,0.6,transport_moving,primary_task_object,precomputed_reference_mask_sequence,mask_2_2_transport_moving_00,test,E10_ORACLE_HIDDEN_GT,True,5,0.25
2,v1r_vis_s2_l2_transport_moving_00,2,transport_moving,bowl_on_plate,1982863973,v1r_vis_s2_l2_transport_moving_00_state,v1r_vis_s2_l2_transport_moving_00_points128,35,20,0.6,transport_moving,primary_task_object,precomputed_reference_mask_sequence,mask_2_2_transport_moving_00,test,E10,False,10,0.5
2,v1r_vis_s2_l2_transport_moving_00,2,transport_moving,bowl_on_plate,1982863973,v1r_vis_s2_l2_transport_moving_00_state,v1r_vis_s2_l2_transport_moving_00_points128,35,20,0.6,transport_moving,primary_task_object,precomputed_reference_mask_sequence,mask_2_2_transport_moving_00,test,E10_ORACLE_HIDDEN_GT,True,10,0.5
2,v1r_vis_s2_l2_transport_moving_00,2,transport_moving,bowl_on_plate,1982863973,v1r_vis_s2_l2_transport_moving_00_state,v1r_vis_s2_l2_transport_moving_00_points128,35,20,0.6,transport_moving,primary_task_object,precomputed_reference_mask_sequence,mask_2_2_transport_moving_00,test,E10,False,20,1.0
2,v1r_vis_s2_l2_transport_moving_00,2,transport_moving,bowl_on_plate,1982863973,v1r_vis_s2_l2_transport_moving_00_state,v1r_vis_s2_l2_transport_moving_00_points128,35,20,0.6,transport_moving,primary_task_object,precomputed_reference_mask_sequence,mask_2_2_transport_moving_00,test,E10_ORACLE_HIDDEN_GT,True,20,1.0
2,v1r_vis_s2_l2_transport_moving_01,2,transport_moving,bowl_on_plate,504365315,v1r_vis_s2_l2_transport_moving_01_state,v1r_vis_s2_l2_transport_moving_01_points128,20,20,0.6,transport_moving,primary_task_object,precomputed_reference_mask_sequence,mask_2_2_transport_moving_01,test,E00_CLEAN,False,0,0.0
2,v1r_vis_s2_l2_transport_moving_01,2,transport_moving,bowl_on_plate,504365315,v1r_vis_s2_l2_transport_moving_01_state,v1r_vis_s2_l2_transport_moving_01_points128,20,20,0.6,transport_moving,primary_task_object,precomputed_reference_mask_sequence,mask_2_2_transport_moving_01,test,E10,False,5,0.25
2,v1r_vis_s2_l2_transport_moving_01,2,transport_moving,bowl_on_plate,504365315,v1r_vis_s2_l2_transport_moving_01_state,v1r_vis_s2_l2_transport_moving_01_points128,20,20,0.6,transport_moving,primary_task_object,precomputed_reference_mask_sequence,mask_2_2_transport_moving_01,test,E10_ORACLE_HIDDEN_GT,True,5,0.25
2,v1r_vis_s2_l2_transport_moving_01,2,transport_moving,bowl_on_plate,504365315,v1r_vis_s2_l2_transport_moving_01_state,v1r_vis_s2_l2_transport_moving_01_points128,20,20,0.6,transport_moving,primary_task_object,precomputed_reference_mask_sequence,mask_2_2_transport_moving_01,test,E10,False,10,0.5
2,v1r_vis_s2_l2_transport_moving_01,2,transport_moving,bowl_on_plate,504365315,v1r_vis_s2_l2_transport_moving_01_state,v1r_vis_s2_l2_transport_moving_01_points128,20,20,0.6,transport_moving,primary_task_object,precomputed_reference_mask_sequence,mask_2_2_transport_moving_01,test,E10_ORACLE_HIDDEN_GT,True,10,0.5
2,v1r_vis_s2_l2_transport_moving_01,2,transport_moving,bowl_on_plate,504365315,v1r_vis_s2_l2_transport_moving_01_state,v1r_vis_s2_l2_transport_moving_01_points128,20,20,0.6,transport_moving,primary_task_object,precomputed_reference_mask_sequence,mask_2_2_transport_moving_01,test,E10,False,20,1.0
2,v1r_vis_s2_l2_transport_moving_01,2,transport_moving,bowl_on_plate,504365315,v1r_vis_s2_l2_transport_moving_01_state,v1r_vis_s2_l2_transport_moving_01_points128,20,20,0.6,transport_moving,primary_task_object,precomputed_reference_mask_sequence,mask_2_2_transport_moving_01,test,E10_ORACLE_HIDDEN_GT,True,20,1.0
2,v1r_vis_s2_l2_transport_moving_02,2,transport_moving,bowl_on_plate,3105919880,v1r_vis_s2_l2_transport_moving_02_state,v1r_vis_s2_l2_transport_moving_02_points128,25,20,0.6,transport_moving,primary_task_object,precomputed_reference_mask_sequence,mask_2_2_transport_moving_02,test,E00_CLEAN,False,0,0.0
2,v1r_vis_s2_l2_transport_moving_02,2,transport_moving,bowl_on_plate,3105919880,v1r_vis_s2_l2_transport_moving_02_state,v1r_vis_s2_l2_transport_moving_02_points128,25,20,0.6,transport_moving,primary_task_object,precomputed_reference_mask_sequence,mask_2_2_transport_moving_02,test,E10,False,5,0.25
2,v1r_vis_s2_l2_transport_moving_02,2,transport_moving,bowl_on_plate,3105919880,v1r_vis_s2_l2_transport_moving_02_state,v1r_vis_s2_l2_transport_moving_02_points128,25,20,0.6,transport_moving,primary_task_object,precomputed_reference_mask_sequence,mask_2_2_transport_moving_02,test,E10_ORACLE_HIDDEN_GT,True,5,0.25
2,v1r_vis_s2_l2_transport_moving_02,2,transport_moving,bowl_on_plate,3105919880,v1r_vis_s2_l2_transport_moving_02_state,v1r_vis_s2_l2_transport_moving_02_points128,25,20,0.6,transport_moving,primary_task_object,precomputed_reference_mask_sequence,mask_2_2_transport_moving_02,test,E10,False,10,0.5
2,v1r_vis_s2_l2_transport_moving_02,2,transport_moving,bowl_on_plate,3105919880,v1r_vis_s2_l2_transport_moving_02_state,v1r_vis_s2_l2_transport_moving_02_points128,25,20,0.6,transport_moving,primary_task_object,precomputed_reference_mask_sequence,mask_2_2_transport_moving_02,test,E10_ORACLE_HIDDEN_GT,True,10,0.5
2,v1r_vis_s2_l2_transport_moving_02,2,transport_moving,bowl_on_plate,3105919880,v1r_vis_s2_l2_transport_moving_02_state,v1r_vis_s2_l2_transport_moving_02_points128,25,20,0.6,transport_moving,primary_task_object,precomputed_reference_mask_sequence,mask_2_2_transport_moving_02,test,E10,False,20,1.0
2,v1r_vis_s2_l2_transport_moving_02,2,transport_moving,bowl_on_plate,3105919880,v1r_vis_s2_l2_transport_moving_02_state,v1r_vis_s2_l2_transport_moving_02_points128,25,20,0.6,transport_moving,primary_task_object,precomputed_reference_mask_sequence,mask_2_2_transport_moving_02,test,E10_ORACLE_HIDDEN_GT,True,20,1.0
2,v1r_vis_s2_l2_transport_moving_03,2,transport_moving,bowl_on_plate,95628057,v1r_vis_s2_l2_transport_moving_03_state,v1r_vis_s2_l2_transport_moving_03_points128,30,20,0.6,transport_moving,primary_task_object,precomputed_reference_mask_sequence,mask_2_2_transport_moving_03,test,E00_CLEAN,False,0,0.0
2,v1r_vis_s2_l2_transport_moving_03,2,transport_moving,bowl_on_plate,95628057,v1r_vis_s2_l2_transport_moving_03_state,v1r_vis_s2_l2_transport_moving_03_points128,30,20,0.6,transport_moving,primary_task_object,precomputed_reference_mask_sequence,mask_2_2_transport_moving_03,test,E10,False,5,0.25
2,v1r_vis_s2_l2_transport_moving_03,2,transport_moving,bowl_on_plate,95628057,v1r_vis_s2_l2_transport_moving_03_state,v1r_vis_s2_l2_transport_moving_03_points128,30,20,0.6,transport_moving,primary_task_object,precomputed_reference_mask_sequence,mask_2_2_transport_moving_03,test,E10_ORACLE_HIDDEN_GT,True,5,0.25
2,v1r_vis_s2_l2_transport_moving_03,2,transport_moving,bowl_on_plate,95628057,v1r_vis_s2_l2_transport_moving_03_state,v1r_vis_s2_l2_transport_moving_03_points128,30,20,0.6,transport_moving,primary_task_object,precomputed_reference_mask_sequence,mask_2_2_transport_moving_03,test,E10,False,10,0.5
2,v1r_vis_s2_l2_transport_moving_03,2,transport_moving,bowl_on_plate,95628057,v1r_vis_s2_l2_transport_moving_03_state,v1r_vis_s2_l2_transport_moving_03_points128,30,20,0.6,transport_moving,primary_task_object,precomputed_reference_mask_sequence,mask_2_2_transport_moving_03,test,E10_ORACLE_HIDDEN_GT,True,10,0.5
2,v1r_vis_s2_l2_transport_moving_03,2,transport_moving,bowl_on_plate,95628057,v1r_vis_s2_l2_transport_moving_03_state,v1r_vis_s2_l2_transport_moving_03_points128,30,20,0.6,transport_moving,primary_task_object,precomputed_reference_mask_sequence,mask_2_2_transport_moving_03,test,E10,False,20,1.0
2,v1r_vis_s2_l2_transport_moving_03,2,transport_moving,bowl_on_plate,95628057,v1r_vis_s2_l2_transport_moving_03_state,v1r_vis_s2_l2_transport_moving_03_points128,30,20,0.6,transport_moving,primary_task_object,precomputed_reference_mask_sequence,mask_2_2_transport_moving_03,test,E10_ORACLE_HIDDEN_GT,True,20,1.0
2,v1r_vis_s2_l2_transport_moving_04,2,transport_moving,bowl_on_plate,1953245231,v1r_vis_s2_l2_transport_moving_04_state,v1r_vis_s2_l2_transport_moving_04_points128,35,20,0.6,transport_moving,primary_task_object,precomputed_reference_mask_sequence,mask_2_2_transport_moving_04,test,E00_CLEAN,False,0,0.0
2,v1r_vis_s2_l2_transport_moving_04,2,transport_moving,bowl_on_plate,1953245231,v1r_vis_s2_l2_transport_moving_04_state,v1r_vis_s2_l2_transport_moving_04_points128,35,20,0.6,transport_moving,primary_task_object,precomputed_reference_mask_sequence,mask_2_2_transport_moving_04,test,E10,False,5,0.25
2,v1r_vis_s2_l2_transport_moving_04,2,transport_moving,bowl_on_plate,1953245231,v1r_vis_s2_l2_transport_moving_04_state,v1r_vis_s2_l2_transport_moving_04_points128,35,20,0.6,transport_moving,primary_task_object,precomputed_reference_mask_sequence,mask_2_2_transport_moving_04,test,E10_ORACLE_HIDDEN_GT,True,5,0.25
2,v1r_vis_s2_l2_transport_moving_04,2,transport_moving,bowl_on_plate,1953245231,v1r_vis_s2_l2_transport_moving_04_state,v1r_vis_s2_l2_transport_moving_04_points128,35,20,0.6,transport_moving,primary_task_object,precomputed_reference_mask_sequence,mask_2_2_transport_moving_04,test,E10,False,10,0.5
2,v1r_vis_s2_l2_transport_moving_04,2,transport_moving,bowl_on_plate,1953245231,v1r_vis_s2_l2_transport_moving_04_state,v1r_vis_s2_l2_transport_moving_04_points128,35,20,0.6,transport_moving,primary_task_object,precomputed_reference_mask_sequence,mask_2_2_transport_moving_04,test,E10_ORACLE_HIDDEN_GT,True,10,0.5
2,v1r_vis_s2_l2_transport_moving_04,2,transport_moving,bowl_on_plate,1953245231,v1r_vis_s2_l2_transport_moving_04_state,v1r_vis_s2_l2_transport_moving_04_points128,35,20,0.6,transport_moving,primary_task_object,precomputed_reference_mask_sequence,mask_2_2_transport_moving_04,test,E10,False,20,1.0
2,v1r_vis_s2_l2_transport_moving_04,2,transport_moving,bowl_on_plate,1953245231,v1r_vis_s2_l2_transport_moving_04_state,v1r_vis_s2_l2_transport_moving_04_points128,35,20,0.6,transport_moving,primary_task_object,precomputed_reference_mask_sequence,mask_2_2_transport_moving_04,test,E10_ORACLE_HIDDEN_GT,True,20,1.0
2,v1r_vis_s2_l2_transport_moving_05,2,transport_moving,bowl_on_plate,100837569,v1r_vis_s2_l2_transport_moving_05_state,v1r_vis_s2_l2_transport_moving_05_points128,20,20,0.6,transport_moving,primary_task_object,precomputed_reference_mask_sequence,mask_2_2_transport_moving_05,test,E00_CLEAN,False,0,0.0
2,v1r_vis_s2_l2_transport_moving_05,2,transport_moving,bowl_on_plate,100837569,v1r_vis_s2_l2_transport_moving_05_state,v1r_vis_s2_l2_transport_moving_05_points128,20,20,0.6,transport_moving,primary_task_object,precomputed_reference_mask_sequence,mask_2_2_transport_moving_05,test,E10,False,5,0.25
2,v1r_vis_s2_l2_transport_moving_05,2,transport_moving,bowl_on_plate,100837569,v1r_vis_s2_l2_transport_moving_05_state,v1r_vis_s2_l2_transport_moving_05_points128,20,20,0.6,transport_moving,primary_task_object,precomputed_reference_mask_sequence,mask_2_2_transport_moving_05,test,E10_ORACLE_HIDDEN_GT,True,5,0.25
2,v1r_vis_s2_l2_transport_moving_05,2,transport_moving,bowl_on_plate,100837569,v1r_vis_s2_l2_transport_moving_05_state,v1r_vis_s2_l2_transport_moving_05_points128,20,20,0.6,transport_moving,primary_task_object,precomputed_reference_mask_sequence,mask_2_2_transport_moving_05,test,E10,False,10,0.5
2,v1r_vis_s2_l2_transport_moving_05,2,transport_moving,bowl_on_plate,100837569,v1r_vis_s2_l2_transport_moving_05_state,v1r_vis_s2_l2_transport_moving_05_points128,20,20,0.6,transport_moving,primary_task_object,precomputed_reference_mask_sequence,mask_2_2_transport_moving_05,test,E10_ORACLE_HIDDEN_GT,True,10,0.5
2,v1r_vis_s2_l2_transport_moving_05,2,transport_moving,bowl_on_plate,100837569,v1r_vis_s2_l2_transport_moving_05_state,v1r_vis_s2_l2_transport_moving_05_points128,20,20,0.6,transport_moving,primary_task_object,precomputed_reference_mask_sequence,mask_2_2_transport_moving_05,test,E10,False,20,1.0
2,v1r_vis_s2_l2_transport_moving_05,2,transport_moving,bowl_on_plate,100837569,v1r_vis_s2_l2_transport_moving_05_state,v1r_vis_s2_l2_transport_moving_05_points128,20,20,0.6,transport_moving,primary_task_object,precomputed_reference_mask_sequence,mask_2_2_transport_moving_05,test,E10_ORACLE_HIDDEN_GT,True,20,1.0
2,v1r_vis_s2_l2_transport_moving_06,2,transport_moving,bowl_on_plate,3731872291,v1r_vis_s2_l2_transport_moving_06_state,v1r_vis_s2_l2_transport_moving_06_points128,25,20,0.6,transport_moving,primary_task_object,precomputed_reference_mask_sequence,mask_2_2_transport_moving_06,test,E00_CLEAN,False,0,0.0
2,v1r_vis_s2_l2_transport_moving_06,2,transport_moving,bowl_on_plate,3731872291,v1r_vis_s2_l2_transport_moving_06_state,v1r_vis_s2_l2_transport_moving_06_points128,25,20,0.6,transport_moving,primary_task_object,precomputed_reference_mask_sequence,mask_2_2_transport_moving_06,test,E10,False,5,0.25
2,v1r_vis_s2_l2_transport_moving_06,2,transport_moving,bowl_on_plate,3731872291,v1r_vis_s2_l2_transport_moving_06_state,v1r_vis_s2_l2_transport_moving_06_points128,25,20,0.6,transport_moving,primary_task_object,precomputed_reference_mask_sequence,mask_2_2_transport_moving_06,test,E10_ORACLE_HIDDEN_GT,True,5,0.25
2,v1r_vis_s2_l2_transport_moving_06,2,transport_moving,bowl_on_plate,3731872291,v1r_vis_s2_l2_transport_moving_06_state,v1r_vis_s2_l2_transport_moving_06_points128,25,20,0.6,transport_moving,primary_task_object,precomputed_reference_mask_sequence,mask_2_2_transport_moving_06,test,E10,False,10,0.5
2,v1r_vis_s2_l2_transport_moving_06,2,transport_moving,bowl_on_plate,3731872291,v1r_vis_s2_l2_transport_moving_06_state,v1r_vis_s2_l2_transport_moving_06_points128,25,20,0.6,transport_moving,primary_task_object,precomputed_reference_mask_sequence,mask_2_2_transport_moving_06,test,E10_ORACLE_HIDDEN_GT,True,10,0.5
2,v1r_vis_s2_l2_transport_moving_06,2,transport_moving,bowl_on_plate,3731872291,v1r_vis_s2_l2_transport_moving_06_state,v1r_vis_s2_l2_transport_moving_06_points128,25,20,0.6,transport_moving,primary_task_object,precomputed_reference_mask_sequence,mask_2_2_transport_moving_06,test,E10,False,20,1.0
2,v1r_vis_s2_l2_transport_moving_06,2,transport_moving,bowl_on_plate,3731872291,v1r_vis_s2_l2_transport_moving_06_state,v1r_vis_s2_l2_transport_moving_06_points128,25,20,0.6,transport_moving,primary_task_object,precomputed_reference_mask_sequence,mask_2_2_transport_moving_06,test,E10_ORACLE_HIDDEN_GT,True,20,1.0
2,v1r_vis_s2_l2_transport_moving_07,2,transport_moving,bowl_on_plate,338904489,v1r_vis_s2_l2_transport_moving_07_state,v1r_vis_s2_l2_transport_moving_07_points128,30,20,0.6,transport_moving,primary_task_object,precomputed_reference_mask_sequence,mask_2_2_transport_moving_07,test,E00_CLEAN,False,0,0.0
2,v1r_vis_s2_l2_transport_moving_07,2,transport_moving,bowl_on_plate,338904489,v1r_vis_s2_l2_transport_moving_07_state,v1r_vis_s2_l2_transport_moving_07_points128,30,20,0.6,transport_moving,primary_task_object,precomputed_reference_mask_sequence,mask_2_2_transport_moving_07,test,E10,False,5,0.25
2,v1r_vis_s2_l2_transport_moving_07,2,transport_moving,bowl_on_plate,338904489,v1r_vis_s2_l2_transport_moving_07_state,v1r_vis_s2_l2_transport_moving_07_points128,30,20,0.6,transport_moving,primary_task_object,precomputed_reference_mask_sequence,mask_2_2_transport_moving_07,test,E10_ORACLE_HIDDEN_GT,True,5,0.25
2,v1r_vis_s2_l2_transport_moving_07,2,transport_moving,bowl_on_plate,338904489,v1r_vis_s2_l2_transport_moving_07_state,v1r_vis_s2_l2_transport_moving_07_points128,30,20,0.6,transport_moving,primary_task_object,precomputed_reference_mask_sequence,mask_2_2_transport_moving_07,test,E10,False,10,0.5
2,v1r_vis_s2_l2_transport_moving_07,2,transport_moving,bowl_on_plate,338904489,v1r_vis_s2_l2_transport_moving_07_state,v1r_vis_s2_l2_transport_moving_07_points128,30,20,0.6,transport_moving,primary_task_object,precomputed_reference_mask_sequence,mask_2_2_transport_moving_07,test,E10_ORACLE_HIDDEN_GT,True,10,0.5
2,v1r_vis_s2_l2_transport_moving_07,2,transport_moving,bowl_on_plate,338904489,v1r_vis_s2_l2_transport_moving_07_state,v1r_vis_s2_l2_transport_moving_07_points128,30,20,0.6,transport_moving,primary_task_object,precomputed_reference_mask_sequence,mask_2_2_transport_moving_07,test,E10,False,20,1.0
2,v1r_vis_s2_l2_transport_moving_07,2,transport_moving,bowl_on_plate,338904489,v1r_vis_s2_l2_transport_moving_07_state,v1r_vis_s2_l2_transport_moving_07_points128,30,20,0.6,transport_moving,primary_task_object,precomputed_reference_mask_sequence,mask_2_2_transport_moving_07,test,E10_ORACLE_HIDDEN_GT,True,20,1.0
2,v1r_vis_s2_l2_transport_moving_08,2,transport_moving,bowl_on_plate,5603946,v1r_vis_s2_l2_transport_moving_08_state,v1r_vis_s2_l2_transport_moving_08_points128,35,20,0.6,transport_moving,primary_task_object,precomputed_reference_mask_sequence,mask_2_2_transport_moving_08,test,E00_CLEAN,False,0,0.0
2,v1r_vis_s2_l2_transport_moving_08,2,transport_moving,bowl_on_plate,5603946,v1r_vis_s2_l2_transport_moving_08_state,v1r_vis_s2_l2_transport_moving_08_points128,35,20,0.6,transport_moving,primary_task_object,precomputed_reference_mask_sequence,mask_2_2_transport_moving_08,test,E10,False,5,0.25
2,v1r_vis_s2_l2_transport_moving_08,2,transport_moving,bowl_on_plate,5603946,v1r_vis_s2_l2_transport_moving_08_state,v1r_vis_s2_l2_transport_moving_08_points128,35,20,0.6,transport_moving,primary_task_object,precomputed_reference_mask_sequence,mask_2_2_transport_moving_08,test,E10_ORACLE_HIDDEN_GT,True,5,0.25
2,v1r_vis_s2_l2_transport_moving_08,2,transport_moving,bowl_on_plate,5603946,v1r_vis_s2_l2_transport_moving_08_state,v1r_vis_s2_l2_transport_moving_08_points128,35,20,0.6,transport_moving,primary_task_object,precomputed_reference_mask_sequence,mask_2_2_transport_moving_08,test,E10,False,10,0.5
2,v1r_vis_s2_l2_transport_moving_08,2,transport_moving,bowl_on_plate,5603946,v1r_vis_s2_l2_transport_moving_08_state,v1r_vis_s2_l2_transport_moving_08_points128,35,20,0.6,transport_moving,primary_task_object,precomputed_reference_mask_sequence,mask_2_2_transport_moving_08,test,E10_ORACLE_HIDDEN_GT,True,10,0.5
2,v1r_vis_s2_l2_transport_moving_08,2,transport_moving,bowl_on_plate,5603946,v1r_vis_s2_l2_transport_moving_08_state,v1r_vis_s2_l2_transport_moving_08_points128,35,20,0.6,transport_moving,primary_task_object,precomputed_reference_mask_sequence,mask_2_2_transport_moving_08,test,E10,False,20,1.0
2,v1r_vis_s2_l2_transport_moving_08,2,transport_moving,bowl_on_plate,5603946,v1r_vis_s2_l2_transport_moving_08_state,v1r_vis_s2_l2_transport_moving_08_points128,35,20,0.6,transport_moving,primary_task_object,precomputed_reference_mask_sequence,mask_2_2_transport_moving_08,test,E10_ORACLE_HIDDEN_GT,True,20,1.0
2,v1r_vis_s2_l2_transport_moving_09,2,transport_moving,bowl_on_plate,3686173841,v1r_vis_s2_l2_transport_moving_09_state,v1r_vis_s2_l2_transport_moving_09_points128,20,20,0.6,transport_moving,primary_task_object,precomputed_reference_mask_sequence,mask_2_2_transport_moving_09,test,E00_CLEAN,False,0,0.0
2,v1r_vis_s2_l2_transport_moving_09,2,transport_moving,bowl_on_plate,3686173841,v1r_vis_s2_l2_transport_moving_09_state,v1r_vis_s2_l2_transport_moving_09_points128,20,20,0.6,transport_moving,primary_task_object,precomputed_reference_mask_sequence,mask_2_2_transport_moving_09,test,E10,False,5,0.25
2,v1r_vis_s2_l2_transport_moving_09,2,transport_moving,bowl_on_plate,3686173841,v1r_vis_s2_l2_transport_moving_09_state,v1r_vis_s2_l2_transport_moving_09_points128,20,20,0.6,transport_moving,primary_task_object,precomputed_reference_mask_sequence,mask_2_2_transport_moving_09,test,E10_ORACLE_HIDDEN_GT,True,5,0.25
2,v1r_vis_s2_l2_transport_moving_09,2,transport_moving,bowl_on_plate,3686173841,v1r_vis_s2_l2_transport_moving_09_state,v1r_vis_s2_l2_transport_moving_09_points128,20,20,0.6,transport_moving,primary_task_object,precomputed_reference_mask_sequence,mask_2_2_transport_moving_09,test,E10,False,10,0.5
2,v1r_vis_s2_l2_transport_moving_09,2,transport_moving,bowl_on_plate,3686173841,v1r_vis_s2_l2_transport_moving_09_state,v1r_vis_s2_l2_transport_moving_09_points128,20,20,0.6,transport_moving,primary_task_object,precomputed_reference_mask_sequence,mask_2_2_transport_moving_09,test,E10_ORACLE_HIDDEN_GT,True,10,0.5
2,v1r_vis_s2_l2_transport_moving_09,2,transport_moving,bowl_on_plate,3686173841,v1r_vis_s2_l2_transport_moving_09_state,v1r_vis_s2_l2_transport_moving_09_points128,20,20,0.6,transport_moving,primary_task_object,precomputed_reference_mask_sequence,mask_2_2_transport_moving_09,test,E10,False,20,1.0
2,v1r_vis_s2_l2_transport_moving_09,2,transport_moving,bowl_on_plate,3686173841,v1r_vis_s2_l2_transport_moving_09_state,v1r_vis_s2_l2_transport_moving_09_points128,20,20,0.6,transport_moving,primary_task_object,precomputed_reference_mask_sequence,mask_2_2_transport_moving_09,test,E10_ORACLE_HIDDEN_GT,True,20,1.0
2,v1r_vis_s2_l3_pregrasp_static_00,3,pregrasp_static,bowl_on_plate,1510185285,v1r_vis_s2_l3_pregrasp_static_00_state,v1r_vis_s2_l3_pregrasp_static_00_points128,35,20,0.6,pregrasp_static,primary_task_object,precomputed_reference_mask_sequence,mask_2_3_pregrasp_static_00,test,E00_CLEAN,False,0,0.0
2,v1r_vis_s2_l3_pregrasp_static_00,3,pregrasp_static,bowl_on_plate,1510185285,v1r_vis_s2_l3_pregrasp_static_00_state,v1r_vis_s2_l3_pregrasp_static_00_points128,35,20,0.6,pregrasp_static,primary_task_object,precomputed_reference_mask_sequence,mask_2_3_pregrasp_static_00,test,E10,False,5,0.25
2,v1r_vis_s2_l3_pregrasp_static_00,3,pregrasp_static,bowl_on_plate,1510185285,v1r_vis_s2_l3_pregrasp_static_00_state,v1r_vis_s2_l3_pregrasp_static_00_points128,35,20,0.6,pregrasp_static,primary_task_object,precomputed_reference_mask_sequence,mask_2_3_pregrasp_static_00,test,E10_ORACLE_HIDDEN_GT,True,5,0.25
2,v1r_vis_s2_l3_pregrasp_static_00,3,pregrasp_static,bowl_on_plate,1510185285,v1r_vis_s2_l3_pregrasp_static_00_state,v1r_vis_s2_l3_pregrasp_static_00_points128,35,20,0.6,pregrasp_static,primary_task_object,precomputed_reference_mask_sequence,mask_2_3_pregrasp_static_00,test,E10,False,10,0.5
2,v1r_vis_s2_l3_pregrasp_static_00,3,pregrasp_static,bowl_on_plate,1510185285,v1r_vis_s2_l3_pregrasp_static_00_state,v1r_vis_s2_l3_pregrasp_static_00_points128,35,20,0.6,pregrasp_static,primary_task_object,precomputed_reference_mask_sequence,mask_2_3_pregrasp_static_00,test,E10_ORACLE_HIDDEN_GT,True,10,0.5
2,v1r_vis_s2_l3_pregrasp_static_00,3,pregrasp_static,bowl_on_plate,1510185285,v1r_vis_s2_l3_pregrasp_static_00_state,v1r_vis_s2_l3_pregrasp_static_00_points128,35,20,0.6,pregrasp_static,primary_task_object,precomputed_reference_mask_sequence,mask_2_3_pregrasp_static_00,test,E10,False,20,1.0
2,v1r_vis_s2_l3_pregrasp_static_00,3,pregrasp_static,bowl_on_plate,1510185285,v1r_vis_s2_l3_pregrasp_static_00_state,v1r_vis_s2_l3_pregrasp_static_00_points128,35,20,0.6,pregrasp_static,primary_task_object,precomputed_reference_mask_sequence,mask_2_3_pregrasp_static_00,test,E10_ORACLE_HIDDEN_GT,True,20,1.0
2,v1r_vis_s2_l3_pregrasp_static_01,3,pregrasp_static,bowl_on_plate,763843068,v1r_vis_s2_l3_pregrasp_static_01_state,v1r_vis_s2_l3_pregrasp_static_01_points128,20,20,0.6,pregrasp_static,primary_task_object,precomputed_reference_mask_sequence,mask_2_3_pregrasp_static_01,test,E00_CLEAN,False,0,0.0
2,v1r_vis_s2_l3_pregrasp_static_01,3,pregrasp_static,bowl_on_plate,763843068,v1r_vis_s2_l3_pregrasp_static_01_state,v1r_vis_s2_l3_pregrasp_static_01_points128,20,20,0.6,pregrasp_static,primary_task_object,precomputed_reference_mask_sequence,mask_2_3_pregrasp_static_01,test,E10,False,5,0.25
2,v1r_vis_s2_l3_pregrasp_static_01,3,pregrasp_static,bowl_on_plate,763843068,v1r_vis_s2_l3_pregrasp_static_01_state,v1r_vis_s2_l3_pregrasp_static_01_points128,20,20,0.6,pregrasp_static,primary_task_object,precomputed_reference_mask_sequence,mask_2_3_pregrasp_static_01,test,E10_ORACLE_HIDDEN_GT,True,5,0.25
2,v1r_vis_s2_l3_pregrasp_static_01,3,pregrasp_static,bowl_on_plate,763843068,v1r_vis_s2_l3_pregrasp_static_01_state,v1r_vis_s2_l3_pregrasp_static_01_points128,20,20,0.6,pregrasp_static,primary_task_object,precomputed_reference_mask_sequence,mask_2_3_pregrasp_static_01,test,E10,False,10,0.5
2,v1r_vis_s2_l3_pregrasp_static_01,3,pregrasp_static,bowl_on_plate,763843068,v1r_vis_s2_l3_pregrasp_static_01_state,v1r_vis_s2_l3_pregrasp_static_01_points128,20,20,0.6,pregrasp_static,primary_task_object,precomputed_reference_mask_sequence,mask_2_3_pregrasp_static_01,test,E10_ORACLE_HIDDEN_GT,True,10,0.5
2,v1r_vis_s2_l3_pregrasp_static_01,3,pregrasp_static,bowl_on_plate,763843068,v1r_vis_s2_l3_pregrasp_static_01_state,v1r_vis_s2_l3_pregrasp_static_01_points128,20,20,0.6,pregrasp_static,primary_task_object,precomputed_reference_mask_sequence,mask_2_3_pregrasp_static_01,test,E10,False,20,1.0
2,v1r_vis_s2_l3_pregrasp_static_01,3,pregrasp_static,bowl_on_plate,763843068,v1r_vis_s2_l3_pregrasp_static_01_state,v1r_vis_s2_l3_pregrasp_static_01_points128,20,20,0.6,pregrasp_static,primary_task_object,precomputed_reference_mask_sequence,mask_2_3_pregrasp_static_01,test,E10_ORACLE_HIDDEN_GT,True,20,1.0
2,v1r_vis_s2_l3_pregrasp_static_02,3,pregrasp_static,bowl_on_plate,4280174520,v1r_vis_s2_l3_pregrasp_static_02_state,v1r_vis_s2_l3_pregrasp_static_02_points128,25,20,0.6,pregrasp_static,primary_task_object,precomputed_reference_mask_sequence,mask_2_3_pregrasp_static_02,test,E00_CLEAN,False,0,0.0
2,v1r_vis_s2_l3_pregrasp_static_02,3,pregrasp_static,bowl_on_plate,4280174520,v1r_vis_s2_l3_pregrasp_static_02_state,v1r_vis_s2_l3_pregrasp_static_02_points128,25,20,0.6,pregrasp_static,primary_task_object,precomputed_reference_mask_sequence,mask_2_3_pregrasp_static_02,test,E10,False,5,0.25
2,v1r_vis_s2_l3_pregrasp_static_02,3,pregrasp_static,bowl_on_plate,4280174520,v1r_vis_s2_l3_pregrasp_static_02_state,v1r_vis_s2_l3_pregrasp_static_02_points128,25,20,0.6,pregrasp_static,primary_task_object,precomputed_reference_mask_sequence,mask_2_3_pregrasp_static_02,test,E10_ORACLE_HIDDEN_GT,True,5,0.25
2,v1r_vis_s2_l3_pregrasp_static_02,3,pregrasp_static,bowl_on_plate,4280174520,v1r_vis_s2_l3_pregrasp_static_02_state,v1r_vis_s2_l3_pregrasp_static_02_points128,25,20,0.6,pregrasp_static,primary_task_object,precomputed_reference_mask_sequence,mask_2_3_pregrasp_static_02,test,E10,False,10,0.5
2,v1r_vis_s2_l3_pregrasp_static_02,3,pregrasp_static,bowl_on_plate,4280174520,v1r_vis_s2_l3_pregrasp_static_02_state,v1r_vis_s2_l3_pregrasp_static_02_points128,25,20,0.6,pregrasp_static,primary_task_object,precomputed_reference_mask_sequence,mask_2_3_pregrasp_static_02,test,E10_ORACLE_HIDDEN_GT,True,10,0.5
2,v1r_vis_s2_l3_pregrasp_static_02,3,pregrasp_static,bowl_on_plate,4280174520,v1r_vis_s2_l3_pregrasp_static_02_state,v1r_vis_s2_l3_pregrasp_static_02_points128,25,20,0.6,pregrasp_static,primary_task_object,precomputed_reference_mask_sequence,mask_2_3_pregrasp_static_02,test,E10,False,20,1.0
2,v1r_vis_s2_l3_pregrasp_static_02,3,pregrasp_static,bowl_on_plate,4280174520,v1r_vis_s2_l3_pregrasp_static_02_state,v1r_vis_s2_l3_pregrasp_static_02_points128,25,20,0.6,pregrasp_static,primary_task_object,precomputed_reference_mask_sequence,mask_2_3_pregrasp_static_02,test,E10_ORACLE_HIDDEN_GT,True,20,1.0
2,v1r_vis_s2_l3_pregrasp_static_03,3,pregrasp_static,bowl_on_plate,1468521592,v1r_vis_s2_l3_pregrasp_static_03_state,v1r_vis_s2_l3_pregrasp_static_03_points128,30,20,0.6,pregrasp_static,primary_task_object,precomputed_reference_mask_sequence,mask_2_3_pregrasp_static_03,test,E00_CLEAN,False,0,0.0
2,v1r_vis_s2_l3_pregrasp_static_03,3,pregrasp_static,bowl_on_plate,1468521592,v1r_vis_s2_l3_pregrasp_static_03_state,v1r_vis_s2_l3_pregrasp_static_03_points128,30,20,0.6,pregrasp_static,primary_task_object,precomputed_reference_mask_sequence,mask_2_3_pregrasp_static_03,test,E10,False,5,0.25
2,v1r_vis_s2_l3_pregrasp_static_03,3,pregrasp_static,bowl_on_plate,1468521592,v1r_vis_s2_l3_pregrasp_static_03_state,v1r_vis_s2_l3_pregrasp_static_03_points128,30,20,0.6,pregrasp_static,primary_task_object,precomputed_reference_mask_sequence,mask_2_3_pregrasp_static_03,test,E10_ORACLE_HIDDEN_GT,True,5,0.25
2,v1r_vis_s2_l3_pregrasp_static_03,3,pregrasp_static,bowl_on_plate,1468521592,v1r_vis_s2_l3_pregrasp_static_03_state,v1r_vis_s2_l3_pregrasp_static_03_points128,30,20,0.6,pregrasp_static,primary_task_object,precomputed_reference_mask_sequence,mask_2_3_pregrasp_static_03,test,E10,False,10,0.5
2,v1r_vis_s2_l3_pregrasp_static_03,3,pregrasp_static,bowl_on_plate,1468521592,v1r_vis_s2_l3_pregrasp_static_03_state,v1r_vis_s2_l3_pregrasp_static_03_points128,30,20,0.6,pregrasp_static,primary_task_object,precomputed_reference_mask_sequence,mask_2_3_pregrasp_static_03,test,E10_ORACLE_HIDDEN_GT,True,10,0.5
2,v1r_vis_s2_l3_pregrasp_static_03,3,pregrasp_static,bowl_on_plate,1468521592,v1r_vis_s2_l3_pregrasp_static_03_state,v1r_vis_s2_l3_pregrasp_static_03_points128,30,20,0.6,pregrasp_static,primary_task_object,precomputed_reference_mask_sequence,mask_2_3_pregrasp_static_03,test,E10,False,20,1.0
2,v1r_vis_s2_l3_pregrasp_static_03,3,pregrasp_static,bowl_on_plate,1468521592,v1r_vis_s2_l3_pregrasp_static_03_state,v1r_vis_s2_l3_pregrasp_static_03_points128,30,20,0.6,pregrasp_static,primary_task_object,precomputed_reference_mask_sequence,mask_2_3_pregrasp_static_03,test,E10_ORACLE_HIDDEN_GT,True,20,1.0
2,v1r_vis_s2_l3_pregrasp_static_04,3,pregrasp_static,bowl_on_plate,2929189489,v1r_vis_s2_l3_pregrasp_static_04_state,v1r_vis_s2_l3_pregrasp_static_04_points128,35,20,0.6,pregrasp_static,primary_task_object,precomputed_reference_mask_sequence,mask_2_3_pregrasp_static_04,test,E00_CLEAN,False,0,0.0
2,v1r_vis_s2_l3_pregrasp_static_04,3,pregrasp_static,bowl_on_plate,2929189489,v1r_vis_s2_l3_pregrasp_static_04_state,v1r_vis_s2_l3_pregrasp_static_04_points128,35,20,0.6,pregrasp_static,primary_task_object,precomputed_reference_mask_sequence,mask_2_3_pregrasp_static_04,test,E10,False,5,0.25
2,v1r_vis_s2_l3_pregrasp_static_04,3,pregrasp_static,bowl_on_plate,2929189489,v1r_vis_s2_l3_pregrasp_static_04_state,v1r_vis_s2_l3_pregrasp_static_04_points128,35,20,0.6,pregrasp_static,primary_task_object,precomputed_reference_mask_sequence,mask_2_3_pregrasp_static_04,test,E10_ORACLE_HIDDEN_GT,True,5,0.25
2,v1r_vis_s2_l3_pregrasp_static_04,3,pregrasp_static,bowl_on_plate,2929189489,v1r_vis_s2_l3_pregrasp_static_04_state,v1r_vis_s2_l3_pregrasp_static_04_points128,35,20,0.6,pregrasp_static,primary_task_object,precomputed_reference_mask_sequence,mask_2_3_pregrasp_static_04,test,E10,False,10,0.5
2,v1r_vis_s2_l3_pregrasp_static_04,3,pregrasp_static,bowl_on_plate,2929189489,v1r_vis_s2_l3_pregrasp_static_04_state,v1r_vis_s2_l3_pregrasp_static_04_points128,35,20,0.6,pregrasp_static,primary_task_object,precomputed_reference_mask_sequence,mask_2_3_pregrasp_static_04,test,E10_ORACLE_HIDDEN_GT,True,10,0.5
2,v1r_vis_s2_l3_pregrasp_static_04,3,pregrasp_static,bowl_on_plate,2929189489,v1r_vis_s2_l3_pregrasp_static_04_state,v1r_vis_s2_l3_pregrasp_static_04_points128,35,20,0.6,pregrasp_static,primary_task_object,precomputed_reference_mask_sequence,mask_2_3_pregrasp_static_04,test,E10,False,20,1.0
2,v1r_vis_s2_l3_pregrasp_static_04,3,pregrasp_static,bowl_on_plate,2929189489,v1r_vis_s2_l3_pregrasp_static_04_state,v1r_vis_s2_l3_pregrasp_static_04_points128,35,20,0.6,pregrasp_static,primary_task_object,precomputed_reference_mask_sequence,mask_2_3_pregrasp_static_04,test,E10_ORACLE_HIDDEN_GT,True,20,1.0
2,v1r_vis_s2_l3_pregrasp_static_05,3,pregrasp_static,bowl_on_plate,3519613135,v1r_vis_s2_l3_pregrasp_static_05_state,v1r_vis_s2_l3_pregrasp_static_05_points128,20,20,0.6,pregrasp_static,primary_task_object,precomputed_reference_mask_sequence,mask_2_3_pregrasp_static_05,test,E00_CLEAN,False,0,0.0
2,v1r_vis_s2_l3_pregrasp_static_05,3,pregrasp_static,bowl_on_plate,3519613135,v1r_vis_s2_l3_pregrasp_static_05_state,v1r_vis_s2_l3_pregrasp_static_05_points128,20,20,0.6,pregrasp_static,primary_task_object,precomputed_reference_mask_sequence,mask_2_3_pregrasp_static_05,test,E10,False,5,0.25
2,v1r_vis_s2_l3_pregrasp_static_05,3,pregrasp_static,bowl_on_plate,3519613135,v1r_vis_s2_l3_pregrasp_static_05_state,v1r_vis_s2_l3_pregrasp_static_05_points128,20,20,0.6,pregrasp_static,primary_task_object,precomputed_reference_mask_sequence,mask_2_3_pregrasp_static_05,test,E10_ORACLE_HIDDEN_GT,True,5,0.25
2,v1r_vis_s2_l3_pregrasp_static_05,3,pregrasp_static,bowl_on_plate,3519613135,v1r_vis_s2_l3_pregrasp_static_05_state,v1r_vis_s2_l3_pregrasp_static_05_points128,20,20,0.6,pregrasp_static,primary_task_object,precomputed_reference_mask_sequence,mask_2_3_pregrasp_static_05,test,E10,False,10,0.5
2,v1r_vis_s2_l3_pregrasp_static_05,3,pregrasp_static,bowl_on_plate,3519613135,v1r_vis_s2_l3_pregrasp_static_05_state,v1r_vis_s2_l3_pregrasp_static_05_points128,20,20,0.6,pregrasp_static,primary_task_object,precomputed_reference_mask_sequence,mask_2_3_pregrasp_static_05,test,E10_ORACLE_HIDDEN_GT,True,10,0.5
2,v1r_vis_s2_l3_pregrasp_static_05,3,pregrasp_static,bowl_on_plate,3519613135,v1r_vis_s2_l3_pregrasp_static_05_state,v1r_vis_s2_l3_pregrasp_static_05_points128,20,20,0.6,pregrasp_static,primary_task_object,precomputed_reference_mask_sequence,mask_2_3_pregrasp_static_05,test,E10,False,20,1.0
2,v1r_vis_s2_l3_pregrasp_static_05,3,pregrasp_static,bowl_on_plate,3519613135,v1r_vis_s2_l3_pregrasp_static_05_state,v1r_vis_s2_l3_pregrasp_static_05_points128,20,20,0.6,pregrasp_static,primary_task_object,precomputed_reference_mask_sequence,mask_2_3_pregrasp_static_05,test,E10_ORACLE_HIDDEN_GT,True,20,1.0
2,v1r_vis_s2_l3_pregrasp_static_06,3,pregrasp_static,bowl_on_plate,2502063376,v1r_vis_s2_l3_pregrasp_static_06_state,v1r_vis_s2_l3_pregrasp_static_06_points128,25,20,0.6,pregrasp_static,primary_task_object,precomputed_reference_mask_sequence,mask_2_3_pregrasp_static_06,test,E00_CLEAN,False,0,0.0
2,v1r_vis_s2_l3_pregrasp_static_06,3,pregrasp_static,bowl_on_plate,2502063376,v1r_vis_s2_l3_pregrasp_static_06_state,v1r_vis_s2_l3_pregrasp_static_06_points128,25,20,0.6,pregrasp_static,primary_task_object,precomputed_reference_mask_sequence,mask_2_3_pregrasp_static_06,test,E10,False,5,0.25
2,v1r_vis_s2_l3_pregrasp_static_06,3,pregrasp_static,bowl_on_plate,2502063376,v1r_vis_s2_l3_pregrasp_static_06_state,v1r_vis_s2_l3_pregrasp_static_06_points128,25,20,0.6,pregrasp_static,primary_task_object,precomputed_reference_mask_sequence,mask_2_3_pregrasp_static_06,test,E10_ORACLE_HIDDEN_GT,True,5,0.25
2,v1r_vis_s2_l3_pregrasp_static_06,3,pregrasp_static,bowl_on_plate,2502063376,v1r_vis_s2_l3_pregrasp_static_06_state,v1r_vis_s2_l3_pregrasp_static_06_points128,25,20,0.6,pregrasp_static,primary_task_object,precomputed_reference_mask_sequence,mask_2_3_pregrasp_static_06,test,E10,False,10,0.5
2,v1r_vis_s2_l3_pregrasp_static_06,3,pregrasp_static,bowl_on_plate,2502063376,v1r_vis_s2_l3_pregrasp_static_06_state,v1r_vis_s2_l3_pregrasp_static_06_points128,25,20,0.6,pregrasp_static,primary_task_object,precomputed_reference_mask_sequence,mask_2_3_pregrasp_static_06,test,E10_ORACLE_HIDDEN_GT,True,10,0.5
2,v1r_vis_s2_l3_pregrasp_static_06,3,pregrasp_static,bowl_on_plate,2502063376,v1r_vis_s2_l3_pregrasp_static_06_state,v1r_vis_s2_l3_pregrasp_static_06_points128,25,20,0.6,pregrasp_static,primary_task_object,precomputed_reference_mask_sequence,mask_2_3_pregrasp_static_06,test,E10,False,20,1.0
2,v1r_vis_s2_l3_pregrasp_static_06,3,pregrasp_static,bowl_on_plate,2502063376,v1r_vis_s2_l3_pregrasp_static_06_state,v1r_vis_s2_l3_pregrasp_static_06_points128,25,20,0.6,pregrasp_static,primary_task_object,precomputed_reference_mask_sequence,mask_2_3_pregrasp_static_06,test,E10_ORACLE_HIDDEN_GT,True,20,1.0
2,v1r_vis_s2_l3_pregrasp_static_07,3,pregrasp_static,bowl_on_plate,3485522273,v1r_vis_s2_l3_pregrasp_static_07_state,v1r_vis_s2_l3_pregrasp_static_07_points128,30,20,0.6,pregrasp_static,primary_task_object,precomputed_reference_mask_sequence,mask_2_3_pregrasp_static_07,test,E00_CLEAN,False,0,0.0
2,v1r_vis_s2_l3_pregrasp_static_07,3,pregrasp_static,bowl_on_plate,3485522273,v1r_vis_s2_l3_pregrasp_static_07_state,v1r_vis_s2_l3_pregrasp_static_07_points128,30,20,0.6,pregrasp_static,primary_task_object,precomputed_reference_mask_sequence,mask_2_3_pregrasp_static_07,test,E10,False,5,0.25
2,v1r_vis_s2_l3_pregrasp_static_07,3,pregrasp_static,bowl_on_plate,3485522273,v1r_vis_s2_l3_pregrasp_static_07_state,v1r_vis_s2_l3_pregrasp_static_07_points128,30,20,0.6,pregrasp_static,primary_task_object,precomputed_reference_mask_sequence,mask_2_3_pregrasp_static_07,test,E10_ORACLE_HIDDEN_GT,True,5,0.25
2,v1r_vis_s2_l3_pregrasp_static_07,3,pregrasp_static,bowl_on_plate,3485522273,v1r_vis_s2_l3_pregrasp_static_07_state,v1r_vis_s2_l3_pregrasp_static_07_points128,30,20,0.6,pregrasp_static,primary_task_object,precomputed_reference_mask_sequence,mask_2_3_pregrasp_static_07,test,E10,False,10,0.5
2,v1r_vis_s2_l3_pregrasp_static_07,3,pregrasp_static,bowl_on_plate,3485522273,v1r_vis_s2_l3_pregrasp_static_07_state,v1r_vis_s2_l3_pregrasp_static_07_points128,30,20,0.6,pregrasp_static,primary_task_object,precomputed_reference_mask_sequence,mask_2_3_pregrasp_static_07,test,E10_ORACLE_HIDDEN_GT,True,10,0.5
2,v1r_vis_s2_l3_pregrasp_static_07,3,pregrasp_static,bowl_on_plate,3485522273,v1r_vis_s2_l3_pregrasp_static_07_state,v1r_vis_s2_l3_pregrasp_static_07_points128,30,20,0.6,pregrasp_static,primary_task_object,precomputed_reference_mask_sequence,mask_2_3_pregrasp_static_07,test,E10,False,20,1.0
2,v1r_vis_s2_l3_pregrasp_static_07,3,pregrasp_static,bowl_on_plate,3485522273,v1r_vis_s2_l3_pregrasp_static_07_state,v1r_vis_s2_l3_pregrasp_static_07_points128,30,20,0.6,pregrasp_static,primary_task_object,precomputed_reference_mask_sequence,mask_2_3_pregrasp_static_07,test,E10_ORACLE_HIDDEN_GT,True,20,1.0
2,v1r_vis_s2_l3_pregrasp_static_08,3,pregrasp_static,bowl_on_plate,1070198810,v1r_vis_s2_l3_pregrasp_static_08_state,v1r_vis_s2_l3_pregrasp_static_08_points128,35,20,0.6,pregrasp_static,primary_task_object,precomputed_reference_mask_sequence,mask_2_3_pregrasp_static_08,test,E00_CLEAN,False,0,0.0
2,v1r_vis_s2_l3_pregrasp_static_08,3,pregrasp_static,bowl_on_plate,1070198810,v1r_vis_s2_l3_pregrasp_static_08_state,v1r_vis_s2_l3_pregrasp_static_08_points128,35,20,0.6,pregrasp_static,primary_task_object,precomputed_reference_mask_sequence,mask_2_3_pregrasp_static_08,test,E10,False,5,0.25
2,v1r_vis_s2_l3_pregrasp_static_08,3,pregrasp_static,bowl_on_plate,1070198810,v1r_vis_s2_l3_pregrasp_static_08_state,v1r_vis_s2_l3_pregrasp_static_08_points128,35,20,0.6,pregrasp_static,primary_task_object,precomputed_reference_mask_sequence,mask_2_3_pregrasp_static_08,test,E10_ORACLE_HIDDEN_GT,True,5,0.25
2,v1r_vis_s2_l3_pregrasp_static_08,3,pregrasp_static,bowl_on_plate,1070198810,v1r_vis_s2_l3_pregrasp_static_08_state,v1r_vis_s2_l3_pregrasp_static_08_points128,35,20,0.6,pregrasp_static,primary_task_object,precomputed_reference_mask_sequence,mask_2_3_pregrasp_static_08,test,E10,False,10,0.5
2,v1r_vis_s2_l3_pregrasp_static_08,3,pregrasp_static,bowl_on_plate,1070198810,v1r_vis_s2_l3_pregrasp_static_08_state,v1r_vis_s2_l3_pregrasp_static_08_points128,35,20,0.6,pregrasp_static,primary_task_object,precomputed_reference_mask_sequence,mask_2_3_pregrasp_static_08,test,E10_ORACLE_HIDDEN_GT,True,10,0.5
2,v1r_vis_s2_l3_pregrasp_static_08,3,pregrasp_static,bowl_on_plate,1070198810,v1r_vis_s2_l3_pregrasp_static_08_state,v1r_vis_s2_l3_pregrasp_static_08_points128,35,20,0.6,pregrasp_static,primary_task_object,precomputed_reference_mask_sequence,mask_2_3_pregrasp_static_08,test,E10,False,20,1.0
2,v1r_vis_s2_l3_pregrasp_static_08,3,pregrasp_static,bowl_on_plate,1070198810,v1r_vis_s2_l3_pregrasp_static_08_state,v1r_vis_s2_l3_pregrasp_static_08_points128,35,20,0.6,pregrasp_static,primary_task_object,precomputed_reference_mask_sequence,mask_2_3_pregrasp_static_08,test,E10_ORACLE_HIDDEN_GT,True,20,1.0
2,v1r_vis_s2_l3_pregrasp_static_09,3,pregrasp_static,bowl_on_plate,3674727094,v1r_vis_s2_l3_pregrasp_static_09_state,v1r_vis_s2_l3_pregrasp_static_09_points128,20,20,0.6,pregrasp_static,primary_task_object,precomputed_reference_mask_sequence,mask_2_3_pregrasp_static_09,test,E00_CLEAN,False,0,0.0
2,v1r_vis_s2_l3_pregrasp_static_09,3,pregrasp_static,bowl_on_plate,3674727094,v1r_vis_s2_l3_pregrasp_static_09_state,v1r_vis_s2_l3_pregrasp_static_09_points128,20,20,0.6,pregrasp_static,primary_task_object,precomputed_reference_mask_sequence,mask_2_3_pregrasp_static_09,test,E10,False,5,0.25
2,v1r_vis_s2_l3_pregrasp_static_09,3,pregrasp_static,bowl_on_plate,3674727094,v1r_vis_s2_l3_pregrasp_static_09_state,v1r_vis_s2_l3_pregrasp_static_09_points128,20,20,0.6,pregrasp_static,primary_task_object,precomputed_reference_mask_sequence,mask_2_3_pregrasp_static_09,test,E10_ORACLE_HIDDEN_GT,True,5,0.25
2,v1r_vis_s2_l3_pregrasp_static_09,3,pregrasp_static,bowl_on_plate,3674727094,v1r_vis_s2_l3_pregrasp_static_09_state,v1r_vis_s2_l3_pregrasp_static_09_points128,20,20,0.6,pregrasp_static,primary_task_object,precomputed_reference_mask_sequence,mask_2_3_pregrasp_static_09,test,E10,False,10,0.5
2,v1r_vis_s2_l3_pregrasp_static_09,3,pregrasp_static,bowl_on_plate,3674727094,v1r_vis_s2_l3_pregrasp_static_09_state,v1r_vis_s2_l3_pregrasp_static_09_points128,20,20,0.6,pregrasp_static,primary_task_object,precomputed_reference_mask_sequence,mask_2_3_pregrasp_static_09,test,E10_ORACLE_HIDDEN_GT,True,10,0.5
2,v1r_vis_s2_l3_pregrasp_static_09,3,pregrasp_static,bowl_on_plate,3674727094,v1r_vis_s2_l3_pregrasp_static_09_state,v1r_vis_s2_l3_pregrasp_static_09_points128,20,20,0.6,pregrasp_static,primary_task_object,precomputed_reference_mask_sequence,mask_2_3_pregrasp_static_09,test,E10,False,20,1.0
2,v1r_vis_s2_l3_pregrasp_static_09,3,pregrasp_static,bowl_on_plate,3674727094,v1r_vis_s2_l3_pregrasp_static_09_state,v1r_vis_s2_l3_pregrasp_static_09_points128,20,20,0.6,pregrasp_static,primary_task_object,precomputed_reference_mask_sequence,mask_2_3_pregrasp_static_09,test,E10_ORACLE_HIDDEN_GT,True,20,1.0
2,v1r_vis_s2_l3_transport_moving_00,3,transport_moving,bowl_on_plate,2217711151,v1r_vis_s2_l3_transport_moving_00_state,v1r_vis_s2_l3_transport_moving_00_points128,20,20,0.6,transport_moving,primary_task_object,precomputed_reference_mask_sequence,mask_2_3_transport_moving_00,test,E00_CLEAN,False,0,0.0
2,v1r_vis_s2_l3_transport_moving_00,3,transport_moving,bowl_on_plate,2217711151,v1r_vis_s2_l3_transport_moving_00_state,v1r_vis_s2_l3_transport_moving_00_points128,20,20,0.6,transport_moving,primary_task_object,precomputed_reference_mask_sequence,mask_2_3_transport_moving_00,test,E10,False,5,0.25
2,v1r_vis_s2_l3_transport_moving_00,3,transport_moving,bowl_on_plate,2217711151,v1r_vis_s2_l3_transport_moving_00_state,v1r_vis_s2_l3_transport_moving_00_points128,20,20,0.6,transport_moving,primary_task_object,precomputed_reference_mask_sequence,mask_2_3_transport_moving_00,test,E10_ORACLE_HIDDEN_GT,True,5,0.25
2,v1r_vis_s2_l3_transport_moving_00,3,transport_moving,bowl_on_plate,2217711151,v1r_vis_s2_l3_transport_moving_00_state,v1r_vis_s2_l3_transport_moving_00_points128,20,20,0.6,transport_moving,primary_task_object,precomputed_reference_mask_sequence,mask_2_3_transport_moving_00,test,E10,False,10,0.5
2,v1r_vis_s2_l3_transport_moving_00,3,transport_moving,bowl_on_plate,2217711151,v1r_vis_s2_l3_transport_moving_00_state,v1r_vis_s2_l3_transport_moving_00_points128,20,20,0.6,transport_moving,primary_task_object,precomputed_reference_mask_sequence,mask_2_3_transport_moving_00,test,E10_ORACLE_HIDDEN_GT,True,10,0.5
2,v1r_vis_s2_l3_transport_moving_00,3,transport_moving,bowl_on_plate,2217711151,v1r_vis_s2_l3_transport_moving_00_state,v1r_vis_s2_l3_transport_moving_00_points128,20,20,0.6,transport_moving,primary_task_object,precomputed_reference_mask_sequence,mask_2_3_transport_moving_00,test,E10,False,20,1.0
2,v1r_vis_s2_l3_transport_moving_00,3,transport_moving,bowl_on_plate,2217711151,v1r_vis_s2_l3_transport_moving_00_state,v1r_vis_s2_l3_transport_moving_00_points128,20,20,0.6,transport_moving,primary_task_object,precomputed_reference_mask_sequence,mask_2_3_transport_moving_00,test,E10_ORACLE_HIDDEN_GT,True,20,1.0
2,v1r_vis_s2_l3_transport_moving_01,3,transport_moving,bowl_on_plate,1621169491,v1r_vis_s2_l3_transport_moving_01_state,v1r_vis_s2_l3_transport_moving_01_points128,25,20,0.6,transport_moving,primary_task_object,precomputed_reference_mask_sequence,mask_2_3_transport_moving_01,test,E00_CLEAN,False,0,0.0
2,v1r_vis_s2_l3_transport_moving_01,3,transport_moving,bowl_on_plate,1621169491,v1r_vis_s2_l3_transport_moving_01_state,v1r_vis_s2_l3_transport_moving_01_points128,25,20,0.6,transport_moving,primary_task_object,precomputed_reference_mask_sequence,mask_2_3_transport_moving_01,test,E10,False,5,0.25
2,v1r_vis_s2_l3_transport_moving_01,3,transport_moving,bowl_on_plate,1621169491,v1r_vis_s2_l3_transport_moving_01_state,v1r_vis_s2_l3_transport_moving_01_points128,25,20,0.6,transport_moving,primary_task_object,precomputed_reference_mask_sequence,mask_2_3_transport_moving_01,test,E10_ORACLE_HIDDEN_GT,True,5,0.25
2,v1r_vis_s2_l3_transport_moving_01,3,transport_moving,bowl_on_plate,1621169491,v1r_vis_s2_l3_transport_moving_01_state,v1r_vis_s2_l3_transport_moving_01_points128,25,20,0.6,transport_moving,primary_task_object,precomputed_reference_mask_sequence,mask_2_3_transport_moving_01,test,E10,False,10,0.5
2,v1r_vis_s2_l3_transport_moving_01,3,transport_moving,bowl_on_plate,1621169491,v1r_vis_s2_l3_transport_moving_01_state,v1r_vis_s2_l3_transport_moving_01_points128,25,20,0.6,transport_moving,primary_task_object,precomputed_reference_mask_sequence,mask_2_3_transport_moving_01,test,E10_ORACLE_HIDDEN_GT,True,10,0.5
2,v1r_vis_s2_l3_transport_moving_01,3,transport_moving,bowl_on_plate,1621169491,v1r_vis_s2_l3_transport_moving_01_state,v1r_vis_s2_l3_transport_moving_01_points128,25,20,0.6,transport_moving,primary_task_object,precomputed_reference_mask_sequence,mask_2_3_transport_moving_01,test,E10,False,20,1.0
2,v1r_vis_s2_l3_transport_moving_01,3,transport_moving,bowl_on_plate,1621169491,v1r_vis_s2_l3_transport_moving_01_state,v1r_vis_s2_l3_transport_moving_01_points128,25,20,0.6,transport_moving,primary_task_object,precomputed_reference_mask_sequence,mask_2_3_transport_moving_01,test,E10_ORACLE_HIDDEN_GT,True,20,1.0
2,v1r_vis_s2_l3_transport_moving_02,3,transport_moving,bowl_on_plate,3007872142,v1r_vis_s2_l3_transport_moving_02_state,v1r_vis_s2_l3_transport_moving_02_points128,30,20,0.6,transport_moving,primary_task_object,precomputed_reference_mask_sequence,mask_2_3_transport_moving_02,test,E00_CLEAN,False,0,0.0
2,v1r_vis_s2_l3_transport_moving_02,3,transport_moving,bowl_on_plate,3007872142,v1r_vis_s2_l3_transport_moving_02_state,v1r_vis_s2_l3_transport_moving_02_points128,30,20,0.6,transport_moving,primary_task_object,precomputed_reference_mask_sequence,mask_2_3_transport_moving_02,test,E10,False,5,0.25
2,v1r_vis_s2_l3_transport_moving_02,3,transport_moving,bowl_on_plate,3007872142,v1r_vis_s2_l3_transport_moving_02_state,v1r_vis_s2_l3_transport_moving_02_points128,30,20,0.6,transport_moving,primary_task_object,precomputed_reference_mask_sequence,mask_2_3_transport_moving_02,test,E10_ORACLE_HIDDEN_GT,True,5,0.25
2,v1r_vis_s2_l3_transport_moving_02,3,transport_moving,bowl_on_plate,3007872142,v1r_vis_s2_l3_transport_moving_02_state,v1r_vis_s2_l3_transport_moving_02_points128,30,20,0.6,transport_moving,primary_task_object,precomputed_reference_mask_sequence,mask_2_3_transport_moving_02,test,E10,False,10,0.5
2,v1r_vis_s2_l3_transport_moving_02,3,transport_moving,bowl_on_plate,3007872142,v1r_vis_s2_l3_transport_moving_02_state,v1r_vis_s2_l3_transport_moving_02_points128,30,20,0.6,transport_moving,primary_task_object,precomputed_reference_mask_sequence,mask_2_3_transport_moving_02,test,E10_ORACLE_HIDDEN_GT,True,10,0.5
2,v1r_vis_s2_l3_transport_moving_02,3,transport_moving,bowl_on_plate,3007872142,v1r_vis_s2_l3_transport_moving_02_state,v1r_vis_s2_l3_transport_moving_02_points128,30,20,0.6,transport_moving,primary_task_object,precomputed_reference_mask_sequence,mask_2_3_transport_moving_02,test,E10,False,20,1.0
2,v1r_vis_s2_l3_transport_moving_02,3,transport_moving,bowl_on_plate,3007872142,v1r_vis_s2_l3_transport_moving_02_state,v1r_vis_s2_l3_transport_moving_02_points128,30,20,0.6,transport_moving,primary_task_object,precomputed_reference_mask_sequence,mask_2_3_transport_moving_02,test,E10_ORACLE_HIDDEN_GT,True,20,1.0
2,v1r_vis_s2_l3_transport_moving_03,3,transport_moving,bowl_on_plate,3745331330,v1r_vis_s2_l3_transport_moving_03_state,v1r_vis_s2_l3_transport_moving_03_points128,35,20,0.6,transport_moving,primary_task_object,precomputed_reference_mask_sequence,mask_2_3_transport_moving_03,test,E00_CLEAN,False,0,0.0
2,v1r_vis_s2_l3_transport_moving_03,3,transport_moving,bowl_on_plate,3745331330,v1r_vis_s2_l3_transport_moving_03_state,v1r_vis_s2_l3_transport_moving_03_points128,35,20,0.6,transport_moving,primary_task_object,precomputed_reference_mask_sequence,mask_2_3_transport_moving_03,test,E10,False,5,0.25
2,v1r_vis_s2_l3_transport_moving_03,3,transport_moving,bowl_on_plate,3745331330,v1r_vis_s2_l3_transport_moving_03_state,v1r_vis_s2_l3_transport_moving_03_points128,35,20,0.6,transport_moving,primary_task_object,precomputed_reference_mask_sequence,mask_2_3_transport_moving_03,test,E10_ORACLE_HIDDEN_GT,True,5,0.25
2,v1r_vis_s2_l3_transport_moving_03,3,transport_moving,bowl_on_plate,3745331330,v1r_vis_s2_l3_transport_moving_03_state,v1r_vis_s2_l3_transport_moving_03_points128,35,20,0.6,transport_moving,primary_task_object,precomputed_reference_mask_sequence,mask_2_3_transport_moving_03,test,E10,False,10,0.5
2,v1r_vis_s2_l3_transport_moving_03,3,transport_moving,bowl_on_plate,3745331330,v1r_vis_s2_l3_transport_moving_03_state,v1r_vis_s2_l3_transport_moving_03_points128,35,20,0.6,transport_moving,primary_task_object,precomputed_reference_mask_sequence,mask_2_3_transport_moving_03,test,E10_ORACLE_HIDDEN_GT,True,10,0.5
2,v1r_vis_s2_l3_transport_moving_03,3,transport_moving,bowl_on_plate,3745331330,v1r_vis_s2_l3_transport_moving_03_state,v1r_vis_s2_l3_transport_moving_03_points128,35,20,0.6,transport_moving,primary_task_object,precomputed_reference_mask_sequence,mask_2_3_transport_moving_03,test,E10,False,20,1.0
2,v1r_vis_s2_l3_transport_moving_03,3,transport_moving,bowl_on_plate,3745331330,v1r_vis_s2_l3_transport_moving_03_state,v1r_vis_s2_l3_transport_moving_03_points128,35,20,0.6,transport_moving,primary_task_object,precomputed_reference_mask_sequence,mask_2_3_transport_moving_03,test,E10_ORACLE_HIDDEN_GT,True,20,1.0
2,v1r_vis_s2_l3_transport_moving_04,3,transport_moving,bowl_on_plate,2066850133,v1r_vis_s2_l3_transport_moving_04_state,v1r_vis_s2_l3_transport_moving_04_points128,20,20,0.6,transport_moving,primary_task_object,precomputed_reference_mask_sequence,mask_2_3_transport_moving_04,test,E00_CLEAN,False,0,0.0
2,v1r_vis_s2_l3_transport_moving_04,3,transport_moving,bowl_on_plate,2066850133,v1r_vis_s2_l3_transport_moving_04_state,v1r_vis_s2_l3_transport_moving_04_points128,20,20,0.6,transport_moving,primary_task_object,precomputed_reference_mask_sequence,mask_2_3_transport_moving_04,test,E10,False,5,0.25
2,v1r_vis_s2_l3_transport_moving_04,3,transport_moving,bowl_on_plate,2066850133,v1r_vis_s2_l3_transport_moving_04_state,v1r_vis_s2_l3_transport_moving_04_points128,20,20,0.6,transport_moving,primary_task_object,precomputed_reference_mask_sequence,mask_2_3_transport_moving_04,test,E10_ORACLE_HIDDEN_GT,True,5,0.25
2,v1r_vis_s2_l3_transport_moving_04,3,transport_moving,bowl_on_plate,2066850133,v1r_vis_s2_l3_transport_moving_04_state,v1r_vis_s2_l3_transport_moving_04_points128,20,20,0.6,transport_moving,primary_task_object,precomputed_reference_mask_sequence,mask_2_3_transport_moving_04,test,E10,False,10,0.5
2,v1r_vis_s2_l3_transport_moving_04,3,transport_moving,bowl_on_plate,2066850133,v1r_vis_s2_l3_transport_moving_04_state,v1r_vis_s2_l3_transport_moving_04_points128,20,20,0.6,transport_moving,primary_task_object,precomputed_reference_mask_sequence,mask_2_3_transport_moving_04,test,E10_ORACLE_HIDDEN_GT,True,10,0.5
2,v1r_vis_s2_l3_transport_moving_04,3,transport_moving,bowl_on_plate,2066850133,v1r_vis_s2_l3_transport_moving_04_state,v1r_vis_s2_l3_transport_moving_04_points128,20,20,0.6,transport_moving,primary_task_object,precomputed_reference_mask_sequence,mask_2_3_transport_moving_04,test,E10,False,20,1.0
2,v1r_vis_s2_l3_transport_moving_04,3,transport_moving,bowl_on_plate,2066850133,v1r_vis_s2_l3_transport_moving_04_state,v1r_vis_s2_l3_transport_moving_04_points128,20,20,0.6,transport_moving,primary_task_object,precomputed_reference_mask_sequence,mask_2_3_transport_moving_04,test,E10_ORACLE_HIDDEN_GT,True,20,1.0
2,v1r_vis_s2_l3_transport_moving_05,3,transport_moving,bowl_on_plate,52543364,v1r_vis_s2_l3_transport_moving_05_state,v1r_vis_s2_l3_transport_moving_05_points128,25,20,0.6,transport_moving,primary_task_object,precomputed_reference_mask_sequence,mask_2_3_transport_moving_05,test,E00_CLEAN,False,0,0.0
2,v1r_vis_s2_l3_transport_moving_05,3,transport_moving,bowl_on_plate,52543364,v1r_vis_s2_l3_transport_moving_05_state,v1r_vis_s2_l3_transport_moving_05_points128,25,20,0.6,transport_moving,primary_task_object,precomputed_reference_mask_sequence,mask_2_3_transport_moving_05,test,E10,False,5,0.25
2,v1r_vis_s2_l3_transport_moving_05,3,transport_moving,bowl_on_plate,52543364,v1r_vis_s2_l3_transport_moving_05_state,v1r_vis_s2_l3_transport_moving_05_points128,25,20,0.6,transport_moving,primary_task_object,precomputed_reference_mask_sequence,mask_2_3_transport_moving_05,test,E10_ORACLE_HIDDEN_GT,True,5,0.25
2,v1r_vis_s2_l3_transport_moving_05,3,transport_moving,bowl_on_plate,52543364,v1r_vis_s2_l3_transport_moving_05_state,v1r_vis_s2_l3_transport_moving_05_points128,25,20,0.6,transport_moving,primary_task_object,precomputed_reference_mask_sequence,mask_2_3_transport_moving_05,test,E10,False,10,0.5
2,v1r_vis_s2_l3_transport_moving_05,3,transport_moving,bowl_on_plate,52543364,v1r_vis_s2_l3_transport_moving_05_state,v1r_vis_s2_l3_transport_moving_05_points128,25,20,0.6,transport_moving,primary_task_object,precomputed_reference_mask_sequence,mask_2_3_transport_moving_05,test,E10_ORACLE_HIDDEN_GT,True,10,0.5
2,v1r_vis_s2_l3_transport_moving_05,3,transport_moving,bowl_on_plate,52543364,v1r_vis_s2_l3_transport_moving_05_state,v1r_vis_s2_l3_transport_moving_05_points128,25,20,0.6,transport_moving,primary_task_object,precomputed_reference_mask_sequence,mask_2_3_transport_moving_05,test,E10,False,20,1.0
2,v1r_vis_s2_l3_transport_moving_05,3,transport_moving,bowl_on_plate,52543364,v1r_vis_s2_l3_transport_moving_05_state,v1r_vis_s2_l3_transport_moving_05_points128,25,20,0.6,transport_moving,primary_task_object,precomputed_reference_mask_sequence,mask_2_3_transport_moving_05,test,E10_ORACLE_HIDDEN_GT,True,20,1.0
2,v1r_vis_s2_l3_transport_moving_06,3,transport_moving,bowl_on_plate,1238507368,v1r_vis_s2_l3_transport_moving_06_state,v1r_vis_s2_l3_transport_moving_06_points128,30,20,0.6,transport_moving,primary_task_object,precomputed_reference_mask_sequence,mask_2_3_transport_moving_06,test,E00_CLEAN,False,0,0.0
2,v1r_vis_s2_l3_transport_moving_06,3,transport_moving,bowl_on_plate,1238507368,v1r_vis_s2_l3_transport_moving_06_state,v1r_vis_s2_l3_transport_moving_06_points128,30,20,0.6,transport_moving,primary_task_object,precomputed_reference_mask_sequence,mask_2_3_transport_moving_06,test,E10,False,5,0.25
2,v1r_vis_s2_l3_transport_moving_06,3,transport_moving,bowl_on_plate,1238507368,v1r_vis_s2_l3_transport_moving_06_state,v1r_vis_s2_l3_transport_moving_06_points128,30,20,0.6,transport_moving,primary_task_object,precomputed_reference_mask_sequence,mask_2_3_transport_moving_06,test,E10_ORACLE_HIDDEN_GT,True,5,0.25
2,v1r_vis_s2_l3_transport_moving_06,3,transport_moving,bowl_on_plate,1238507368,v1r_vis_s2_l3_transport_moving_06_state,v1r_vis_s2_l3_transport_moving_06_points128,30,20,0.6,transport_moving,primary_task_object,precomputed_reference_mask_sequence,mask_2_3_transport_moving_06,test,E10,False,10,0.5
2,v1r_vis_s2_l3_transport_moving_06,3,transport_moving,bowl_on_plate,1238507368,v1r_vis_s2_l3_transport_moving_06_state,v1r_vis_s2_l3_transport_moving_06_points128,30,20,0.6,transport_moving,primary_task_object,precomputed_reference_mask_sequence,mask_2_3_transport_moving_06,test,E10_ORACLE_HIDDEN_GT,True,10,0.5
2,v1r_vis_s2_l3_transport_moving_06,3,transport_moving,bowl_on_plate,1238507368,v1r_vis_s2_l3_transport_moving_06_state,v1r_vis_s2_l3_transport_moving_06_points128,30,20,0.6,transport_moving,primary_task_object,precomputed_reference_mask_sequence,mask_2_3_transport_moving_06,test,E10,False,20,1.0
2,v1r_vis_s2_l3_transport_moving_06,3,transport_moving,bowl_on_plate,1238507368,v1r_vis_s2_l3_transport_moving_06_state,v1r_vis_s2_l3_transport_moving_06_points128,30,20,0.6,transport_moving,primary_task_object,precomputed_reference_mask_sequence,mask_2_3_transport_moving_06,test,E10_ORACLE_HIDDEN_GT,True,20,1.0
2,v1r_vis_s2_l3_transport_moving_07,3,transport_moving,bowl_on_plate,3163661931,v1r_vis_s2_l3_transport_moving_07_state,v1r_vis_s2_l3_transport_moving_07_points128,35,20,0.6,transport_moving,primary_task_object,precomputed_reference_mask_sequence,mask_2_3_transport_moving_07,test,E00_CLEAN,False,0,0.0
2,v1r_vis_s2_l3_transport_moving_07,3,transport_moving,bowl_on_plate,3163661931,v1r_vis_s2_l3_transport_moving_07_state,v1r_vis_s2_l3_transport_moving_07_points128,35,20,0.6,transport_moving,primary_task_object,precomputed_reference_mask_sequence,mask_2_3_transport_moving_07,test,E10,False,5,0.25
2,v1r_vis_s2_l3_transport_moving_07,3,transport_moving,bowl_on_plate,3163661931,v1r_vis_s2_l3_transport_moving_07_state,v1r_vis_s2_l3_transport_moving_07_points128,35,20,0.6,transport_moving,primary_task_object,precomputed_reference_mask_sequence,mask_2_3_transport_moving_07,test,E10_ORACLE_HIDDEN_GT,True,5,0.25
2,v1r_vis_s2_l3_transport_moving_07,3,transport_moving,bowl_on_plate,3163661931,v1r_vis_s2_l3_transport_moving_07_state,v1r_vis_s2_l3_transport_moving_07_points128,35,20,0.6,transport_moving,primary_task_object,precomputed_reference_mask_sequence,mask_2_3_transport_moving_07,test,E10,False,10,0.5
2,v1r_vis_s2_l3_transport_moving_07,3,transport_moving,bowl_on_plate,3163661931,v1r_vis_s2_l3_transport_moving_07_state,v1r_vis_s2_l3_transport_moving_07_points128,35,20,0.6,transport_moving,primary_task_object,precomputed_reference_mask_sequence,mask_2_3_transport_moving_07,test,E10_ORACLE_HIDDEN_GT,True,10,0.5
2,v1r_vis_s2_l3_transport_moving_07,3,transport_moving,bowl_on_plate,3163661931,v1r_vis_s2_l3_transport_moving_07_state,v1r_vis_s2_l3_transport_moving_07_points128,35,20,0.6,transport_moving,primary_task_object,precomputed_reference_mask_sequence,mask_2_3_transport_moving_07,test,E10,False,20,1.0
2,v1r_vis_s2_l3_transport_moving_07,3,transport_moving,bowl_on_plate,3163661931,v1r_vis_s2_l3_transport_moving_07_state,v1r_vis_s2_l3_transport_moving_07_points128,35,20,0.6,transport_moving,primary_task_object,precomputed_reference_mask_sequence,mask_2_3_transport_moving_07,test,E10_ORACLE_HIDDEN_GT,True,20,1.0
2,v1r_vis_s2_l3_transport_moving_08,3,transport_moving,bowl_on_plate,35300817,v1r_vis_s2_l3_transport_moving_08_state,v1r_vis_s2_l3_transport_moving_08_points128,20,20,0.6,transport_moving,primary_task_object,precomputed_reference_mask_sequence,mask_2_3_transport_moving_08,test,E00_CLEAN,False,0,0.0
2,v1r_vis_s2_l3_transport_moving_08,3,transport_moving,bowl_on_plate,35300817,v1r_vis_s2_l3_transport_moving_08_state,v1r_vis_s2_l3_transport_moving_08_points128,20,20,0.6,transport_moving,primary_task_object,precomputed_reference_mask_sequence,mask_2_3_transport_moving_08,test,E10,False,5,0.25
2,v1r_vis_s2_l3_transport_moving_08,3,transport_moving,bowl_on_plate,35300817,v1r_vis_s2_l3_transport_moving_08_state,v1r_vis_s2_l3_transport_moving_08_points128,20,20,0.6,transport_moving,primary_task_object,precomputed_reference_mask_sequence,mask_2_3_transport_moving_08,test,E10_ORACLE_HIDDEN_GT,True,5,0.25
2,v1r_vis_s2_l3_transport_moving_08,3,transport_moving,bowl_on_plate,35300817,v1r_vis_s2_l3_transport_moving_08_state,v1r_vis_s2_l3_transport_moving_08_points128,20,20,0.6,transport_moving,primary_task_object,precomputed_reference_mask_sequence,mask_2_3_transport_moving_08,test,E10,False,10,0.5
2,v1r_vis_s2_l3_transport_moving_08,3,transport_moving,bowl_on_plate,35300817,v1r_vis_s2_l3_transport_moving_08_state,v1r_vis_s2_l3_transport_moving_08_points128,20,20,0.6,transport_moving,primary_task_object,precomputed_reference_mask_sequence,mask_2_3_transport_moving_08,test,E10_ORACLE_HIDDEN_GT,True,10,0.5
2,v1r_vis_s2_l3_transport_moving_08,3,transport_moving,bowl_on_plate,35300817,v1r_vis_s2_l3_transport_moving_08_state,v1r_vis_s2_l3_transport_moving_08_points128,20,20,0.6,transport_moving,primary_task_object,precomputed_reference_mask_sequence,mask_2_3_transport_moving_08,test,E10,False,20,1.0
2,v1r_vis_s2_l3_transport_moving_08,3,transport_moving,bowl_on_plate,35300817,v1r_vis_s2_l3_transport_moving_08_state,v1r_vis_s2_l3_transport_moving_08_points128,20,20,0.6,transport_moving,primary_task_object,precomputed_reference_mask_sequence,mask_2_3_transport_moving_08,test,E10_ORACLE_HIDDEN_GT,True,20,1.0
2,v1r_vis_s2_l3_transport_moving_09,3,transport_moving,bowl_on_plate,3033167825,v1r_vis_s2_l3_transport_moving_09_state,v1r_vis_s2_l3_transport_moving_09_points128,25,20,0.6,transport_moving,primary_task_object,precomputed_reference_mask_sequence,mask_2_3_transport_moving_09,test,E00_CLEAN,False,0,0.0
2,v1r_vis_s2_l3_transport_moving_09,3,transport_moving,bowl_on_plate,3033167825,v1r_vis_s2_l3_transport_moving_09_state,v1r_vis_s2_l3_transport_moving_09_points128,25,20,0.6,transport_moving,primary_task_object,precomputed_reference_mask_sequence,mask_2_3_transport_moving_09,test,E10,False,5,0.25
2,v1r_vis_s2_l3_transport_moving_09,3,transport_moving,bowl_on_plate,3033167825,v1r_vis_s2_l3_transport_moving_09_state,v1r_vis_s2_l3_transport_moving_09_points128,25,20,0.6,transport_moving,primary_task_object,precomputed_reference_mask_sequence,mask_2_3_transport_moving_09,test,E10_ORACLE_HIDDEN_GT,True,5,0.25
2,v1r_vis_s2_l3_transport_moving_09,3,transport_moving,bowl_on_plate,3033167825,v1r_vis_s2_l3_transport_moving_09_state,v1r_vis_s2_l3_transport_moving_09_points128,25,20,0.6,transport_moving,primary_task_object,precomputed_reference_mask_sequence,mask_2_3_transport_moving_09,test,E10,False,10,0.5
2,v1r_vis_s2_l3_transport_moving_09,3,transport_moving,bowl_on_plate,3033167825,v1r_vis_s2_l3_transport_moving_09_state,v1r_vis_s2_l3_transport_moving_09_points128,25,20,0.6,transport_moving,primary_task_object,precomputed_reference_mask_sequence,mask_2_3_transport_moving_09,test,E10_ORACLE_HIDDEN_GT,True,10,0.5
2,v1r_vis_s2_l3_transport_moving_09,3,transport_moving,bowl_on_plate,3033167825,v1r_vis_s2_l3_transport_moving_09_state,v1r_vis_s2_l3_transport_moving_09_points128,25,20,0.6,transport_moving,primary_task_object,precomputed_reference_mask_sequence,mask_2_3_transport_moving_09,test,E10,False,20,1.0
2,v1r_vis_s2_l3_transport_moving_09,3,transport_moving,bowl_on_plate,3033167825,v1r_vis_s2_l3_transport_moving_09_state,v1r_vis_s2_l3_transport_moving_09_points128,25,20,0.6,transport_moving,primary_task_object,precomputed_reference_mask_sequence,mask_2_3_transport_moving_09,test,E10_ORACLE_HIDDEN_GT,True,20,1.0
2,v1r_vis_s2_l4_pregrasp_static_00,4,pregrasp_static,bowl_on_plate,2956230798,v1r_vis_s2_l4_pregrasp_static_00_state,v1r_vis_s2_l4_pregrasp_static_00_points128,20,20,0.6,pregrasp_static,primary_task_object,precomputed_reference_mask_sequence,mask_2_4_pregrasp_static_00,test,E00_CLEAN,False,0,0.0
2,v1r_vis_s2_l4_pregrasp_static_00,4,pregrasp_static,bowl_on_plate,2956230798,v1r_vis_s2_l4_pregrasp_static_00_state,v1r_vis_s2_l4_pregrasp_static_00_points128,20,20,0.6,pregrasp_static,primary_task_object,precomputed_reference_mask_sequence,mask_2_4_pregrasp_static_00,test,E10,False,5,0.25
2,v1r_vis_s2_l4_pregrasp_static_00,4,pregrasp_static,bowl_on_plate,2956230798,v1r_vis_s2_l4_pregrasp_static_00_state,v1r_vis_s2_l4_pregrasp_static_00_points128,20,20,0.6,pregrasp_static,primary_task_object,precomputed_reference_mask_sequence,mask_2_4_pregrasp_static_00,test,E10_ORACLE_HIDDEN_GT,True,5,0.25
2,v1r_vis_s2_l4_pregrasp_static_00,4,pregrasp_static,bowl_on_plate,2956230798,v1r_vis_s2_l4_pregrasp_static_00_state,v1r_vis_s2_l4_pregrasp_static_00_points128,20,20,0.6,pregrasp_static,primary_task_object,precomputed_reference_mask_sequence,mask_2_4_pregrasp_static_00,test,E10,False,10,0.5
2,v1r_vis_s2_l4_pregrasp_static_00,4,pregrasp_static,bowl_on_plate,2956230798,v1r_vis_s2_l4_pregrasp_static_00_state,v1r_vis_s2_l4_pregrasp_static_00_points128,20,20,0.6,pregrasp_static,primary_task_object,precomputed_reference_mask_sequence,mask_2_4_pregrasp_static_00,test,E10_ORACLE_HIDDEN_GT,True,10,0.5
2,v1r_vis_s2_l4_pregrasp_static_00,4,pregrasp_static,bowl_on_plate,2956230798,v1r_vis_s2_l4_pregrasp_static_00_state,v1r_vis_s2_l4_pregrasp_static_00_points128,20,20,0.6,pregrasp_static,primary_task_object,precomputed_reference_mask_sequence,mask_2_4_pregrasp_static_00,test,E10,False,20,1.0
2,v1r_vis_s2_l4_pregrasp_static_00,4,pregrasp_static,bowl_on_plate,2956230798,v1r_vis_s2_l4_pregrasp_static_00_state,v1r_vis_s2_l4_pregrasp_static_00_points128,20,20,0.6,pregrasp_static,primary_task_object,precomputed_reference_mask_sequence,mask_2_4_pregrasp_static_00,test,E10_ORACLE_HIDDEN_GT,True,20,1.0
2,v1r_vis_s2_l4_pregrasp_static_01,4,pregrasp_static,bowl_on_plate,2992932027,v1r_vis_s2_l4_pregrasp_static_01_state,v1r_vis_s2_l4_pregrasp_static_01_points128,25,20,0.6,pregrasp_static,primary_task_object,precomputed_reference_mask_sequence,mask_2_4_pregrasp_static_01,test,E00_CLEAN,False,0,0.0
2,v1r_vis_s2_l4_pregrasp_static_01,4,pregrasp_static,bowl_on_plate,2992932027,v1r_vis_s2_l4_pregrasp_static_01_state,v1r_vis_s2_l4_pregrasp_static_01_points128,25,20,0.6,pregrasp_static,primary_task_object,precomputed_reference_mask_sequence,mask_2_4_pregrasp_static_01,test,E10,False,5,0.25
2,v1r_vis_s2_l4_pregrasp_static_01,4,pregrasp_static,bowl_on_plate,2992932027,v1r_vis_s2_l4_pregrasp_static_01_state,v1r_vis_s2_l4_pregrasp_static_01_points128,25,20,0.6,pregrasp_static,primary_task_object,precomputed_reference_mask_sequence,mask_2_4_pregrasp_static_01,test,E10_ORACLE_HIDDEN_GT,True,5,0.25
2,v1r_vis_s2_l4_pregrasp_static_01,4,pregrasp_static,bowl_on_plate,2992932027,v1r_vis_s2_l4_pregrasp_static_01_state,v1r_vis_s2_l4_pregrasp_static_01_points128,25,20,0.6,pregrasp_static,primary_task_object,precomputed_reference_mask_sequence,mask_2_4_pregrasp_static_01,test,E10,False,10,0.5
2,v1r_vis_s2_l4_pregrasp_static_01,4,pregrasp_static,bowl_on_plate,2992932027,v1r_vis_s2_l4_pregrasp_static_01_state,v1r_vis_s2_l4_pregrasp_static_01_points128,25,20,0.6,pregrasp_static,primary_task_object,precomputed_reference_mask_sequence,mask_2_4_pregrasp_static_01,test,E10_ORACLE_HIDDEN_GT,True,10,0.5
2,v1r_vis_s2_l4_pregrasp_static_01,4,pregrasp_static,bowl_on_plate,2992932027,v1r_vis_s2_l4_pregrasp_static_01_state,v1r_vis_s2_l4_pregrasp_static_01_points128,25,20,0.6,pregrasp_static,primary_task_object,precomputed_reference_mask_sequence,mask_2_4_pregrasp_static_01,test,E10,False,20,1.0
2,v1r_vis_s2_l4_pregrasp_static_01,4,pregrasp_static,bowl_on_plate,2992932027,v1r_vis_s2_l4_pregrasp_static_01_state,v1r_vis_s2_l4_pregrasp_static_01_points128,25,20,0.6,pregrasp_static,primary_task_object,precomputed_reference_mask_sequence,mask_2_4_pregrasp_static_01,test,E10_ORACLE_HIDDEN_GT,True,20,1.0
2,v1r_vis_s2_l4_pregrasp_static_02,4,pregrasp_static,bowl_on_plate,4226061889,v1r_vis_s2_l4_pregrasp_static_02_state,v1r_vis_s2_l4_pregrasp_static_02_points128,30,20,0.6,pregrasp_static,primary_task_object,precomputed_reference_mask_sequence,mask_2_4_pregrasp_static_02,test,E00_CLEAN,False,0,0.0
2,v1r_vis_s2_l4_pregrasp_static_02,4,pregrasp_static,bowl_on_plate,4226061889,v1r_vis_s2_l4_pregrasp_static_02_state,v1r_vis_s2_l4_pregrasp_static_02_points128,30,20,0.6,pregrasp_static,primary_task_object,precomputed_reference_mask_sequence,mask_2_4_pregrasp_static_02,test,E10,False,5,0.25
2,v1r_vis_s2_l4_pregrasp_static_02,4,pregrasp_static,bowl_on_plate,4226061889,v1r_vis_s2_l4_pregrasp_static_02_state,v1r_vis_s2_l4_pregrasp_static_02_points128,30,20,0.6,pregrasp_static,primary_task_object,precomputed_reference_mask_sequence,mask_2_4_pregrasp_static_02,test,E10_ORACLE_HIDDEN_GT,True,5,0.25
2,v1r_vis_s2_l4_pregrasp_static_02,4,pregrasp_static,bowl_on_plate,4226061889,v1r_vis_s2_l4_pregrasp_static_02_state,v1r_vis_s2_l4_pregrasp_static_02_points128,30,20,0.6,pregrasp_static,primary_task_object,precomputed_reference_mask_sequence,mask_2_4_pregrasp_static_02,test,E10,False,10,0.5
2,v1r_vis_s2_l4_pregrasp_static_02,4,pregrasp_static,bowl_on_plate,4226061889,v1r_vis_s2_l4_pregrasp_static_02_state,v1r_vis_s2_l4_pregrasp_static_02_points128,30,20,0.6,pregrasp_static,primary_task_object,precomputed_reference_mask_sequence,mask_2_4_pregrasp_static_02,test,E10_ORACLE_HIDDEN_GT,True,10,0.5
2,v1r_vis_s2_l4_pregrasp_static_02,4,pregrasp_static,bowl_on_plate,4226061889,v1r_vis_s2_l4_pregrasp_static_02_state,v1r_vis_s2_l4_pregrasp_static_02_points128,30,20,0.6,pregrasp_static,primary_task_object,precomputed_reference_mask_sequence,mask_2_4_pregrasp_static_02,test,E10,False,20,1.0
2,v1r_vis_s2_l4_pregrasp_static_02,4,pregrasp_static,bowl_on_plate,4226061889,v1r_vis_s2_l4_pregrasp_static_02_state,v1r_vis_s2_l4_pregrasp_static_02_points128,30,20,0.6,pregrasp_static,primary_task_object,precomputed_reference_mask_sequence,mask_2_4_pregrasp_static_02,test,E10_ORACLE_HIDDEN_GT,True,20,1.0
2,v1r_vis_s2_l4_pregrasp_static_03,4,pregrasp_static,bowl_on_plate,3879512118,v1r_vis_s2_l4_pregrasp_static_03_state,v1r_vis_s2_l4_pregrasp_static_03_points128,35,20,0.6,pregrasp_static,primary_task_object,precomputed_reference_mask_sequence,mask_2_4_pregrasp_static_03,test,E00_CLEAN,False,0,0.0
2,v1r_vis_s2_l4_pregrasp_static_03,4,pregrasp_static,bowl_on_plate,3879512118,v1r_vis_s2_l4_pregrasp_static_03_state,v1r_vis_s2_l4_pregrasp_static_03_points128,35,20,0.6,pregrasp_static,primary_task_object,precomputed_reference_mask_sequence,mask_2_4_pregrasp_static_03,test,E10,False,5,0.25
2,v1r_vis_s2_l4_pregrasp_static_03,4,pregrasp_static,bowl_on_plate,3879512118,v1r_vis_s2_l4_pregrasp_static_03_state,v1r_vis_s2_l4_pregrasp_static_03_points128,35,20,0.6,pregrasp_static,primary_task_object,precomputed_reference_mask_sequence,mask_2_4_pregrasp_static_03,test,E10_ORACLE_HIDDEN_GT,True,5,0.25
2,v1r_vis_s2_l4_pregrasp_static_03,4,pregrasp_static,bowl_on_plate,3879512118,v1r_vis_s2_l4_pregrasp_static_03_state,v1r_vis_s2_l4_pregrasp_static_03_points128,35,20,0.6,pregrasp_static,primary_task_object,precomputed_reference_mask_sequence,mask_2_4_pregrasp_static_03,test,E10,False,10,0.5
2,v1r_vis_s2_l4_pregrasp_static_03,4,pregrasp_static,bowl_on_plate,3879512118,v1r_vis_s2_l4_pregrasp_static_03_state,v1r_vis_s2_l4_pregrasp_static_03_points128,35,20,0.6,pregrasp_static,primary_task_object,precomputed_reference_mask_sequence,mask_2_4_pregrasp_static_03,test,E10_ORACLE_HIDDEN_GT,True,10,0.5
2,v1r_vis_s2_l4_pregrasp_static_03,4,pregrasp_static,bowl_on_plate,3879512118,v1r_vis_s2_l4_pregrasp_static_03_state,v1r_vis_s2_l4_pregrasp_static_03_points128,35,20,0.6,pregrasp_static,primary_task_object,precomputed_reference_mask_sequence,mask_2_4_pregrasp_static_03,test,E10,False,20,1.0
2,v1r_vis_s2_l4_pregrasp_static_03,4,pregrasp_static,bowl_on_plate,3879512118,v1r_vis_s2_l4_pregrasp_static_03_state,v1r_vis_s2_l4_pregrasp_static_03_points128,35,20,0.6,pregrasp_static,primary_task_object,precomputed_reference_mask_sequence,mask_2_4_pregrasp_static_03,test,E10_ORACLE_HIDDEN_GT,True,20,1.0
2,v1r_vis_s2_l4_pregrasp_static_04,4,pregrasp_static,bowl_on_plate,1226864353,v1r_vis_s2_l4_pregrasp_static_04_state,v1r_vis_s2_l4_pregrasp_static_04_points128,20,20,0.6,pregrasp_static,primary_task_object,precomputed_reference_mask_sequence,mask_2_4_pregrasp_static_04,test,E00_CLEAN,False,0,0.0
2,v1r_vis_s2_l4_pregrasp_static_04,4,pregrasp_static,bowl_on_plate,1226864353,v1r_vis_s2_l4_pregrasp_static_04_state,v1r_vis_s2_l4_pregrasp_static_04_points128,20,20,0.6,pregrasp_static,primary_task_object,precomputed_reference_mask_sequence,mask_2_4_pregrasp_static_04,test,E10,False,5,0.25
2,v1r_vis_s2_l4_pregrasp_static_04,4,pregrasp_static,bowl_on_plate,1226864353,v1r_vis_s2_l4_pregrasp_static_04_state,v1r_vis_s2_l4_pregrasp_static_04_points128,20,20,0.6,pregrasp_static,primary_task_object,precomputed_reference_mask_sequence,mask_2_4_pregrasp_static_04,test,E10_ORACLE_HIDDEN_GT,True,5,0.25
2,v1r_vis_s2_l4_pregrasp_static_04,4,pregrasp_static,bowl_on_plate,1226864353,v1r_vis_s2_l4_pregrasp_static_04_state,v1r_vis_s2_l4_pregrasp_static_04_points128,20,20,0.6,pregrasp_static,primary_task_object,precomputed_reference_mask_sequence,mask_2_4_pregrasp_static_04,test,E10,False,10,0.5
2,v1r_vis_s2_l4_pregrasp_static_04,4,pregrasp_static,bowl_on_plate,1226864353,v1r_vis_s2_l4_pregrasp_static_04_state,v1r_vis_s2_l4_pregrasp_static_04_points128,20,20,0.6,pregrasp_static,primary_task_object,precomputed_reference_mask_sequence,mask_2_4_pregrasp_static_04,test,E10_ORACLE_HIDDEN_GT,True,10,0.5
2,v1r_vis_s2_l4_pregrasp_static_04,4,pregrasp_static,bowl_on_plate,1226864353,v1r_vis_s2_l4_pregrasp_static_04_state,v1r_vis_s2_l4_pregrasp_static_04_points128,20,20,0.6,pregrasp_static,primary_task_object,precomputed_reference_mask_sequence,mask_2_4_pregrasp_static_04,test,E10,False,20,1.0
2,v1r_vis_s2_l4_pregrasp_static_04,4,pregrasp_static,bowl_on_plate,1226864353,v1r_vis_s2_l4_pregrasp_static_04_state,v1r_vis_s2_l4_pregrasp_static_04_points128,20,20,0.6,pregrasp_static,primary_task_object,precomputed_reference_mask_sequence,mask_2_4_pregrasp_static_04,test,E10_ORACLE_HIDDEN_GT,True,20,1.0
2,v1r_vis_s2_l4_pregrasp_static_05,4,pregrasp_static,bowl_on_plate,865047351,v1r_vis_s2_l4_pregrasp_static_05_state,v1r_vis_s2_l4_pregrasp_static_05_points128,25,20,0.6,pregrasp_static,primary_task_object,precomputed_reference_mask_sequence,mask_2_4_pregrasp_static_05,test,E00_CLEAN,False,0,0.0
2,v1r_vis_s2_l4_pregrasp_static_05,4,pregrasp_static,bowl_on_plate,865047351,v1r_vis_s2_l4_pregrasp_static_05_state,v1r_vis_s2_l4_pregrasp_static_05_points128,25,20,0.6,pregrasp_static,primary_task_object,precomputed_reference_mask_sequence,mask_2_4_pregrasp_static_05,test,E10,False,5,0.25
2,v1r_vis_s2_l4_pregrasp_static_05,4,pregrasp_static,bowl_on_plate,865047351,v1r_vis_s2_l4_pregrasp_static_05_state,v1r_vis_s2_l4_pregrasp_static_05_points128,25,20,0.6,pregrasp_static,primary_task_object,precomputed_reference_mask_sequence,mask_2_4_pregrasp_static_05,test,E10_ORACLE_HIDDEN_GT,True,5,0.25
2,v1r_vis_s2_l4_pregrasp_static_05,4,pregrasp_static,bowl_on_plate,865047351,v1r_vis_s2_l4_pregrasp_static_05_state,v1r_vis_s2_l4_pregrasp_static_05_points128,25,20,0.6,pregrasp_static,primary_task_object,precomputed_reference_mask_sequence,mask_2_4_pregrasp_static_05,test,E10,False,10,0.5
2,v1r_vis_s2_l4_pregrasp_static_05,4,pregrasp_static,bowl_on_plate,865047351,v1r_vis_s2_l4_pregrasp_static_05_state,v1r_vis_s2_l4_pregrasp_static_05_points128,25,20,0.6,pregrasp_static,primary_task_object,precomputed_reference_mask_sequence,mask_2_4_pregrasp_static_05,test,E10_ORACLE_HIDDEN_GT,True,10,0.5
2,v1r_vis_s2_l4_pregrasp_static_05,4,pregrasp_static,bowl_on_plate,865047351,v1r_vis_s2_l4_pregrasp_static_05_state,v1r_vis_s2_l4_pregrasp_static_05_points128,25,20,0.6,pregrasp_static,primary_task_object,precomputed_reference_mask_sequence,mask_2_4_pregrasp_static_05,test,E10,False,20,1.0
2,v1r_vis_s2_l4_pregrasp_static_05,4,pregrasp_static,bowl_on_plate,865047351,v1r_vis_s2_l4_pregrasp_static_05_state,v1r_vis_s2_l4_pregrasp_static_05_points128,25,20,0.6,pregrasp_static,primary_task_object,precomputed_reference_mask_sequence,mask_2_4_pregrasp_static_05,test,E10_ORACLE_HIDDEN_GT,True,20,1.0
2,v1r_vis_s2_l4_pregrasp_static_06,4,pregrasp_static,bowl_on_plate,1959412006,v1r_vis_s2_l4_pregrasp_static_06_state,v1r_vis_s2_l4_pregrasp_static_06_points128,30,20,0.6,pregrasp_static,primary_task_object,precomputed_reference_mask_sequence,mask_2_4_pregrasp_static_06,test,E00_CLEAN,False,0,0.0
2,v1r_vis_s2_l4_pregrasp_static_06,4,pregrasp_static,bowl_on_plate,1959412006,v1r_vis_s2_l4_pregrasp_static_06_state,v1r_vis_s2_l4_pregrasp_static_06_points128,30,20,0.6,pregrasp_static,primary_task_object,precomputed_reference_mask_sequence,mask_2_4_pregrasp_static_06,test,E10,False,5,0.25
2,v1r_vis_s2_l4_pregrasp_static_06,4,pregrasp_static,bowl_on_plate,1959412006,v1r_vis_s2_l4_pregrasp_static_06_state,v1r_vis_s2_l4_pregrasp_static_06_points128,30,20,0.6,pregrasp_static,primary_task_object,precomputed_reference_mask_sequence,mask_2_4_pregrasp_static_06,test,E10_ORACLE_HIDDEN_GT,True,5,0.25
2,v1r_vis_s2_l4_pregrasp_static_06,4,pregrasp_static,bowl_on_plate,1959412006,v1r_vis_s2_l4_pregrasp_static_06_state,v1r_vis_s2_l4_pregrasp_static_06_points128,30,20,0.6,pregrasp_static,primary_task_object,precomputed_reference_mask_sequence,mask_2_4_pregrasp_static_06,test,E10,False,10,0.5
2,v1r_vis_s2_l4_pregrasp_static_06,4,pregrasp_static,bowl_on_plate,1959412006,v1r_vis_s2_l4_pregrasp_static_06_state,v1r_vis_s2_l4_pregrasp_static_06_points128,30,20,0.6,pregrasp_static,primary_task_object,precomputed_reference_mask_sequence,mask_2_4_pregrasp_static_06,test,E10_ORACLE_HIDDEN_GT,True,10,0.5
2,v1r_vis_s2_l4_pregrasp_static_06,4,pregrasp_static,bowl_on_plate,1959412006,v1r_vis_s2_l4_pregrasp_static_06_state,v1r_vis_s2_l4_pregrasp_static_06_points128,30,20,0.6,pregrasp_static,primary_task_object,precomputed_reference_mask_sequence,mask_2_4_pregrasp_static_06,test,E10,False,20,1.0
2,v1r_vis_s2_l4_pregrasp_static_06,4,pregrasp_static,bowl_on_plate,1959412006,v1r_vis_s2_l4_pregrasp_static_06_state,v1r_vis_s2_l4_pregrasp_static_06_points128,30,20,0.6,pregrasp_static,primary_task_object,precomputed_reference_mask_sequence,mask_2_4_pregrasp_static_06,test,E10_ORACLE_HIDDEN_GT,True,20,1.0
2,v1r_vis_s2_l4_pregrasp_static_07,4,pregrasp_static,bowl_on_plate,2456616261,v1r_vis_s2_l4_pregrasp_static_07_state,v1r_vis_s2_l4_pregrasp_static_07_points128,35,20,0.6,pregrasp_static,primary_task_object,precomputed_reference_mask_sequence,mask_2_4_pregrasp_static_07,test,E00_CLEAN,False,0,0.0
2,v1r_vis_s2_l4_pregrasp_static_07,4,pregrasp_static,bowl_on_plate,2456616261,v1r_vis_s2_l4_pregrasp_static_07_state,v1r_vis_s2_l4_pregrasp_static_07_points128,35,20,0.6,pregrasp_static,primary_task_object,precomputed_reference_mask_sequence,mask_2_4_pregrasp_static_07,test,E10,False,5,0.25
2,v1r_vis_s2_l4_pregrasp_static_07,4,pregrasp_static,bowl_on_plate,2456616261,v1r_vis_s2_l4_pregrasp_static_07_state,v1r_vis_s2_l4_pregrasp_static_07_points128,35,20,0.6,pregrasp_static,primary_task_object,precomputed_reference_mask_sequence,mask_2_4_pregrasp_static_07,test,E10_ORACLE_HIDDEN_GT,True,5,0.25
2,v1r_vis_s2_l4_pregrasp_static_07,4,pregrasp_static,bowl_on_plate,2456616261,v1r_vis_s2_l4_pregrasp_static_07_state,v1r_vis_s2_l4_pregrasp_static_07_points128,35,20,0.6,pregrasp_static,primary_task_object,precomputed_reference_mask_sequence,mask_2_4_pregrasp_static_07,test,E10,False,10,0.5
2,v1r_vis_s2_l4_pregrasp_static_07,4,pregrasp_static,bowl_on_plate,2456616261,v1r_vis_s2_l4_pregrasp_static_07_state,v1r_vis_s2_l4_pregrasp_static_07_points128,35,20,0.6,pregrasp_static,primary_task_object,precomputed_reference_mask_sequence,mask_2_4_pregrasp_static_07,test,E10_ORACLE_HIDDEN_GT,True,10,0.5
2,v1r_vis_s2_l4_pregrasp_static_07,4,pregrasp_static,bowl_on_plate,2456616261,v1r_vis_s2_l4_pregrasp_static_07_state,v1r_vis_s2_l4_pregrasp_static_07_points128,35,20,0.6,pregrasp_static,primary_task_object,precomputed_reference_mask_sequence,mask_2_4_pregrasp_static_07,test,E10,False,20,1.0
2,v1r_vis_s2_l4_pregrasp_static_07,4,pregrasp_static,bowl_on_plate,2456616261,v1r_vis_s2_l4_pregrasp_static_07_state,v1r_vis_s2_l4_pregrasp_static_07_points128,35,20,0.6,pregrasp_static,primary_task_object,precomputed_reference_mask_sequence,mask_2_4_pregrasp_static_07,test,E10_ORACLE_HIDDEN_GT,True,20,1.0
2,v1r_vis_s2_l4_pregrasp_static_08,4,pregrasp_static,bowl_on_plate,1355608476,v1r_vis_s2_l4_pregrasp_static_08_state,v1r_vis_s2_l4_pregrasp_static_08_points128,20,20,0.6,pregrasp_static,primary_task_object,precomputed_reference_mask_sequence,mask_2_4_pregrasp_static_08,test,E00_CLEAN,False,0,0.0
2,v1r_vis_s2_l4_pregrasp_static_08,4,pregrasp_static,bowl_on_plate,1355608476,v1r_vis_s2_l4_pregrasp_static_08_state,v1r_vis_s2_l4_pregrasp_static_08_points128,20,20,0.6,pregrasp_static,primary_task_object,precomputed_reference_mask_sequence,mask_2_4_pregrasp_static_08,test,E10,False,5,0.25
2,v1r_vis_s2_l4_pregrasp_static_08,4,pregrasp_static,bowl_on_plate,1355608476,v1r_vis_s2_l4_pregrasp_static_08_state,v1r_vis_s2_l4_pregrasp_static_08_points128,20,20,0.6,pregrasp_static,primary_task_object,precomputed_reference_mask_sequence,mask_2_4_pregrasp_static_08,test,E10_ORACLE_HIDDEN_GT,True,5,0.25
2,v1r_vis_s2_l4_pregrasp_static_08,4,pregrasp_static,bowl_on_plate,1355608476,v1r_vis_s2_l4_pregrasp_static_08_state,v1r_vis_s2_l4_pregrasp_static_08_points128,20,20,0.6,pregrasp_static,primary_task_object,precomputed_reference_mask_sequence,mask_2_4_pregrasp_static_08,test,E10,False,10,0.5
2,v1r_vis_s2_l4_pregrasp_static_08,4,pregrasp_static,bowl_on_plate,1355608476,v1r_vis_s2_l4_pregrasp_static_08_state,v1r_vis_s2_l4_pregrasp_static_08_points128,20,20,0.6,pregrasp_static,primary_task_object,precomputed_reference_mask_sequence,mask_2_4_pregrasp_static_08,test,E10_ORACLE_HIDDEN_GT,True,10,0.5
2,v1r_vis_s2_l4_pregrasp_static_08,4,pregrasp_static,bowl_on_plate,1355608476,v1r_vis_s2_l4_pregrasp_static_08_state,v1r_vis_s2_l4_pregrasp_static_08_points128,20,20,0.6,pregrasp_static,primary_task_object,precomputed_reference_mask_sequence,mask_2_4_pregrasp_static_08,test,E10,False,20,1.0
2,v1r_vis_s2_l4_pregrasp_static_08,4,pregrasp_static,bowl_on_plate,1355608476,v1r_vis_s2_l4_pregrasp_static_08_state,v1r_vis_s2_l4_pregrasp_static_08_points128,20,20,0.6,pregrasp_static,primary_task_object,precomputed_reference_mask_sequence,mask_2_4_pregrasp_static_08,test,E10_ORACLE_HIDDEN_GT,True,20,1.0
2,v1r_vis_s2_l4_pregrasp_static_09,4,pregrasp_static,bowl_on_plate,1821817038,v1r_vis_s2_l4_pregrasp_static_09_state,v1r_vis_s2_l4_pregrasp_static_09_points128,25,20,0.6,pregrasp_static,primary_task_object,precomputed_reference_mask_sequence,mask_2_4_pregrasp_static_09,test,E00_CLEAN,False,0,0.0
2,v1r_vis_s2_l4_pregrasp_static_09,4,pregrasp_static,bowl_on_plate,1821817038,v1r_vis_s2_l4_pregrasp_static_09_state,v1r_vis_s2_l4_pregrasp_static_09_points128,25,20,0.6,pregrasp_static,primary_task_object,precomputed_reference_mask_sequence,mask_2_4_pregrasp_static_09,test,E10,False,5,0.25
2,v1r_vis_s2_l4_pregrasp_static_09,4,pregrasp_static,bowl_on_plate,1821817038,v1r_vis_s2_l4_pregrasp_static_09_state,v1r_vis_s2_l4_pregrasp_static_09_points128,25,20,0.6,pregrasp_static,primary_task_object,precomputed_reference_mask_sequence,mask_2_4_pregrasp_static_09,test,E10_ORACLE_HIDDEN_GT,True,5,0.25
2,v1r_vis_s2_l4_pregrasp_static_09,4,pregrasp_static,bowl_on_plate,1821817038,v1r_vis_s2_l4_pregrasp_static_09_state,v1r_vis_s2_l4_pregrasp_static_09_points128,25,20,0.6,pregrasp_static,primary_task_object,precomputed_reference_mask_sequence,mask_2_4_pregrasp_static_09,test,E10,False,10,0.5
2,v1r_vis_s2_l4_pregrasp_static_09,4,pregrasp_static,bowl_on_plate,1821817038,v1r_vis_s2_l4_pregrasp_static_09_state,v1r_vis_s2_l4_pregrasp_static_09_points128,25,20,0.6,pregrasp_static,primary_task_object,precomputed_reference_mask_sequence,mask_2_4_pregrasp_static_09,test,E10_ORACLE_HIDDEN_GT,True,10,0.5
2,v1r_vis_s2_l4_pregrasp_static_09,4,pregrasp_static,bowl_on_plate,1821817038,v1r_vis_s2_l4_pregrasp_static_09_state,v1r_vis_s2_l4_pregrasp_static_09_points128,25,20,0.6,pregrasp_static,primary_task_object,precomputed_reference_mask_sequence,mask_2_4_pregrasp_static_09,test,E10,False,20,1.0
2,v1r_vis_s2_l4_pregrasp_static_09,4,pregrasp_static,bowl_on_plate,1821817038,v1r_vis_s2_l4_pregrasp_static_09_state,v1r_vis_s2_l4_pregrasp_static_09_points128,25,20,0.6,pregrasp_static,primary_task_object,precomputed_reference_mask_sequence,mask_2_4_pregrasp_static_09,test,E10_ORACLE_HIDDEN_GT,True,20,1.0
2,v1r_vis_s2_l4_transport_moving_00,4,transport_moving,bowl_on_plate,3038738936,v1r_vis_s2_l4_transport_moving_00_state,v1r_vis_s2_l4_transport_moving_00_points128,25,20,0.6,transport_moving,primary_task_object,precomputed_reference_mask_sequence,mask_2_4_transport_moving_00,test,E00_CLEAN,False,0,0.0
2,v1r_vis_s2_l4_transport_moving_00,4,transport_moving,bowl_on_plate,3038738936,v1r_vis_s2_l4_transport_moving_00_state,v1r_vis_s2_l4_transport_moving_00_points128,25,20,0.6,transport_moving,primary_task_object,precomputed_reference_mask_sequence,mask_2_4_transport_moving_00,test,E10,False,5,0.25
2,v1r_vis_s2_l4_transport_moving_00,4,transport_moving,bowl_on_plate,3038738936,v1r_vis_s2_l4_transport_moving_00_state,v1r_vis_s2_l4_transport_moving_00_points128,25,20,0.6,transport_moving,primary_task_object,precomputed_reference_mask_sequence,mask_2_4_transport_moving_00,test,E10_ORACLE_HIDDEN_GT,True,5,0.25
2,v1r_vis_s2_l4_transport_moving_00,4,transport_moving,bowl_on_plate,3038738936,v1r_vis_s2_l4_transport_moving_00_state,v1r_vis_s2_l4_transport_moving_00_points128,25,20,0.6,transport_moving,primary_task_object,precomputed_reference_mask_sequence,mask_2_4_transport_moving_00,test,E10,False,10,0.5
2,v1r_vis_s2_l4_transport_moving_00,4,transport_moving,bowl_on_plate,3038738936,v1r_vis_s2_l4_transport_moving_00_state,v1r_vis_s2_l4_transport_moving_00_points128,25,20,0.6,transport_moving,primary_task_object,precomputed_reference_mask_sequence,mask_2_4_transport_moving_00,test,E10_ORACLE_HIDDEN_GT,True,10,0.5
2,v1r_vis_s2_l4_transport_moving_00,4,transport_moving,bowl_on_plate,3038738936,v1r_vis_s2_l4_transport_moving_00_state,v1r_vis_s2_l4_transport_moving_00_points128,25,20,0.6,transport_moving,primary_task_object,precomputed_reference_mask_sequence,mask_2_4_transport_moving_00,test,E10,False,20,1.0
2,v1r_vis_s2_l4_transport_moving_00,4,transport_moving,bowl_on_plate,3038738936,v1r_vis_s2_l4_transport_moving_00_state,v1r_vis_s2_l4_transport_moving_00_points128,25,20,0.6,transport_moving,primary_task_object,precomputed_reference_mask_sequence,mask_2_4_transport_moving_00,test,E10_ORACLE_HIDDEN_GT,True,20,1.0
2,v1r_vis_s2_l4_transport_moving_01,4,transport_moving,bowl_on_plate,3709181935,v1r_vis_s2_l4_transport_moving_01_state,v1r_vis_s2_l4_transport_moving_01_points128,30,20,0.6,transport_moving,primary_task_object,precomputed_reference_mask_sequence,mask_2_4_transport_moving_01,test,E00_CLEAN,False,0,0.0
2,v1r_vis_s2_l4_transport_moving_01,4,transport_moving,bowl_on_plate,3709181935,v1r_vis_s2_l4_transport_moving_01_state,v1r_vis_s2_l4_transport_moving_01_points128,30,20,0.6,transport_moving,primary_task_object,precomputed_reference_mask_sequence,mask_2_4_transport_moving_01,test,E10,False,5,0.25
2,v1r_vis_s2_l4_transport_moving_01,4,transport_moving,bowl_on_plate,3709181935,v1r_vis_s2_l4_transport_moving_01_state,v1r_vis_s2_l4_transport_moving_01_points128,30,20,0.6,transport_moving,primary_task_object,precomputed_reference_mask_sequence,mask_2_4_transport_moving_01,test,E10_ORACLE_HIDDEN_GT,True,5,0.25
2,v1r_vis_s2_l4_transport_moving_01,4,transport_moving,bowl_on_plate,3709181935,v1r_vis_s2_l4_transport_moving_01_state,v1r_vis_s2_l4_transport_moving_01_points128,30,20,0.6,transport_moving,primary_task_object,precomputed_reference_mask_sequence,mask_2_4_transport_moving_01,test,E10,False,10,0.5
2,v1r_vis_s2_l4_transport_moving_01,4,transport_moving,bowl_on_plate,3709181935,v1r_vis_s2_l4_transport_moving_01_state,v1r_vis_s2_l4_transport_moving_01_points128,30,20,0.6,transport_moving,primary_task_object,precomputed_reference_mask_sequence,mask_2_4_transport_moving_01,test,E10_ORACLE_HIDDEN_GT,True,10,0.5
2,v1r_vis_s2_l4_transport_moving_01,4,transport_moving,bowl_on_plate,3709181935,v1r_vis_s2_l4_transport_moving_01_state,v1r_vis_s2_l4_transport_moving_01_points128,30,20,0.6,transport_moving,primary_task_object,precomputed_reference_mask_sequence,mask_2_4_transport_moving_01,test,E10,False,20,1.0
2,v1r_vis_s2_l4_transport_moving_01,4,transport_moving,bowl_on_plate,3709181935,v1r_vis_s2_l4_transport_moving_01_state,v1r_vis_s2_l4_transport_moving_01_points128,30,20,0.6,transport_moving,primary_task_object,precomputed_reference_mask_sequence,mask_2_4_transport_moving_01,test,E10_ORACLE_HIDDEN_GT,True,20,1.0
2,v1r_vis_s2_l4_transport_moving_02,4,transport_moving,bowl_on_plate,2299829994,v1r_vis_s2_l4_transport_moving_02_state,v1r_vis_s2_l4_transport_moving_02_points128,35,20,0.6,transport_moving,primary_task_object,precomputed_reference_mask_sequence,mask_2_4_transport_moving_02,test,E00_CLEAN,False,0,0.0
2,v1r_vis_s2_l4_transport_moving_02,4,transport_moving,bowl_on_plate,2299829994,v1r_vis_s2_l4_transport_moving_02_state,v1r_vis_s2_l4_transport_moving_02_points128,35,20,0.6,transport_moving,primary_task_object,precomputed_reference_mask_sequence,mask_2_4_transport_moving_02,test,E10,False,5,0.25
2,v1r_vis_s2_l4_transport_moving_02,4,transport_moving,bowl_on_plate,2299829994,v1r_vis_s2_l4_transport_moving_02_state,v1r_vis_s2_l4_transport_moving_02_points128,35,20,0.6,transport_moving,primary_task_object,precomputed_reference_mask_sequence,mask_2_4_transport_moving_02,test,E10_ORACLE_HIDDEN_GT,True,5,0.25
2,v1r_vis_s2_l4_transport_moving_02,4,transport_moving,bowl_on_plate,2299829994,v1r_vis_s2_l4_transport_moving_02_state,v1r_vis_s2_l4_transport_moving_02_points128,35,20,0.6,transport_moving,primary_task_object,precomputed_reference_mask_sequence,mask_2_4_transport_moving_02,test,E10,False,10,0.5
2,v1r_vis_s2_l4_transport_moving_02,4,transport_moving,bowl_on_plate,2299829994,v1r_vis_s2_l4_transport_moving_02_state,v1r_vis_s2_l4_transport_moving_02_points128,35,20,0.6,transport_moving,primary_task_object,precomputed_reference_mask_sequence,mask_2_4_transport_moving_02,test,E10_ORACLE_HIDDEN_GT,True,10,0.5
2,v1r_vis_s2_l4_transport_moving_02,4,transport_moving,bowl_on_plate,2299829994,v1r_vis_s2_l4_transport_moving_02_state,v1r_vis_s2_l4_transport_moving_02_points128,35,20,0.6,transport_moving,primary_task_object,precomputed_reference_mask_sequence,mask_2_4_transport_moving_02,test,E10,False,20,1.0
2,v1r_vis_s2_l4_transport_moving_02,4,transport_moving,bowl_on_plate,2299829994,v1r_vis_s2_l4_transport_moving_02_state,v1r_vis_s2_l4_transport_moving_02_points128,35,20,0.6,transport_moving,primary_task_object,precomputed_reference_mask_sequence,mask_2_4_transport_moving_02,test,E10_ORACLE_HIDDEN_GT,True,20,1.0
2,v1r_vis_s2_l4_transport_moving_03,4,transport_moving,bowl_on_plate,4246949033,v1r_vis_s2_l4_transport_moving_03_state,v1r_vis_s2_l4_transport_moving_03_points128,20,20,0.6,transport_moving,primary_task_object,precomputed_reference_mask_sequence,mask_2_4_transport_moving_03,test,E00_CLEAN,False,0,0.0
2,v1r_vis_s2_l4_transport_moving_03,4,transport_moving,bowl_on_plate,4246949033,v1r_vis_s2_l4_transport_moving_03_state,v1r_vis_s2_l4_transport_moving_03_points128,20,20,0.6,transport_moving,primary_task_object,precomputed_reference_mask_sequence,mask_2_4_transport_moving_03,test,E10,False,5,0.25
2,v1r_vis_s2_l4_transport_moving_03,4,transport_moving,bowl_on_plate,4246949033,v1r_vis_s2_l4_transport_moving_03_state,v1r_vis_s2_l4_transport_moving_03_points128,20,20,0.6,transport_moving,primary_task_object,precomputed_reference_mask_sequence,mask_2_4_transport_moving_03,test,E10_ORACLE_HIDDEN_GT,True,5,0.25
2,v1r_vis_s2_l4_transport_moving_03,4,transport_moving,bowl_on_plate,4246949033,v1r_vis_s2_l4_transport_moving_03_state,v1r_vis_s2_l4_transport_moving_03_points128,20,20,0.6,transport_moving,primary_task_object,precomputed_reference_mask_sequence,mask_2_4_transport_moving_03,test,E10,False,10,0.5
2,v1r_vis_s2_l4_transport_moving_03,4,transport_moving,bowl_on_plate,4246949033,v1r_vis_s2_l4_transport_moving_03_state,v1r_vis_s2_l4_transport_moving_03_points128,20,20,0.6,transport_moving,primary_task_object,precomputed_reference_mask_sequence,mask_2_4_transport_moving_03,test,E10_ORACLE_HIDDEN_GT,True,10,0.5
2,v1r_vis_s2_l4_transport_moving_03,4,transport_moving,bowl_on_plate,4246949033,v1r_vis_s2_l4_transport_moving_03_state,v1r_vis_s2_l4_transport_moving_03_points128,20,20,0.6,transport_moving,primary_task_object,precomputed_reference_mask_sequence,mask_2_4_transport_moving_03,test,E10,False,20,1.0
2,v1r_vis_s2_l4_transport_moving_03,4,transport_moving,bowl_on_plate,4246949033,v1r_vis_s2_l4_transport_moving_03_state,v1r_vis_s2_l4_transport_moving_03_points128,20,20,0.6,transport_moving,primary_task_object,precomputed_reference_mask_sequence,mask_2_4_transport_moving_03,test,E10_ORACLE_HIDDEN_GT,True,20,1.0
2,v1r_vis_s2_l4_transport_moving_04,4,transport_moving,bowl_on_plate,2014536842,v1r_vis_s2_l4_transport_moving_04_state,v1r_vis_s2_l4_transport_moving_04_points128,25,20,0.6,transport_moving,primary_task_object,precomputed_reference_mask_sequence,mask_2_4_transport_moving_04,test,E00_CLEAN,False,0,0.0
2,v1r_vis_s2_l4_transport_moving_04,4,transport_moving,bowl_on_plate,2014536842,v1r_vis_s2_l4_transport_moving_04_state,v1r_vis_s2_l4_transport_moving_04_points128,25,20,0.6,transport_moving,primary_task_object,precomputed_reference_mask_sequence,mask_2_4_transport_moving_04,test,E10,False,5,0.25
2,v1r_vis_s2_l4_transport_moving_04,4,transport_moving,bowl_on_plate,2014536842,v1r_vis_s2_l4_transport_moving_04_state,v1r_vis_s2_l4_transport_moving_04_points128,25,20,0.6,transport_moving,primary_task_object,precomputed_reference_mask_sequence,mask_2_4_transport_moving_04,test,E10_ORACLE_HIDDEN_GT,True,5,0.25
2,v1r_vis_s2_l4_transport_moving_04,4,transport_moving,bowl_on_plate,2014536842,v1r_vis_s2_l4_transport_moving_04_state,v1r_vis_s2_l4_transport_moving_04_points128,25,20,0.6,transport_moving,primary_task_object,precomputed_reference_mask_sequence,mask_2_4_transport_moving_04,test,E10,False,10,0.5
2,v1r_vis_s2_l4_transport_moving_04,4,transport_moving,bowl_on_plate,2014536842,v1r_vis_s2_l4_transport_moving_04_state,v1r_vis_s2_l4_transport_moving_04_points128,25,20,0.6,transport_moving,primary_task_object,precomputed_reference_mask_sequence,mask_2_4_transport_moving_04,test,E10_ORACLE_HIDDEN_GT,True,10,0.5
2,v1r_vis_s2_l4_transport_moving_04,4,transport_moving,bowl_on_plate,2014536842,v1r_vis_s2_l4_transport_moving_04_state,v1r_vis_s2_l4_transport_moving_04_points128,25,20,0.6,transport_moving,primary_task_object,precomputed_reference_mask_sequence,mask_2_4_transport_moving_04,test,E10,False,20,1.0
2,v1r_vis_s2_l4_transport_moving_04,4,transport_moving,bowl_on_plate,2014536842,v1r_vis_s2_l4_transport_moving_04_state,v1r_vis_s2_l4_transport_moving_04_points128,25,20,0.6,transport_moving,primary_task_object,precomputed_reference_mask_sequence,mask_2_4_transport_moving_04,test,E10_ORACLE_HIDDEN_GT,True,20,1.0
2,v1r_vis_s2_l4_transport_moving_05,4,transport_moving,bowl_on_plate,2330503420,v1r_vis_s2_l4_transport_moving_05_state,v1r_vis_s2_l4_transport_moving_05_points128,30,20,0.6,transport_moving,primary_task_object,precomputed_reference_mask_sequence,mask_2_4_transport_moving_05,test,E00_CLEAN,False,0,0.0
2,v1r_vis_s2_l4_transport_moving_05,4,transport_moving,bowl_on_plate,2330503420,v1r_vis_s2_l4_transport_moving_05_state,v1r_vis_s2_l4_transport_moving_05_points128,30,20,0.6,transport_moving,primary_task_object,precomputed_reference_mask_sequence,mask_2_4_transport_moving_05,test,E10,False,5,0.25
2,v1r_vis_s2_l4_transport_moving_05,4,transport_moving,bowl_on_plate,2330503420,v1r_vis_s2_l4_transport_moving_05_state,v1r_vis_s2_l4_transport_moving_05_points128,30,20,0.6,transport_moving,primary_task_object,precomputed_reference_mask_sequence,mask_2_4_transport_moving_05,test,E10_ORACLE_HIDDEN_GT,True,5,0.25
2,v1r_vis_s2_l4_transport_moving_05,4,transport_moving,bowl_on_plate,2330503420,v1r_vis_s2_l4_transport_moving_05_state,v1r_vis_s2_l4_transport_moving_05_points128,30,20,0.6,transport_moving,primary_task_object,precomputed_reference_mask_sequence,mask_2_4_transport_moving_05,test,E10,False,10,0.5
2,v1r_vis_s2_l4_transport_moving_05,4,transport_moving,bowl_on_plate,2330503420,v1r_vis_s2_l4_transport_moving_05_state,v1r_vis_s2_l4_transport_moving_05_points128,30,20,0.6,transport_moving,primary_task_object,precomputed_reference_mask_sequence,mask_2_4_transport_moving_05,test,E10_ORACLE_HIDDEN_GT,True,10,0.5
2,v1r_vis_s2_l4_transport_moving_05,4,transport_moving,bowl_on_plate,2330503420,v1r_vis_s2_l4_transport_moving_05_state,v1r_vis_s2_l4_transport_moving_05_points128,30,20,0.6,transport_moving,primary_task_object,precomputed_reference_mask_sequence,mask_2_4_transport_moving_05,test,E10,False,20,1.0
2,v1r_vis_s2_l4_transport_moving_05,4,transport_moving,bowl_on_plate,2330503420,v1r_vis_s2_l4_transport_moving_05_state,v1r_vis_s2_l4_transport_moving_05_points128,30,20,0.6,transport_moving,primary_task_object,precomputed_reference_mask_sequence,mask_2_4_transport_moving_05,test,E10_ORACLE_HIDDEN_GT,True,20,1.0
2,v1r_vis_s2_l4_transport_moving_06,4,transport_moving,bowl_on_plate,314057203,v1r_vis_s2_l4_transport_moving_06_state,v1r_vis_s2_l4_transport_moving_06_points128,35,20,0.6,transport_moving,primary_task_object,precomputed_reference_mask_sequence,mask_2_4_transport_moving_06,test,E00_CLEAN,False,0,0.0
2,v1r_vis_s2_l4_transport_moving_06,4,transport_moving,bowl_on_plate,314057203,v1r_vis_s2_l4_transport_moving_06_state,v1r_vis_s2_l4_transport_moving_06_points128,35,20,0.6,transport_moving,primary_task_object,precomputed_reference_mask_sequence,mask_2_4_transport_moving_06,test,E10,False,5,0.25
2,v1r_vis_s2_l4_transport_moving_06,4,transport_moving,bowl_on_plate,314057203,v1r_vis_s2_l4_transport_moving_06_state,v1r_vis_s2_l4_transport_moving_06_points128,35,20,0.6,transport_moving,primary_task_object,precomputed_reference_mask_sequence,mask_2_4_transport_moving_06,test,E10_ORACLE_HIDDEN_GT,True,5,0.25
2,v1r_vis_s2_l4_transport_moving_06,4,transport_moving,bowl_on_plate,314057203,v1r_vis_s2_l4_transport_moving_06_state,v1r_vis_s2_l4_transport_moving_06_points128,35,20,0.6,transport_moving,primary_task_object,precomputed_reference_mask_sequence,mask_2_4_transport_moving_06,test,E10,False,10,0.5
2,v1r_vis_s2_l4_transport_moving_06,4,transport_moving,bowl_on_plate,314057203,v1r_vis_s2_l4_transport_moving_06_state,v1r_vis_s2_l4_transport_moving_06_points128,35,20,0.6,transport_moving,primary_task_object,precomputed_reference_mask_sequence,mask_2_4_transport_moving_06,test,E10_ORACLE_HIDDEN_GT,True,10,0.5
2,v1r_vis_s2_l4_transport_moving_06,4,transport_moving,bowl_on_plate,314057203,v1r_vis_s2_l4_transport_moving_06_state,v1r_vis_s2_l4_transport_moving_06_points128,35,20,0.6,transport_moving,primary_task_object,precomputed_reference_mask_sequence,mask_2_4_transport_moving_06,test,E10,False,20,1.0
2,v1r_vis_s2_l4_transport_moving_06,4,transport_moving,bowl_on_plate,314057203,v1r_vis_s2_l4_transport_moving_06_state,v1r_vis_s2_l4_transport_moving_06_points128,35,20,0.6,transport_moving,primary_task_object,precomputed_reference_mask_sequence,mask_2_4_transport_moving_06,test,E10_ORACLE_HIDDEN_GT,True,20,1.0
2,v1r_vis_s2_l4_transport_moving_07,4,transport_moving,bowl_on_plate,3928307757,v1r_vis_s2_l4_transport_moving_07_state,v1r_vis_s2_l4_transport_moving_07_points128,20,20,0.6,transport_moving,primary_task_object,precomputed_reference_mask_sequence,mask_2_4_transport_moving_07,test,E00_CLEAN,False,0,0.0
2,v1r_vis_s2_l4_transport_moving_07,4,transport_moving,bowl_on_plate,3928307757,v1r_vis_s2_l4_transport_moving_07_state,v1r_vis_s2_l4_transport_moving_07_points128,20,20,0.6,transport_moving,primary_task_object,precomputed_reference_mask_sequence,mask_2_4_transport_moving_07,test,E10,False,5,0.25
2,v1r_vis_s2_l4_transport_moving_07,4,transport_moving,bowl_on_plate,3928307757,v1r_vis_s2_l4_transport_moving_07_state,v1r_vis_s2_l4_transport_moving_07_points128,20,20,0.6,transport_moving,primary_task_object,precomputed_reference_mask_sequence,mask_2_4_transport_moving_07,test,E10_ORACLE_HIDDEN_GT,True,5,0.25
2,v1r_vis_s2_l4_transport_moving_07,4,transport_moving,bowl_on_plate,3928307757,v1r_vis_s2_l4_transport_moving_07_state,v1r_vis_s2_l4_transport_moving_07_points128,20,20,0.6,transport_moving,primary_task_object,precomputed_reference_mask_sequence,mask_2_4_transport_moving_07,test,E10,False,10,0.5
2,v1r_vis_s2_l4_transport_moving_07,4,transport_moving,bowl_on_plate,3928307757,v1r_vis_s2_l4_transport_moving_07_state,v1r_vis_s2_l4_transport_moving_07_points128,20,20,0.6,transport_moving,primary_task_object,precomputed_reference_mask_sequence,mask_2_4_transport_moving_07,test,E10_ORACLE_HIDDEN_GT,True,10,0.5
2,v1r_vis_s2_l4_transport_moving_07,4,transport_moving,bowl_on_plate,3928307757,v1r_vis_s2_l4_transport_moving_07_state,v1r_vis_s2_l4_transport_moving_07_points128,20,20,0.6,transport_moving,primary_task_object,precomputed_reference_mask_sequence,mask_2_4_transport_moving_07,test,E10,False,20,1.0
2,v1r_vis_s2_l4_transport_moving_07,4,transport_moving,bowl_on_plate,3928307757,v1r_vis_s2_l4_transport_moving_07_state,v1r_vis_s2_l4_transport_moving_07_points128,20,20,0.6,transport_moving,primary_task_object,precomputed_reference_mask_sequence,mask_2_4_transport_moving_07,test,E10_ORACLE_HIDDEN_GT,True,20,1.0
2,v1r_vis_s2_l4_transport_moving_08,4,transport_moving,bowl_on_plate,3869980360,v1r_vis_s2_l4_transport_moving_08_state,v1r_vis_s2_l4_transport_moving_08_points128,25,20,0.6,transport_moving,primary_task_object,precomputed_reference_mask_sequence,mask_2_4_transport_moving_08,test,E00_CLEAN,False,0,0.0
2,v1r_vis_s2_l4_transport_moving_08,4,transport_moving,bowl_on_plate,3869980360,v1r_vis_s2_l4_transport_moving_08_state,v1r_vis_s2_l4_transport_moving_08_points128,25,20,0.6,transport_moving,primary_task_object,precomputed_reference_mask_sequence,mask_2_4_transport_moving_08,test,E10,False,5,0.25
2,v1r_vis_s2_l4_transport_moving_08,4,transport_moving,bowl_on_plate,3869980360,v1r_vis_s2_l4_transport_moving_08_state,v1r_vis_s2_l4_transport_moving_08_points128,25,20,0.6,transport_moving,primary_task_object,precomputed_reference_mask_sequence,mask_2_4_transport_moving_08,test,E10_ORACLE_HIDDEN_GT,True,5,0.25
2,v1r_vis_s2_l4_transport_moving_08,4,transport_moving,bowl_on_plate,3869980360,v1r_vis_s2_l4_transport_moving_08_state,v1r_vis_s2_l4_transport_moving_08_points128,25,20,0.6,transport_moving,primary_task_object,precomputed_reference_mask_sequence,mask_2_4_transport_moving_08,test,E10,False,10,0.5
2,v1r_vis_s2_l4_transport_moving_08,4,transport_moving,bowl_on_plate,3869980360,v1r_vis_s2_l4_transport_moving_08_state,v1r_vis_s2_l4_transport_moving_08_points128,25,20,0.6,transport_moving,primary_task_object,precomputed_reference_mask_sequence,mask_2_4_transport_moving_08,test,E10_ORACLE_HIDDEN_GT,True,10,0.5
2,v1r_vis_s2_l4_transport_moving_08,4,transport_moving,bowl_on_plate,3869980360,v1r_vis_s2_l4_transport_moving_08_state,v1r_vis_s2_l4_transport_moving_08_points128,25,20,0.6,transport_moving,primary_task_object,precomputed_reference_mask_sequence,mask_2_4_transport_moving_08,test,E10,False,20,1.0
2,v1r_vis_s2_l4_transport_moving_08,4,transport_moving,bowl_on_plate,3869980360,v1r_vis_s2_l4_transport_moving_08_state,v1r_vis_s2_l4_transport_moving_08_points128,25,20,0.6,transport_moving,primary_task_object,precomputed_reference_mask_sequence,mask_2_4_transport_moving_08,test,E10_ORACLE_HIDDEN_GT,True,20,1.0
2,v1r_vis_s2_l4_transport_moving_09,4,transport_moving,bowl_on_plate,2497388799,v1r_vis_s2_l4_transport_moving_09_state,v1r_vis_s2_l4_transport_moving_09_points128,30,20,0.6,transport_moving,primary_task_object,precomputed_reference_mask_sequence,mask_2_4_transport_moving_09,test,E00_CLEAN,False,0,0.0
2,v1r_vis_s2_l4_transport_moving_09,4,transport_moving,bowl_on_plate,2497388799,v1r_vis_s2_l4_transport_moving_09_state,v1r_vis_s2_l4_transport_moving_09_points128,30,20,0.6,transport_moving,primary_task_object,precomputed_reference_mask_sequence,mask_2_4_transport_moving_09,test,E10,False,5,0.25
2,v1r_vis_s2_l4_transport_moving_09,4,transport_moving,bowl_on_plate,2497388799,v1r_vis_s2_l4_transport_moving_09_state,v1r_vis_s2_l4_transport_moving_09_points128,30,20,0.6,transport_moving,primary_task_object,precomputed_reference_mask_sequence,mask_2_4_transport_moving_09,test,E10_ORACLE_HIDDEN_GT,True,5,0.25
2,v1r_vis_s2_l4_transport_moving_09,4,transport_moving,bowl_on_plate,2497388799,v1r_vis_s2_l4_transport_moving_09_state,v1r_vis_s2_l4_transport_moving_09_points128,30,20,0.6,transport_moving,primary_task_object,precomputed_reference_mask_sequence,mask_2_4_transport_moving_09,test,E10,False,10,0.5
2,v1r_vis_s2_l4_transport_moving_09,4,transport_moving,bowl_on_plate,2497388799,v1r_vis_s2_l4_transport_moving_09_state,v1r_vis_s2_l4_transport_moving_09_points128,30,20,0.6,transport_moving,primary_task_object,precomputed_reference_mask_sequence,mask_2_4_transport_moving_09,test,E10_ORACLE_HIDDEN_GT,True,10,0.5
2,v1r_vis_s2_l4_transport_moving_09,4,transport_moving,bowl_on_plate,2497388799,v1r_vis_s2_l4_transport_moving_09_state,v1r_vis_s2_l4_transport_moving_09_points128,30,20,0.6,transport_moving,primary_task_object,precomputed_reference_mask_sequence,mask_2_4_transport_moving_09,test,E10,False,20,1.0
2,v1r_vis_s2_l4_transport_moving_09,4,transport_moving,bowl_on_plate,2497388799,v1r_vis_s2_l4_transport_moving_09_state,v1r_vis_s2_l4_transport_moving_09_points128,30,20,0.6,transport_moving,primary_task_object,precomputed_reference_mask_sequence,mask_2_4_transport_moving_09,test,E10_ORACLE_HIDDEN_GT,True,20,1.0
